H A College Commerce, ,Gujarat,-,-,-
H C Boraiah Memorial Sc St First Grade College, ,Karnataka,-,-,-
H C D G College, ,Assam,-,-,-
"H C T School Of Nursing ,Baran", ,Rajasthan,-,-,-
H C Women'S College, ,Chhattisgarh,-,-,-
H D Jain College, ,Bihar,-,-,-
H H B Kotak Institute Science, ,Gujarat,-,-,-
"H H Bhadrabahu Swamiji Nursing School , Belgaum",BELGAUM ,Karnataka,-,-,-
"H I C T A N M School , Gwalior",GWALIOR ,Madhya Pradesh,-,-,-
"H I C T College , Gwalior",GWALIOR ,Madhya Pradesh,-,-,-
"H I C T G N M College,Gwalior",GWALIOR ,Madhya Pradesh,-,-,-
"H K E S College Of Nursing , Gulbarga",GULBARGA ,Karnataka,-,-,-
"H K E S Womens Polytechnic, Gulbarga", ,Karnataka,-,-,-
H K E S' Smt Chinamma Bisappapatil Arts Commerce College Karnataka, ,Karnataka,-,-,-
H K E Society M S I Arts Science Degree College, ,Karnataka,-,-,-
H K E Society Polytechnic, ,Karnataka,08472232465,-,-
"H K E Societys College Of Nursing,Gulbarga", ,Karnataka,220337/221532,contact@hkesociety.org,http://www.hkesociety.org
"H K E Societys School Of Nursing , Gulbarga",GULBARGA ,Karnataka,-,-,-
H K E Socity Polytechnic, ,Karnataka,08532251110,-,-
H K E Socity'S A V Patil Degree College Of Arts Science Commerce, ,Karnataka,-,-,-
H K E Socity'S A V Patil Degree College Of Arts Science Commerce, ,Karnataka,-,-,-
H K E Socitys Basaveshwar College Education, ,Karnataka,-,-,-
H K E'S Smt V G College For Women'S, ,Karnataka,-,-,-
H K Es S S Margol College Arts Science Commerce Shasabad, ,Karnataka,-,-,-
H K Es Sri Prabhu Arts Science And J M Bohra Commerce College Sholapur, ,Karnataka,-,-,-
H K H College,THENI ,Tamil Nadu,-,-,-
H K Institute of Management Studies and Research, ,Maharashtra,+91?22?26774639/26774588,mba.admissions@hkcollege.ac.in,http://www.hkimsr.edu.in
"H K L College Of Nursing , Firozpur",FIROZPUR ,Punjab,-,-,-
H K Veerana Gowdh First Grade College, ,Karnataka,-,-,-
H L G Government College Tauru, ,Haryana,-,-,-
H L Institute Commerce, ,Gujarat,-,-,-
H L Institute Commerce C O H L Commerce College Comp Gujarat, ,Gujarat,-,-,-
H L Institute Computer Applications, ,Gujarat,-,-,-
H L Patel Arts And Commerce College, ,Gujarat,-,-,-
H L. M GIRLS COLLEGE, ,Uttar Pradesh,-,-,-
"H M R School Of Nursing , Bangalore",BANGALORE ,Karnataka,-,-,-
"H M S Polytechnic, Tumkur", ,Karnataka,"9449305305,988612182",-,-
H M S Rural Polytechnic, ,Karnataka,"9449305305,9886121682",-,-
H M V Arts And Commerce College, ,Gujarat,-,-,-
H Madhya Pradeshatel Institute English Training And Research, ,Gujarat,-,-,-
H N Doshi Arts R N Doshi College Commerce, ,Gujarat,-,-,-
"H N S School Of Nursing , Gulbarga",GULBARGA ,Karnataka,-,-,-
H P P C Government First Grade College, ,Karnataka,-,-,-
H P S College, ,Bihar,-,-,-
H R College Amanour, ,Bihar,-,-,-
H R College Bihar, ,Bihar,-,-,-
H R Sri Ramalu Memorial Arts Science College, ,Karnataka,-,-,-
H S College Bihar, ,Bihar,-,-,-
H S College Haveli Hkharagpur, ,Bihar,-,-,-
H. B. Patel Institute Of Diploma Engg. & Technology, ,Gujarat,-,hbpateldiploma@gmail.com,www.hbpateldiplomacollege.com
H. K. E. Societys Seth Shankarlal Lahoti Law College,GULBARGA ,Karnataka,"08472-233056,08472-246135,9141714810",snypy@yahoo.comksbsharan@gmail.com,www.geocities.com/ssl.lawcollege
H. N. B Garhwal University,PAURI ,Uttaranchal,01368-222275,-,-
H. S. Law College, ,Uttar Pradesh,"05742-234408,9412281522",-,-
H.B. B.ED. COLLEGE, ,Maharashtra,-,-,-
H.B.T. Institute, ,Uttar Pradesh,-,-,-
H.C. P.G.College, ,Uttar Pradesh,-,-,-
H.D. TEACHER TRAINING INSTITUTE, ,Rajasthan,-,-,-
H.D.TEACHER TRAINING COLLEGE, ,Haryana,-,-,-
H.Govindrao Pansare Mahavidyalaya, ,Maharashtra,-,-,-
H.H. MARTHOMA MATHEWS TEACHER TRAINING COLLEGE, ,Kerala,-,-,-
H.H. Memorial Law College, ,Karnataka,-,-,-
H.H. Memorial Law College, ,Karnataka,-,-,-
H.H. The Rajas College,PUDUKOTAI ,Tamil Nadu,04322:221558,info@hhrajahs.com,:www.hhrajahs.com
H.I.M. GIRLS COLLEGE, ,Uttar Pradesh,-,-,-
H.I.S. Degree College,EAST GODAVARI ,Andhra Pradesh,08865–272423,hiscollegeadd@yahoo.co.in,-
H.J. INSTITUTE OF EDUCATION & TECHNOLOGY, ,Haryana,-,-,-
H.J. Thim College of Arts & Science, ,Maharashtra,-,-,-
H.K.C.C..M. INSTITUTE OF MANAGEMENT RESEARCH & DEVELOPMENT,AHMEDNAGAR ,Maharashtra,0241-2324898,imrrd@india.com,-
H.K.D.E. TRUSTS COLLEGE OF EDUCATION, ,Karnataka,-,-,-
"H.K.D.E.Ts Dental College, Hospital & Research Intitute, Bidar",BIDAR ,Karnataka,"08483-270381,271963",-,www.hkdetdentalcollege.com
"H.K.E. Soceitys Narayan Shree Homoeopathic Medical College,",BHOPAL ,Madhya Pradesh,-,-,-
H.K.E. Societys P.D.A. Engineering College, ,Karnataka,-,-,-
"H.K.E. Societys, S. Nijalingappa Institute of Dental Sciences & Research , Gulbarga",GULBARGA ,Karnataka,08472-247745,dental@hkesociety.org,www.dental.hkesociety.org
"H.K.E.S.s College of Pharmacy , Gulbarga",GULBARGA ,Karnataka,"(08472)(O)221392,(R)235186,(M)9844439453",hkescop1111@rediffmail.com,www.pharmacy.hkesociety.org
H.K.E.SOCIETY S BASAVESHWAR COLLEGE OF EDUCATION, ,Karnataka,-,-,-
H.K.INSTITUTE OF MANAGEMENT STUDIES & RESEARCH,MUMBAI ,Maharashtra,-,admissions@hkcollege.ac.in,-
H.K.R.H. College,THENI ,Tamil Nadu,-,howdia@sancharnet.in,-
H.K.T. TEACHER TRAINING COLLEGE, ,Punjab,-,-,-
H.L. AGRAWAL COLLEGE OF EDUCATION, ,Madhya Pradesh,-,-,-
H.L.M. COLLEGE, ,Uttar Pradesh,-,-,-
H.L.M. College, ,Uttar Pradesh,-,-,-
H.L.M. Law College,GHAZIABAD ,Uttar Pradesh,"0120-283343,9811017387(M),9999310385",-,-
H.L.Y. DEGREE COLLEGE, ,Uttar Pradesh,-,-,-
"H.M. Degree College, Punganur",PUNGANUR ,Andhra Pradesh,08581–250414,-,-
"H.M. Degree College, Rayachoti",RAYACHOTI ,Andhra Pradesh,"08561–254188,257847",-,-
H.M. TRAINING COLLEGE, ,Kerala,-,-,-
H.M.H.Degree College, ,Uttar Pradesh,-,-,-
"H.M.S. Education Society,H.M.S. College of Pharmacy , Tumkur",TUMKUR ,Karnataka,+919448083157/+919880483157,vp@hmsit.ac.in,www.hmsit.ac.in
H.N TEACHER TRAINING COLLEGE, ,Haryana,-,-,-
H.N. Bahuguna Degree College, ,Uttar Pradesh,-,-,-
H.N. SHUKLA COLLEGE OF MANAGEMENT STUDIES, ,Gujarat,0281-3298393,-,www.hnsmba.org
H.N.S.GARHWAL UNIVERSITY, ,Uttaranchal,-,-,-
H.O.INSTITUTE OF EDUCATION AND TECHNOLOGY, ,Haryana,-,-,-
"H.P. Govt. Dental College & Hospital , Shimla",SHIMLA ,Himachal Pradesh,0177-2658838,dirdhs-@nic.in,www.hp.gov.in
H.P. INSTITUTE OF MGT. STUDIES,SHIMLA ,Himachal Pradesh,-,krishnaeducationalsociety@yahoo.co.in,-
H.P.T. Arts & R.Y.K.Science College, ,Maharashtra,-,-,-
H.R. College Of Commerce & Economics, ,Maharashtra,-,-,-
H.R.D. Degree College,NARAYANGUDA ,Andhra Pradesh,23222973,-,-
"H.R.D. Degree College, Nalgonda",DEVERAKONDA ,Andhra Pradesh,-,-,-
H.R.Institute of Technology,GHAZIABAD ,Uttar Pradesh,"0120-2679179,2679173,2679175",hritgzb@gmail.com,www.hrit.ac.in
"H.R.Patel Institute of Pharmacy , Dhule",DHULE ,Maharashtra,"(02563)257599,9850223277","principal@hrpatelpharmacy.co.in,registrar@hrpatelpharmacy.co.in",www.hrpatelpharmacy.co.in
H. S. Law College,AGRA ,Uttar Pradesh,"05742-234408,9412281522",-,-
H.S.A. Degree College, ,Uttar Pradesh,-,-,-
H.V. Desai College Of Artsscience & Commcollege, ,Maharashtra,-,-,-
H.V.P. Mandal's College Of Gineering & Technology, ,Maharashtra,0721-2566566,principal@hvpmcoet.edu.in,http://www.hvpmcoet.edu.in/
H.V.TEACHER TRAINING INSTITUTE, ,Karnataka,-,-,-
HAARDIK TEACHER TRAINING COLLEGE, ,Punjab,-,-,-
HADI RANI TEACHER TRAINING COLLEGE, ,Rajasthan,-,-,-
HAESs Smt KA Jigalur Arts & Commerce College, ,Karnataka,-,-,-
HaesS Smt K A Jigalur Arts Commerce College, ,Karnataka,-,-,-
Hafiz Rehmat Khan Law College,CHANDAULI ,Uttar Pradesh,05882-258588,info@hrklawcollege.com,www.hrklawcollege.com/
Hahnemann Homoeopathic Medical College,BHOPAL ,Madhya Pradesh,-,-,-
Haindavi College,HYDERABAD ,Andhra Pradesh,55783920,-,-
HAIS PRE PRIMARY TEACHER TRAINING INSTITUTE, ,Kerala,-,-,-
"Haji Abdul Majid Memorial Nursing School , Nagaon",NAGAON ,Assam,-,-,-
Haji C.H. Mohammed Koya Memorial College for Advanced Studies, ,Kerala,"0470-2667302,2667617",enquiry@chmm.edu.in,www.chmm.edu.in
HAJI ISMAIL DEGREE COLLEGE, ,Uttar Pradesh,-,-,-
HAJI S.M.S. SHAIK JALALUDEEN TEACHER TRAINING INSTITUTE, ,Tamil Nadu,-,-,-
"Haji Sheik Ismail Polytechnic College, Nagapattinam", ,Tamil Nadu,04365293800,principal_hsipc@yahoo.com,www.hsicolleges.com
HAKEEM HARBANS SINGH NEW ERA TEACHER TRAINING COLLEGE, ,Haryana,-,-,-
Hakeem Mehtabuddin Hashmi College of Law, ,Uttar Pradesh,"9319462386,9358311284",-,-
"Hakim Kishori Lal School Of Nursing , Ferozepur",FIROZPUR ,Punjab,-,-,-
Halakura College,DHUBURI ,Assam,238098,-,-
"Halamma School Of Nursing , Bagalkot",BAGALKOT ,Karnataka,-,-,-
"Halamma School Of Nursing , Bagalkot",BAGALKOT ,Karnataka,-,-,-
HALAPPA KOTE B.ED COLLLEGE, ,Karnataka,-,-,-
Haldia Government College, ,West Bengal,-,-,-
"Haldia Institute of Dental Sciences and Research, Midnapore",MEDINIPUR ,West Bengal,+91-3222-269057/269058,hidsar_haldia@yahoo.com,www.hidsar.org
"Haldia Institute Of Nursing Science , Medinipur",MEDINIPUR ,West Bengal,-,-,-
"Haldia Institute Of Nursing Science , Purba Medinipur", ,West Bengal,-,-,-
Haldia Institute Of Technology.,EAST MEDINIPUR ,West Bengal,03224-252800/255010,hithaldia@yahoo.com,www.hit-haldia.net
Haldia Law College,MEDINIPUR ,West Bengal,03224-255355/255356,admission@hlc.in,www.hlc.in/
Halflong Government College, ,Assam,-,-,-
HALIM MUSLIM COLLEGE, ,Uttar Pradesh,-,-,-
Halim Muslim Degree (PG) College, ,Uttar Pradesh,-,-,-
HALIM MUSLIM P.G. COLLEGE, ,Uttar Pradesh,-,-,-
HALLMARK BUSINESS SCHOOL,TRICHY ,Tamil Nadu,-,info@hbs.ac.in,-
"Halo Nursing School,Osmanabad",OSMANABAD ,Maharashtra,-,-,-
HAMANTH MEMORIAL EDUCATION SOCIETY, ,Karnataka,-,-,-
"Hamdard Institute of Medical Sciences & Research, New Delhi", ,Delhi,26059688,shridhar.dwivedi@gmail.com,http://himsr.org/
HAMDARD WELFARE TRUSTS ASHRAFEE TEACHER TRAINING INSTITUTE, ,Karnataka,-,-,-
HAMEED PIYARE COLLEGE EDUCATION, ,Karnataka,-,-,-
Hamidabad College,NAGAON ,Assam,-,-,-
Hamidia Girls Degree College, ,Uttar Pradesh,-,-,-
"Hamidia Hospital , School Of Nursing,Bhopal",BHOPAL ,Madhya Pradesh,-,-,-
HAMIRPUR COLLEGE OF ELEMENTARY TEACHER EDUCATION, ,Himachal Pradesh,-,-,-
HANAMGOWDA PATIL SMARA TEACHER TRAINING INSTITUTE, ,Karnataka,-,-,-
Handa College Education, ,Jammu and Kashmir,-,-,-
HANDIA (PG) COLLEGE, ,Uttar Pradesh,-,-,-
Handia Degree College, ,Uttar Pradesh,-,-,-
HANDIA P.G. COLLEGE, ,Uttar Pradesh,-,-,-
"Handia Polytechnic, Handia", ,Uttar Pradesh,05332-284024,-,-
HANDIA POST GRADUATE COLLEGE, ,Uttar Pradesh,-,-,-
HANDIA POST GRADUATE COLLEGE, ,Uttar Pradesh,-,-,-
Handique Girls' College,KAMRUP ,Assam,0361-2543793,info@hgcollege.org,-
HANEEFA KUNJU MEMORIAL COLLEGE OF EDUCATION, ,Kerala,-,-,-
Hans Raj College, ,Delhi,"+91-11-27667747,+91-11-27667458",contact@hansrajcollege.co.in,www.hansrajcollege.com
HANS RAJ DAV TEACHER TRAINING COLLEGE, ,Punjab,-,-,-
Hans Raj Mahila College, ,Punjab,-,-,-
HANS RAJ MEMORIAL TEACHER TRAINING COLLEGE, ,Punjab,-,-,-
HANS TEACHERS TRAINIG COLLEGE, ,Rajasthan,-,-,-
HANSARAJ JEEVANDAS COLLEGE OF EDUCATION, ,Maharashtra,-,-,-
Hansraj Jiwandas College Of Education, ,Maharashtra,-,-,-
HANTRAN TEACHERS TRAINING COLLEGE, ,Rajasthan,-,-,-
Hanuman Vyamshala Krida Mandals Physical Education College, ,Maharashtra,-,-,-
"Hanumant School Of Nursing , Bhavnagar",BHAVNAGAR ,Gujarat,-,-,-
HANUMAT VIDYAPEETH WOMEN TEAVHERS TRAINING COLLEGE, ,Rajasthan,-,-,-
HAPPY CHILD SHIKSHA SAMITI, ,Haryana,-,-,-
HAPPY INSTITUTE OF EDUCATION, ,Haryana,-,-,-
HAPPY TEACHER TRAINING COLLEGE, ,Haryana,-,-,-
HAPPY VALLEY BUSINESS SCHOOL,COIMBATORE ,Tamil Nadu,0422-2656523/2656623/2656923,bschool@happyvalley.in,www.happyvalley.in
HAR SAHAI P.G. COLLEGE, ,Uttar Pradesh,-,-,-
Harakejamd Chouradia College, ,Madhya Pradesh,-,-,-
"Haralaiah Polytechnic, Bhalki", ,Karnataka,08484262356,-,-
HARANAHALLI RAMASWAMY INSTITUTE OF HIGHER EDU,HASSAN ,Karnataka,08172â€“245551,hriheh@gmail.com,http://www.hriheh.org
Harasankar Bhattacharya Institute of Tech. & Mining, ,,(0341)2444196,-,-
"Harbilas Bal & Mahila Chikitsalay , Lucknow",LUCKNOW ,Uttar Pradesh,-,-,-
Harcourt Butler Technological Institute,KANPUR ,Uttar Pradesh,0512-2534001-05,hbti@hbti.edu,-
HARDEKR MANJAPPA D ED COLLEGE, ,Karnataka,-,-,-
Harhi College, ,Assam,-,-,-
HARI ADARSH INSTITUTE OF EDUCATION, ,Uttar Pradesh,-,-,-
Hari College of Law,SAHARANPUR ,Uttar Pradesh,-,info@harieducation.org,-
"Hari College of Law,",SAHARANPUR ,Uttar Pradesh,01331-243737,hit_nakursancharnet.in,-
Hari Das Institute of Legal Studies And Research,MATHURA ,Uttar Pradesh,-,-,-
HARI INSTITUTE OF TECHNOLOGY, ,Uttar Pradesh,-,-,-
HARI OM SHIV OM TEACHER TRAINING COLLEGE, ,Haryana,-,-,-
HARI SEWA SANSKRIT SHIKSHAK PRASHIKSHAN VIDYALAYA, ,Rajasthan,-,-,-
Hari Shankar Prasad Law College,BALLIA ,Uttar Pradesh,05498-236342,admin@jamunaramdegreecollege.com,www.jamunaramdegreecollege.com
"Hari Uday Institute Of Nursing Science,Morena", ,Madhya Pradesh,-,-,-
Haribai Warpudkar Polytechnic, ,Maharashtra,0245224979,warpudkar.poly@gmail.com,www.lhwpoly.org
Harichandra Mahavidhyalaya,VARANASI ,Uttar Pradesh,-,-,-
Harideojoshi Rajkiya Kanya Mahavidyalaya, ,Rajasthan,-,-,-
Harihar Prasad Mahavidyalaya, ,Uttar Pradesh,-,-,-
HARIHARESHWARA VIDYA SAMSTHE VIVEKANANDA T.T.I, ,Karnataka,-,-,-
Harinarain Singh Institute of Teacher's Education, ,Bihar,-,-,-
Haringata Mahavidyalya, ,West Bengal,-,-,-
HARISH CHANDRA (PG) COLLEGE, ,Uttar Pradesh,"0542-2440042,09919986360",-,-
Harish Chandra Degree College, ,Uttar Pradesh,-,-,-
HARISH CHANDRA POST GRADUATE COLLEGE, ,Uttar Pradesh,"0542-2503693,2502918",fmthcpg@sify.com,-
HARISH MORE SHARIRIK SHIKSHAN MAHAVIDYALAYA, ,Maharashtra,-,-,-
HARISHCHANDRA DEGREE COLLEGE, ,Uttar Pradesh,-,-,-
Harishchandra Mahavidyalaya, ,Uttar Pradesh,-,-,-
"Haritha College Of Nursing , East Godavari",EAST GODAVARI ,Andhra Pradesh,-,-,-
"Haritha School Of Nursing , Kakinada",KAKINADA ,Andhra Pradesh,-,-,-
Harivallabhdas Kalidas Arts College, ,Gujarat,-,-,-
Harkamaya College of Education, ,Sikkim,03592232384,hce_gtk@yahoo.in,www.hcesikkim.org
HARLAL INSTITUTE OF MANAGEMENT & TECHNOLOGY,NOIDA ,Uttar Pradesh,0120-2326510,himtnoida@yahoo.co.in,-
HARLAL INSTITUTE OF MANAGEMENT & TECHNOLOGY, ,Uttar Pradesh,-,-,-
Harlal School of Law, ,Uttar Pradesh,(91)-(120)-2326880/2326510/2326817,"info@hsl.ac.in,principal@hsl.ac.in",www.himt.ac.in
HARMAN DAS LEKHRAJ INSTITUTE OF EDUCATION, ,Rajasthan,-,-,-
Harmukh College Education, ,Jammu and Kashmir,-,-,-
Harsahay Degree College, ,Uttar Pradesh,-,-,-
"Harsarn Dass Dental College,",GHAZIABAD ,Uttar Pradesh,"011-2768449,3200049,0120-2768449,,2768797,",-,-
"Harsarn Dass Dental College, Ghaziabad",GHAZIABAD ,Uttar Pradesh,"011-2768449,3200049,0120-2768449,,2768797,",-,-
HARSH MAHAVIDYALAYA, ,Uttar Pradesh,-,-,-
Harsh Mahila Mahavidyalaya, ,Uttar Pradesh,-,-,-
"Harsh School Of Nursing,Buldhana",BULDANA ,Maharashtra,-,-,-
HARSH TEACHER TRAINING COLLEGE, ,Haryana,-,-,-
HARSH TEACHER TRAINING COLLEGE, ,Rajasthan,-,-,-
"Harsha College Of Nursing , Bangalore",BANGALORE ,Karnataka,-,-,-
"Harsha School Of Nursing,Bangalore",BANGALORE ,Karnataka,-,-,-
"Harshit School Of Nursing,Lucknow",LUCKNOW ,Uttar Pradesh,-,-,-
HARSHIT TEACHERS TRAINING INSTITUTE, ,Karnataka,-,-,-
Harshith Group of Institutions, ,Andhra Pradesh,"08414?237009,9912934642,9848088760",info@hgih.ac.in,www.hgih.ac.in
HARUDHARA SHIKSHAK PRASHIKSHAN MAHAVIDYALAYA, ,Rajasthan,-,-,-
Harur Muthu Arts And Science College For Women,DHARMAPURI ,Tamil Nadu,-,-,-
Harvansh Daya Parkash Shyamo Devi Degree College, ,Uttar Pradesh,-,-,-
"Harvard Degree College, Thondangi",EAST GODAVARI ,Andhra Pradesh,"08854–276320,276420",-,-
"Haryana College Of Nursing , Sirsa",SIRSA ,Haryana,-,-,-
Haryana College of Special Education & Rehabilitation,FARIDABAD ,Haryana,"09818374065,9310030031",hesesr@yahoo.com,-
HARYANA COLLEGE OF TEACHER TRAINING, ,Haryana,-,-,-
Haryana College of Technology & Management., ,Haryana,"01746-280100-03,9810005965","hctm98@rediffmail.com,hctm98@yahoo.com",http://www.hctmkaithal-edu.org/
HARYANA INSTITUTE OF BUSINESS MANAGEMENT,BAHADURGARH ,Haryana,-,-,-
HARYANA INSTITUTE OF EDUCATION, ,Haryana,-,-,-
Haryana Institute of Technology, ,Haryana,01276-645158,ceohitgroup@gmail.com,www.hit.net.in
Haryana Polytechnic Institute, ,Haryana,"094663-65368,09416372029,",-,-
HARYANA SCHOOL OF BUSINESS,HISSAR ,Haryana,-,-,-
"Haryana School Of Nursing , Sirsa",SIRSA ,Haryana,-,-,-
HARYANA SHEKWATI DRAHMCHARYA ASHRAM, ,Haryana,-,info@haryanashekhawatiashram.org,-
HARYANA TEACHER TRAINING COLLEGE, ,Haryana,-,-,-
HARYANA TEACHER TRAINING COLLEGE, ,Haryana,-,-,-
HARYANA TEACHER TRAINING COLLEGE, ,Haryana,-,-,-
HASANAMBA COLLEGE OF EDUCATION, ,Karnataka,-,-,-
HASANAMBA COLLEGE OF EDUCATION, ,Karnataka,-,-,-
Hasananmba College Education, ,Karnataka,-,-,-
HASHMATRAI AND GANGARAM HIMATHMAL MANSUKHANI INSTITUTE OF MANAGEMENT,THANE ,Maharashtra,0251-3951485,hsnc-mms2005@yahoogroups.com,www.hsncb-mgmt.org.in
Hashmi Girls Degree College, ,Uttar Pradesh,-,-,-
Hashu Advani College of Special Education,CHEMBUR ,Maharashtra,022-25531041/25530451/25561040,-,-
Hasmukh Goswami College of Engineering, ,Gujarat,(02718)247138,hgceahmedabad@gmail.com,www.hgce.org
Hasnath College For Women, ,Karnataka,-,-,-
"Hassan Institute of Medical Sciences, Hasssan", ,Karnataka,08172-250330,info@hims-hassan.org/directorhims@yahoo.com,www.hims-hassan.org
Hassan Shah Kohie Hami Memorial Government Degree College, ,Jammu and Kashmir,-,-,-
Hasvita Institute of Engineering & Technology HIET,KEESARA ,Andhra Pradesh,08418–284883/28482/284880,aohiet@gmail.com,www.hasvita.com
Hatidhura College, ,Assam,-,-,-
Havanur College of Law,BANGALORE ,Karnataka,080-64536800/64536798/99,admin@havnurcollege.org,www.havnurcollege.org/
HAVERD INSTITUTE OF MANGEMENT & TECHNOLOGY, ,Uttar Pradesh,-,-,-
HAWABAG WOMANS COLLEGE, ,Madhya Pradesh,-,-,-
Hawabagh Womens College, ,Madhya Pradesh,-,-,-
Hayagriva Polytechnic College, ,Tamil Nadu,"04132697279,04132697278,9443409393",hpcpdy@gmail.com,-
"Hayat Institute Of Nursing ,Lucknow",LUCKNOW ,Uttar Pradesh,-,-,-
HAYATHUL ISLAM ORPHANGE TEACHER TRAINING INSTITUTE, ,Kerala,-,-,-
"Hayward Institute Of Nursing & Science , Gwalior",GWALIOR ,Madhya Pradesh,-,-,-
"Hayward Institute Of Nursing & Sciences,Gwalior", ,Madhya Pradesh,-,-,-
HAZARI LAL DEGREE COLLEGE, ,Uttar Pradesh,-,-,-
HAZARI LAL DEGREE COLLEGE, ,Uttar Pradesh,-,-,-
"Hazaribag College of Dental Sciences and Hospital , Hazaribag",HAZARIBAG ,Jharkhand,"+919431141455,9431140322,ForMoreDetailsConta",info@hcdsh.com,www.hcdsh.com
HAZRAT SAYED FATEH SH VALI TEACHERS TRAINING INSTITUTE, ,Karnataka,-,-,-
Hbservicess, ,Tamil Nadu,9884987719,education@hbservices.in,http://www.hbservices.in/
HDPY B.ED COLLEGE, ,Kerala,-,-,-
"Healing Touch School Of Nursing , Hyderabad",HYDERABAD ,Andhra Pradesh,-,-,-
"Health & Family Welfare Training Centre , Amritsar",AMRITSAR ,Punjab,-,-,-
"Health & Hygiene Nursing Education Institute ,Alwar",ALWAR ,Rajasthan,-,-,-
"Health Taining And Research Centre , Arunachal Pradesh",EAST SIANG ,Arunachal Pradesh,-,-,-
"Health Worker Female Training Centre,Sikar", ,Rajasthan,-,-,-
"Health Worker mahila Trg Centre,Gorakhpur",GORAKHPUR ,Uttar Pradesh,-,-,-
"Health Worker mahila Trg. Centre , Almora",ALMORA ,Uttaranchal,-,-,-
"Health Worker mahila Trg. Centre , Dehradun",DEHRADUN ,Uttaranchal,-,-,-
"Health Worker mahila Trg. Centre , Haldwani",HALDWANI ,Uttaranchal,-,-,-
"Health Worker mahila Trg. Centre , Paurigarhwal", ,Uttaranchal,-,-,-
"Health Worker mahila Trg. Centre , Rampur", ,Uttar Pradesh,-,-,-
"Health Worker mahila Trg. Centre ,Gonda", ,Uttar Pradesh,-,-,-
"Health Worker mahila Trg. Centre ,Saharanpur",SAHARANPUR ,Uttar Pradesh,-,-,-
"Health Worker mahila Trg. Centre,Bahraich", ,Uttar Pradesh,-,-,-
"Health Worker mahila Trg. Centre,Basti",BASTI ,Uttar Pradesh,-,-,-
"Health Worker mahila Trg. Centre,Bijnore",BIJNOR ,Uttar Pradesh,-,-,-
"Health Worker mahila Trg. Centre,Deoria",DEORIA ,Uttar Pradesh,-,-,-
"Health Worker mahila Trg. Centre,Faizabad",FAIZABAD ,Uttar Pradesh,-,-,-
"Health Worker mahila Trg. Centre,Jhansi",JHANSI ,Uttar Pradesh,-,-,-
"Health Worker mahila Trg. Centre,Kheeri", ,Uttar Pradesh,-,-,-
"Health Worker mahila Trg. Centre,Lucknow",LUCKNOW ,Uttar Pradesh,-,-,-
"Health Worker mahila Trg. Centre,Mainpuri", ,Uttar Pradesh,-,-,-
"Health Worker mahila Trg. Centre,Mirzapur", ,Uttar Pradesh,-,-,-
"Health Worker mahila Trg. Centre,Moradabad",MORADABAD ,Uttar Pradesh,-,-,-
"Health Worker mahila Trg. Centre,Muzaffarnagar",MUZAFFARNAGAR ,Uttar Pradesh,-,-,-
"Health Worker mahila Trg. Centre,Pilibhit", ,Uttar Pradesh,-,-,-
"Health Worker mahila Trg. Centre,Pratapgarh", ,Uttar Pradesh,-,-,-
"Health Worker mahila Trg. Centre,Raibareli",BAREILLY ,Uttar Pradesh,-,-,-
"Health Worker mahila Trg. Centre,Shahjahanpur", ,Uttar Pradesh,-,-,-
"Health Worker mahila Trg. Centre,Sultanpur", ,Uttar Pradesh,-,-,-
"Health Worker mahila Trg. Centre,Varanasi",VARANASI ,Uttar Pradesh,-,-,-
"Health Workers Training School , Aizawal",AIZAWL ,Mizoram,-,-,-
"Heartland College Of Nursing , Bangalore",BANGALORE ,Karnataka,-,-,-
"Heavy Engg. Corp Ltd , School Of Nursing , Ranchi",RANCHI ,Jharkhand,-,-,-
HEERA LAL YADAV BALIKA DEGREE COLLEGE, ,Uttar Pradesh,"91-9415468242,+91-9452241953,+91-9415797940",-,http://hlygdc.com
Heeralal Yadav Balika Degree College, ,Uttar Pradesh,-,-,-
Heeralal Yadav Law College,LUCKNOW ,Uttar Pradesh,-,info@hlygdc.com,-
Helen Kellar's Institute of Research and Rehabilitation  for the Disabled Children,HYDERABAD ,Andhra Pradesh,040-27115266/08562-241593,helenkellers1@rediffmail.com,www.helenkellersinstitute.org
Helen Keller College of Special Education (HI),CUDDAPAH ,Andhra Pradesh,08562-241593,pdkhan62@redifmail.com,-
"Helen Keller Govt. Teacher Training Centre for the Visually Handicapped Children, Govt. of Karnataka",MYSORE ,Karnataka,-,-,-
Helen Kellers Institute of Deaf and Blind,MUMBAI ,Maharashtra,022-23087052/23018211,hkidbind@bom5.vsnl.net.in,-
Helen Kellers School for the Deaf,CUDDAPAH ,Andhra Pradesh,9849311680.,"ukpatanbaba@yahoo.com,hkaslp@gmail.com",-
"Helen Rose School Of Nursing,Yavatmal",YAVATMAL ,Maharashtra,-,-,-
"Help School Of Nursing , Vijayawada",VIJAYAWADA ,Andhra Pradesh,"0866-2440554,0866-2585204",-,-
HEMADRI B.ED COLLEGE, ,Karnataka,-,-,-
Hemchandracharya North Gujarat University,PATAN ,Gujarat,"91-2766-230456,230427,230133,230428",reg@ugu.ac.in,www.ngu.ac.in
HEMCHANDRACHARYA NORTH GUJARAT UNIVERSITY, ,Gujarat,"02766-220116,09925213800",hodmhm@ngu.ac.in,www.ngu.ac.in
Hemoprova Barbera Girls College, ,Assam,-,-,-
Hemwati Nandan Bahuguna Garhwal University, ,Uttaranchal,01346-252143(o),registrar.hnbgu@gmail.com,www.hnbgu.ac.in
Henry Baker College,KOTTAYAM ,Kerala,"0482-2291014,290096",-,-
Heramba Chandra College, ,West Bengal,-,-,-
Herambhu Business School, ,Andhra Pradesh,9396765179,-,http://www.herambhu.com/
"HerbalCross Institute of Pharmacy HIP , Cuttack",CUTTACK ,Orissa,-,-,-
HERITAGE COLLEGE OF PHYSICAL EDUCATION, ,Haryana,-,-,-
"Heritage Institute of Hotel and Tourism, Agra", ,Uttar Pradesh,"0562-2330935,2232833",info@hihtworld.com,http://www.hihtworld.com/agra/
"Heritage Institute Of Nursing & Paramedical Institute , Varanasi",VARANASI ,Uttar Pradesh,-,-,-
Heritage Institute of Technology.,KOLKATA ,West Bengal,0332243-0454/56/57/1255/56/57/58,admin@heritageeit.edu,www.heritageit.edu
HERITAGE INTERNATIONAL BUSINESS SCHOOL, ,Uttar Pradesh,-,-,-
"Heritage School Of Nursing & Paramedical Institute,Varanasi",VARANASI ,Uttar Pradesh,-,-,-
"Heritage School Of Nursing , Fatehabad", ,Haryana,-,-,-
Hetampur Rajbati Primary Teacher's Training Institute, ,West Bengal,-,-,-
"Hewett Polytechnic, Lucknow", ,Uttar Pradesh,0522-2325097,principalhpl14@gmail.com,hewettpolytechnic.org
"Hi Tech College of Pharmacy , Bhubaneswar",BHUBANESWAR ,Orissa,(808)933-7664,-,http://pharmacy.uhh.hawaii.edu/
"Hi Tech School Of Nursing , Khurda",KHURTA ,Orissa,-,-,-
Hi-Point College of Engineering & Technology, ,Andhra Pradesh,08417-253044to08417-253046,info@hipointcollege.com,http://www.hipointcollege.com/
Hi-Tech College of Engineering & Technology, ,Andhra Pradesh,"08413-235170,71",hitech_enggcollege@yahoo.co.in,http://www.htec.ac.in/
Hi-Tech Institute of Engineering,GHAZIABAD ,Uttar Pradesh,"0120-2765031,3226871",director@hiet.org,www.hiet.org
Hi-Tech Institute of Engineering & Management, ,Orissa,-,-,-
Hi-Tech Institute of Information & Technology, ,Orissa,"06755-223412,223413",info@hit.ac.in,www.hit.ac.in
HI-TECH INSTITUTE OF INFORMATION TECHNOLOGY (HIIT),JAYPORE ,Orissa,-,-,-
Hi-Tech Institute Of Technology,AURANGABAD ,Maharashtra,(0240)2553495/96,info@hightechengg.org,www.hitechengg.org
HI-TECH INSTITUTE OF TECHNOLOGY, ,Uttar Pradesh,-,-,-
"Hi-Tech Medical College & Hospital, Rourkela", ,Orissa,+91-661-2400751,vbctmchrourkela@yahoo.com,www.hi-techmedicalrkl.org
Hidayatullah National Law University,RAIPUR ,Chhattisgarh,771-4080114,registrar@hnlu.ac.in,www.hnlu.ac.in
Hidayatullah National Law University Hnlu,RAIPUR ,Chhattisgarh,"0771-4080117,4080114",registrar@hnlu.ac.in,http://hnlu.ac.in
Hierank Business School, ,Uttar Pradesh,95-1202400514,placement@hierank.org/info@hierank.org,http://www.hierank.org/
HIGHER EDUCATION OF TECHINCAL INSTITUTE, ,Uttar Pradesh,-,-,-
HIGHER SEC SCHOOL KALLUPPALA TEACHER TRAINING INSTITUTE, ,Tamil Nadu,-,-,-
"Hightech Polytechnic, Gowribidanur", ,Karnataka,-,-,-
HIHT University, ,Uttaranchal,910594833608,info@hihtuniversity.edu.in,www.hihtuniversity.edu.in
HILAL EDUCATION SOCIET (R), ,Karnataka,-,-,-
Hill College, ,Manipur,-,-,-
"Hill Side College Of Nursing , Bangalore",BANGALORE ,Karnataka,-,-,-
HILL VALLEY COLLEGE OF EDUCATION FOR WOMEN, ,Kerala,-,-,-
"Hill View Nursing School , Ranchi",RANCHI ,Jharkhand,-,-,-
Hills College of Teacher Education, ,Arunachal Pradesh,-,-,-
"Hillside College Of Nursing,Bangalore",BANGALORE ,Karnataka,-,-,-
HILLSIDE INSTITUTE OF MGT. &  ACADEMY,BANGALORE ,Karnataka,080-26392911/12,-,-
"Hillside School Of Nursing , Bangalore",BANGALORE ,Karnataka,-,-,-
HILTON TEACHERS TRAINING INSTITUTE, ,Tamil Nadu,-,-,-
"Him Navodaya Sikshan Sansthan , Chamba",CHAMBA ,Himachal Pradesh,-,-,-
"Himachal Dental College, Mandi",MANDI ,Himachal Pradesh,"9815101462,9815160155,9814602144,9417236368",drvikasjindal@yahoo.co.in,www.hdc.ac.in
"Himachal Institute of Dental Sciences , Sirmour",SIRMAUR ,Himachal Pradesh,"+91-01704-223298,+91-97290-90155,+91-92185-60",hids.ps@gmail.com,www.hids.ac.in
HIMACHAL INSTITUTE OF EDUCATION, ,Himachal Pradesh,-,-,-
"Himachal Institute Of Nursing , Sirmour",SIRMAUR ,Himachal Pradesh,-,-,-
HIMACHAL INSTITUTEOF EDUCATION, ,Himachal Pradesh,-,-,-
Himachal Pradesh Agricultural University, ,Himachal Pradesh,91(1894)230521,vc@hillagric.org,http://www.hillagric.ac.in/
Himachal Pradesh College of Law,SIRMAUR ,Himachal Pradesh,-,-,-
Himachal Pradesh Technical University, ,Himachal Pradesh,01972-224152,-,http://www.himtu.ac.in/
Himachal Pradesh University,SHIMLA ,Himachal Pradesh,"2830273,2830434",VCHPU@jla.vsnl.net.in,www.hpuniv.nic.in		
Himachal Pradesh University Evening College, ,Himachal Pradesh,-,-,-
HIMACHAL TEACHER TRAINING COLLEGE, ,Himachal Pradesh,-,-,-
"Himalaya Modern School Of Nursing , Gurdaspur",GURDASPUR ,Punjab,-,-,-
HIMALAYA TEACHER TRAINING COLLEGE, ,Haryana,-,-,-
HIMALAYAN COLLEGE, ,Uttaranchal,-,-,-
Himalayan College Education, ,Jammu and Kashmir,-,-,-
"Himalayan College Of Nursing , Dehradun",DEHRADUN ,Uttaranchal,-,-,-
HIMALAYAN DOON ACADAMY, ,Uttaranchal,-,-,-
"Himalayan Group Of Professional Institution , Mandi",MANDI ,Himachal Pradesh,-,-,-
Himalayan institute of Medical Sciences,DEHRADUN ,Uttaranchal,0135-2412045,hihtb@sancharnet.in,www.hihtuniversity.edu.in
"Himalayan Institute of Medical Sciences, Dehradun", ,Uttaranchal,0135-2412045/2412081Extn.220,hihtb@sancharnet.in,www.hihtindia.org
HIMALAYAN INSTITUTE OF MGT, ,Himachal Pradesh,+91-1702308500-508,info@himalayaninstitutions.com,http://www.himalayaninstitutions.com
"Himalayan Institute Of Nursing,Ambala",AMBALA ,Haryana,-,-,-
Himalayan Institute of Technology and Management, ,Uttar Pradesh,+91-9125000514,info@hitmlucknow.ac.in,www.hitmlucknow.ac.in
"Himalayan Instt. Hospital Trust, , School Of Nursing, Dehradun",DEHRADUN ,Uttaranchal,-,-,-
"Himalayan School Of Nursing , Sirmour",SIRMAUR ,Himachal Pradesh,-,-,-
"Himalyan Institute Of Health Sciences , Mandi",MANDI ,Himachal Pradesh,-,-,-
Himalyan Institute of Pharmacy, ,Himachal Pradesh,-,-,-
"Himalyan Pharmacy Institute , Gangtok",GANGTOK ,Sikkim,"03592-246462,9932352629","amitoli@rediffmail.com,hpinstitute@yahoo.co.in",www.res.ac.in
Himalyan Polytechnic, ,Himachal Pradesh,01702-3038529,himalyanpolytechnic@gmail.com,-
HIMCAPES CoOperative School of Law,UNA ,Himachal Pradesh,09418021693,-,-
"Himcapes School Of Nursing , Una",UNA ,Himachal Pradesh,01975-282206,-,-
HIMGIRI EDUCATIONAL INSTITUTE, ,Uttaranchal,"0989763904609411779164,09411326691",Paras_kaushik84@yahoo.com,http://mvcm.co.in
HIMGIRI NABH VISHWAVIDYALAYA, ,Uttaranchal,-,-,-
Himgiri Zee University, ,Uttaranchal,"0135-2102676,2110005","info@hzu.edu.in,himgirizeeuniversity@gmail.com",www.himgirizeeuniversity.edu.in
Himmat Nagar Kelwani Mandal Law College,HIMMATNAGAR ,Gujarat,-,hkmptc@sancharnet.in,-
HIMTAJ DEGREE COLLEGE, ,Uttar Pradesh,5452-234966,-,-
"Hina College Of Nursing , Bangalore",BANGALORE ,Karnataka,-,-,-
"Hina School Of Nursing , Bangalore",BANGALORE ,Karnataka,-,-,-
"Hind College Of Nursing , Barabanki",BARABANKI ,Uttar Pradesh,-,-,-
"Hind Institute of Medical Sciences , Barabanki",BARABANKI ,Uttar Pradesh,"05248-227787,226685,221399","admin@himsup.com,mail@himsup.com",www.himsup.com
"Hind School Of Nursing,Barabanki",BARABANKI ,Uttar Pradesh,-,-,-
HIND TEACHERS TRAINING COLLEGE, ,Rajasthan,-,-,-
Hindi Mahavidayalaya,NALGONDA ,Andhra Pradesh,27616330,info@hindimahavidyalaya.org,www.hindimahavidyalaya.org
HINDI PRACHARA KENDRA, ,Kerala,"0480-2802145,2802146,2894982",info@hindipracharakendra.org,http://www.hindipracharakendra.org
Hindi Teacher's Training Institute, ,Orissa,"480-2802145,2802146",info@hindipracharakendra.org,www.hindipracharakendra.org/contents/viewcontent.a
Hindi Teachers Training College, ,Manipur,-,-,-
Hindu College,GUNTUR ,Andhra Pradesh,"0863–2220134,222649",hindu77@sancharnet.in,-
Hindu College, ,Uttar Pradesh,-,-,-
Hindu College, ,Haryana,-,-,-
Hindu College, ,Punjab,-,-,-
Hindu College,DELHI ,Delhi,27667184,hinducol@del3.vsnl.net.in,www.hinducollege.org
Hindu College, ,Andhra Pradesh,-,-,-
Hindu College Education, ,Haryana,-,-,-
HINDU COLLEGE OF EDUCATION, ,Uttar Pradesh,-,-,-
HINDU COLLEGE OF EDUCATION, ,Uttar Pradesh,-,-,-
Hindu College of Engineering, ,Haryana,0130-2212756,hce.snp@vidyasonepat.com,http://www.hcesonepat.org
Hindu College of Engineering and technology, ,Andhra Pradesh,7675012314,nk7675012314@gmail.com,http://www.hinduengg.com/
Hindu College Of Management, ,Andhra Pradesh,08672-220002,hcmbamtm@yahoo.com,www.hcmtm.ac.in
"Hindu College of Pharmacy , Guntur",GUNTUR ,Andhra Pradesh,"2221935,2217783",hinducollegeofpharmacy@yahoo.com,www.hcopgnt.com
"Hindu College of Pharmacy , SONEPAT",SONIPAT ,Haryana,0130-2221568/0130-2221072,hcpsnp@hry.nic.in,www.vidyasonepat.com
Hindu Degree College, ,Uttar Pradesh,-,-,-
Hindu Degree College For Women,HYDERABAD ,Andhra Pradesh,040-55505981,hindu.hyd@yahoo.co.in,http://www.hinducollegeforwomen.com
Hindu Girls College, ,Haryana,-,-,-
HINDU GIRLS COLLEGE, ,Uttar Pradesh,-,-,-
Hindu Girls College, ,Haryana,-,-,-
HINDU INSTITUTE OF MANAGEMENT, ,Haryana,"01302244474,2242596",edirector@gmail.com,http://himsonepat.org
HINDU INSTITUTE OF MANAGEMENT & TECHNOLOGY,ROHTAK ,Haryana,-,info@himtrtk.com,-
Hindu Kanya College, ,Punjab,-,-,-
Hindu Kanya Mahavidyalaya, ,Punjab,-,-,-
Hindu Kanya Mahavidyalaya, ,Haryana,-,-,-
HINDU KANYA MAHAVIDYALAYA, ,Uttar Pradesh,-,-,-
Hindu Kanya Mahavidyalaya (PG) College, ,Uttar Pradesh,-,-,-
"Hindu Mission School Of Nursing , Chennai",CHENNAI ,Tamil Nadu,-,-,-
"Hindu Rao Hospital , Malkaganj",DELHI ,Delhi,-,-,-
"Hindu Rao Hospital, Delhi",DELHI ,Delhi,011-23973946,-,-
HINDU TEACHER TRAINING COLLEGE, ,Haryana,-,-,-
HINDU TEACHER TRAINING COLLEGE, ,Haryana,-,-,-
HINDU TEACHER TRAINING COLLEGE, ,Haryana,-,-,-
HINDU TEACHER TRAINING COLLEGE, ,Haryana,-,-,-
HINDU TEACHER TRAINING COLLEGE, ,Haryana,-,-,-
Hindustan Academy - Bangalore,BANGALORE ,Karnataka,"0484-6491736,09947855075",haeas@rediffmail.com,www.hindustanacademy.com
HINDUSTAN AVIATION ACADEMY, ,Karnataka,70253,admissions.hindustan2016@gmail.com,www.hindustanacademy.edu.in
"Hindustan College Of Nursing,Gulbarga",GULBARGA ,Karnataka,-,-,-
Hindustan College of Science & Technology,MATHURA ,Uttar Pradesh,"0565-2763369,2763423",shardain01@rediffmail.com,www.hcst.in
Hindustan elect. Academy polytechnic, ,Karnataka,"25238650,25232217",-,-
Hindustan Institute Of Engineering Technology,TRICHY ,Tamil Nadu,-,hetc@vsnl.com,-
HINDUSTAN INSTITUTE OF MANAGEMENT & COMPUTER STUDIES, ,Uttar Pradesh,"0565-2763368,2763704",registrar_himes@yahoo.co.in,-
Hindustan Institute of Technology,NOIDA ,Uttar Pradesh,"0120-2522442,285074",Shardain01@rediffmail.com,-
Hindustan Institute of Technology & Management, ,Haryana,"093555-47203,204,205,208",info@hitm.ac.in,www.hitm.ac.in
Hindustan Institute of Technology Tamil Nadu,COIMBATORE ,Tamil Nadu,0422-2561633/44/66,info@hindusthan.net,www.hindusthan.net
Hindustan Polytechnic College, ,Tamil Nadu,9626666441,881principal@gmail.com,www.hindusthan.net
Hindustan Shipyard Degree College,VISAKHAPATNAM ,Andhra Pradesh,0891–2760293,-,-
Hindustan University Chennai, ,Tamil Nadu,91-44-22341389/22342508/22340968,career@hindustanuniv.ac.in,www.hindustanuniv.ac.in/
HINDUSTANI EDUCATION SOCIETY, ,Maharashtra,-,-,-
Hindusthan College Of Arts And Science,COIMBATORE ,Tamil Nadu,+91422–2561633/44/66,info@hindusthan.net,www.hindusthan.net
Hindusthan College Of Arts And Science,CHENNAI ,Tamil Nadu,-,info@hindusthan.net,-
HINDUSTHAN COLLEGE OF EDUCATION, ,Tamil Nadu,+91422-2561633/44/66,bed@hindusthan.net,http://www.hindusthan.net
Hindusthan College Of Engineering & Technology,COIMBATORE ,Tamil Nadu,"0422-2611833,2611844",info@hindusthan.net.,www.hindusthan.net
HIRA B.ED COLLEGE, ,Karnataka,-,-,-
HIRA LAL RAM NIWAS P.G. DEGREE COLLEGE, ,Uttar Pradesh,-,-,-
HIRA LAL RAM NIWAS P.G. DEGREE COLLEGE, ,Uttar Pradesh,-,-,-
Hira Nand Mahavidyalaya, ,Uttar Pradesh,-,-,-
Hira Sugar Institute Of Technology,BELGAUM ,Karnataka,08333-278887,prin_hit@rediffmail.com,www.hitnidasoshi.org
Hirachand Nemchand College Of Commerce, ,Maharashtra,0217-2653206,hnccmba@sancharnet.in,www.hnccmba.org
Hirakud College, ,Orissa,-,-,-
Hiralal Bharat College, ,West Bengal,-,-,-
Hiralal Ramniwas Post Graduate College, ,Uttar Pradesh,-,-,-
Hiralal Ramniwas Post-graduate College, ,Uttar Pradesh,-,-,-
"Hiranandani College Of Nursing , Mumbai",MUMBAI ,Maharashtra,-,-,-
HIREKERUR TALUKA VIDYAVARDHAK SAHAKARI SANGHA LTD., ,Karnataka,-,-,-
HIREMATH SAMSTHAN VIDYAPEETH TRUST, ,Karnataka,-,-,-
Hislop College, ,Maharashtra,-,-,-
"Hitech City College Of Nursing,Gulbarga",GULBARGA ,Karnataka,-,-,-
"Hitech College Of Nursing , Bhubaneshwar",BHUBANESWAR ,Orissa,-,-,-
"HiTech Dental College & hospital , Bhubaneswar",BHUBANESWAR ,Orissa,"0674-2371406,2371407",dental@hi-techmedical.org,www.hi-techgroup.org
Hitech Polytechnic College, ,Tamil Nadu,"9361097363,9442600905,9442600906",hitechpark@yahoo.co.in,hitechpolytechnic.org
"Hitech School Of Nursing ,Bhubaneswar",BHUBANESWAR ,Orissa,-,-,-
Hitkari Co Operative Shrmjivi Evening College, ,Rajasthan,-,-,-
HITKARI CO.OP WOMENS COLLEGE OF EDUCATION, ,Rajasthan,-,-,-
HITKARI TEACHER TRAINING COLLEGE, ,Haryana,-,-,-
Hitkarini Arts Commerce & Science College, ,Madhya Pradesh,-,-,-
"Hitkarini Dental College & Hospital, Jabalpur",JABALPUR ,Madhya Pradesh,"+91-761-2600303,2600366.",hdch@rediffmail.com,www.hdch.hitkarini.com
Hitkarini Law College,JABALPUR ,Madhya Pradesh,91-761-2401160,hlc@hitkarini.com,www.hlc.hitkarini.com
Hitkarini Mahila College, ,Madhya Pradesh,-,-,-
Hitkarini Prashikshan Mahila Mahavidyalaya, ,Madhya Pradesh,-,-,-
Hitkarni College of Engineering Technology,JABALPUR ,Madhya Pradesh,"0761-2600222,2600223,2310270",admission@hcet.hitkarini.com,www.hitkarni.com
HITKORI CO-UP WOMANS EDUCATION, ,Rajasthan,-,-,-
Hits Degree College,HYDERABAD ,Andhra Pradesh,-,-,-
HKBK College of Engineering,BANGALORE ,Karnataka,080-25441722/3744/3690/3698,info@hkbkeducation.org,www.hkbkeducation.org
Hkdet Polytechnic, ,Karnataka,-,-,-
HKE Society's PDA Engineering College, ,Karnataka,-,-,-
HKEs SLN College of Engineering,RAICHUR ,Karnataka,08352-251048/251033,admib@yahoomail.com,www.hkestech.raichur.com
"HKESs Matoshree Taradevi Rampure, Institute of Pharmaceutical Sciences , Gulbarga",GULBARGA ,Karnataka,-,-,-
HKL TEACHER TRAINING COLLEGE, ,Punjab,-,-,-
HLM COLLEGE, ,Uttar Pradesh,-,-,-
HMR Institute of Technology and Management,DELHI ,Delhi,011-27708614-17,hmritm@sify.com,-
HMS Institute Of Technology,TUMKUR ,Karnataka,0816-2243678/2243677,info@hmsit.ac.in,www.hmsit.ac.in
HMS TEACHERS TRAINING INSTITUTE, ,Karnataka,-,-,-
Hojai College,NAGAON ,Assam,252163,-,-
"Holdsworth Memorial College Of Nursing , Mysore",MYSORE ,Karnataka,-,-,-
HOLIM MUSLIM P.G COLLEGE, ,Uttar Pradesh,-,-,-
"Holistic School Of Nursing,Sirsa",SIRSA ,Haryana,-,-,-
Holkar Science College, ,Madhya Pradesh,-,-,-
Holy Angels School of Business, ,Tamil Nadu,"04328?275079,2701206",info@hasb.co.in,http://www.hasb.co.in
HOLY ANGELS TEACHER TRAINING INSTITUTE FOR WOMEN, ,Tamil Nadu,-,-,-
Holy Child B.Ed College, ,West Bengal,-,-,-
HOLY CRESCENT COLLEGE OF EDUCATION, ,Kerala,-,-,-
Holy Cross College,TRICHY ,Tamil Nadu,-,hcctrichyin@yahoo.co.in,-
Holy Cross College,TRICHY ,Tamil Nadu,0431-2704343/2700637/2700923,Emailholyrchab@usa.net,-
HOLY CROSS COLLEGE OF EDUCATION, ,Tamil Nadu,-,-,-
"Holy Cross College Of Nursing , Kollam",KOLLAM ,Kerala,-,-,-
"Holy Cross College of Nursing , SURGUJA", ,Chhattisgarh,07774-235034,-,www.holycrossnursingcollege.org
"Holy Cross College of Nursing , SURGUJA", ,Chhattisgarh,07774-235034,-,www.holycrossnursingcollege.org
"Holy Cross College, Nagercoil",NAGARCOIL ,Tamil Nadu,-,holycrossngc@dataone.in,-
Holy Cross Degree College For Women,HYDERABAD ,Andhra Pradesh,23026907,-,-
Holy Cross Engineering College, ,Tamil Nadu,04630-294455,info@holycrossengineeringcollege.com,www.holycrossengineeringcollege.com
Holy Cross Home Science College,TUTICORIN ,Tamil Nadu,-,-,-
"Holy Cross Hospital , School Of Nursing , Ambikapur", ,Chhattisgarh,91-07774-223205,-,www.holycrossnursingcollege.org
"Holy Cross Hospital, College Of Nursing,Surguja", ,Chhattisgarh,-,-,-
Holy Cross Institute Of Management And Technology,KOZHIKODE ,Kerala,-,-,-
"Holy Cross School Of Nursing , Chamrajnagar", ,Karnataka,-,-,-
"Holy Cross School Of Nursing , Hyderabad",HYDERABAD ,Andhra Pradesh,-,-,-
"Holy Cross School Of Nursing,Pathanamthitta",PATHANAMTHITTA ,Kerala,-,-,-
HOLY CROSS TEACHER TRAINING INSTITUTE, ,Tamil Nadu,-,-,-
HOLY CROSS TEACHER TRAINING INSTITUTE, ,Tamil Nadu,-,-,-
HOLY FAITH PG COLLEGE,MANDAL ,Andhra Pradesh,-,-,-
"Holy Family College Of Nursing , Idukki",IDUKKI ,Kerala,-,-,-
"Holy Family Hospital , Delhi",DELHI ,Delhi,-,-,-
"Holy Family Hospital , Koderma", ,Jharkhand,-,-,-
"Holy Family Hospital , School Of Nursing , Ranchi",RANCHI ,Jharkhand,-,-,-
"Holy Family Hospital , School Of Nursing,New Delhi",DELHI ,Delhi,-,-,-
"Holy Family Hospital ,College Of Nursing,New Delhi",DELHI ,Delhi,-,-,-
"Holy Family Institute Of Nursing Education, Thane",THANE ,Maharashtra,-,-,-
"Holy Family School Of Nursing , Bangalore",BANGALORE ,Karnataka,-,-,-
"Holy Family School Of Nursing,Idukki",IDUKKI ,Kerala,-,-,-
HOLY FAMILY TRAINING COLLEGE FOR WOMEN, ,Kerala,-,-,-
"Holy Fatima School of Nursing , Hyderabad",HYDERABAD ,Andhra Pradesh,-,-,-
HOLY FLOWERS TEACHER TRAINING INSTITUTE, ,Pondicherry,-,-,-
"Holy Ghost Mission Hospital,Kottayam", ,Kerala,-,-,-
HOLY GRACE ACADEMY OF MANAGEMENT STUDIES, ,Kerala,0480-28971440480-3293889/2893366,holygraceacdy@rediffmail.com,www.holygracebschool.org
Holy Institute Of Technology, ,Orissa,"9861045308,94370919,9777499997",-,-
Holy Jesus & Mary Pg College Of Computer  Science,SECUNDERABAD ,Andhra Pradesh,-,-,-
"Holy Mary College Of Nursing , Hyderabad",HYDERABAD ,Andhra Pradesh,-,info@holymarynursingcollege.org,-
Holy Mary Institute Of Tech. & Science, ,Andhra Pradesh,"08415-200488,200255,200253",admissions@hitscolleges.com,http://www.hitscolleges.com/
Holy Mary Institute of Technology & Management, ,Andhra Pradesh,"08415-200488,200255,200253",exambranchhitscoe@gmail.com,http://www.hits.ac.in/
"Holy Mother Institute Of Nursing , Bangalore",BANGALORE ,Karnataka,-,-,-
HOLY MOTHER PG COLLEGE,HYDERABAD ,Andhra Pradesh,-,holy@hmpgc.com,-
"Holy Nursing School , Muktsar",MUKTSAR ,Punjab,-,-,-
"Holy Spirit Institute Of Nursing Education , Mumbai",MUMBAI ,Maharashtra,-,-,-
"Holy Spirit School Of Nursing, Mumbai",MUMBAI ,Maharashtra,-,-,-
HOLY TRINITY COLLEGE OF EDUCATION, ,Tamil Nadu,-,htceducation2007@gmail.com,-
"HOME SCIENCE COLLEGE AND RESEARCH INSTITUTE,MADURAI",MADURAI ,Tamil Nadu,-,-,-
"Homi Bhabha National Institute,", ,Maharashtra,"022-25505050/25505010,",-,http://www.hbni.ac.in/
Homoeopathic Medical College,AKOLA ,Maharashtra,-,-,-
Homoeopathic Medical College and Hospital,CHANDIGARH ,Chandigarh,-,-,-
Homoeopathic Medical College and Hospital,GULBARGA ,Karnataka,-,-,-
Homoeopathy University, ,Rajasthan,+91-141-6597001-3,info@homoeopathyuniversity.org,www.homoeopathyuniversity.org
Hon'able Loksevak Madhukarrao Chaudhari College of Pharmacy, ,Maharashtra,-,-,-
Hooghly B.C. Roy Institute, ,West Bengal,33-26805460,hooghlyb.c.royinstitute@india.com,hbcri.org
Hooghly Engineering & Technology College, ,West Bengal,+913326810505/26804121/5702,mail@hetc.ac.in,www.hetc.ac.in
Hooghly Institute of Technology, ,West Bengal,2680-2065,-,-
Hooghly Mohsin College,CHINSURAH ,West Bengal,9133-26802252,info@hooghlymohsincollege.org,www.hooghlymohsincollege.org/
"Hooghly Pratyay Vidyaniketan, A N M Training School , Hooghly",HOOGHLY ,West Bengal,-,-,-
Hooghly Womens College, ,West Bengal,-,-,-
HOPE,DURGAPUR ,West Bengal,-,-,-
Hope Educational and Welfare Trust, ,West Bengal,-,-,-
Horizon Institute of Technology,RANGAREDDY ,Andhra Pradesh,-,-,-
"Horsley Hills College Of Nursing,Chittoor",CHITOOR ,Andhra Pradesh,-,-,-
"Horsleyhills College Of Nursing , Chittoor",CHITOOR ,Andhra Pradesh,-,-,-
"HORTICULTURAL COLLEGE AND RESEARCH INSTITUTE,PERIYAKULAM", ,Tamil Nadu,-,-,-
"HORTICULTURE COLLEGE AND RESEARCH INSTITUTE, COIMBATORE",COIMBATORE ,Tamil Nadu,-,-,-
HOSHIARPUR INSTITUTE OF MGT & TECH, ,Punjab,-,maachintpurni@yahoo.com,-
"Hoskote Mission Institute Of Nursing , Bangalore",BANGALORE ,Karnataka,-,-,-
"Hoskote Mission Institute Of Nursing , Bangalore",BANGALORE ,Karnataka,-,-,-
"Hosmat College Of Nursing , Bangalore",BANGALORE ,Karnataka,-,-,-
"Hosmat College Of Nursing , Bangalore",BANGALORE ,Karnataka,-,-,-
Hoyasaleswara College, ,Karnataka,-,-,-
HP Institute of Management Studies, ,Himachal Pradesh,"0177-2837711,12,13,14,6450711",krishnaeducationalsociety@yahoo.co.in,http://www.hpcmanagement.org
Hrangbana College, ,Mizoram,-,-,-
HRIT Group of Institutions, ,Uttar Pradesh,"0120-2679173,75,2679089&2675177",admission2013@hrit.ac.inhritgzb@gmail.com,http://www.hrit.ac.in/
HRSPMs Law College,PUNE ,Maharashtra,02135-226206,-,-
Hrudyananda Samarak Mahavidyalaya, ,Orissa,-,-,-
HSM  Polytechnic, ,Haryana,"09416019111,09466094094",-,-
HTP COLLEGE OF EDUCATION, ,Tamil Nadu,-,-,-
"Hubli Institute Of Nursing Sciences , Hubli",HUBLI ,Karnataka,-,-,-
HULIYAPPA MALAMMA B.ED COLLEGE, ,Karnataka,-,-,-
HULKOTI CO OP EDUCATION, ,Karnataka,-,-,-
Hullcoti Co Operative Education Society Arts Science Commerce College Gadag, ,Karnataka,-,-,-
Human Resource Development Engineering College,DEVERAKONDA ,Andhra Pradesh,-,-,-
"Human Torch Anm School , Jamnagar",JAMNAGAR ,Gujarat,-,-,-
"Human Torch School Of Nursing , Jamnagar",JAMNAGAR ,Gujarat,-,-,-
HUMERA KHAN COLLEGE OF EDUCATION, ,Maharashtra,-,-,-
Hurakadli Ajja Law College,DHARWAD ,Karnataka,0836-2446205,-,-
HUSSAINI D ED COLLEGE, ,Karnataka,-,-,-
"Hutatma Institute Of Nursing,Sangli",SANGLI ,Maharashtra,-,-,-
Hutatma Rajguru Mahvidyalaya, ,Maharashtra,-,-,-
Hutatma Rashtriya Arts & Science College, ,Maharashtra,-,-,-
Hyderabad (Sind) National Collegiate Boards Navi Gursahani Law College,THANE ,Maharashtra,-,admin@hsncb.com,-
Hyderabad Degree College,HYDERABAD ,Andhra Pradesh,23514744,-,-
Hyderabad Institute of Technology & Management Royal,MEDAK ,Andhra Pradesh,-,-,-
HYDERABAD PRESIDENCY COLLEGE,HYDERABAD ,Andhra Pradesh,"55501457,27617692",-,-
HYDERABAD PRESIDENCY COLLEGE PG CENTER,RAJENDERNAGAR ,Andhra Pradesh,-,-,-
HYDERABAD SCHOOL OF MGT,MANDAL ,Andhra Pradesh,-,-,-
Hyderabad Sind National Collegiate Boards Nari Gursahani Law College,THANE ,Maharashtra,0251-2562464,nglawcollege2004@rediffmail.comnglawcollege2004@ngcollege.org,-
Hyderabad Study Circle,DOMALGUDA ,Andhra Pradesh,04027635654,-,www.hyderabadstudycircle.com
HYMANSHU JYOTHI KAKA PEETHA PPTTI, ,Karnataka,-,-,-
