I B College, ,Haryana,-,-,-
"I C Institute Of Women Health Worker , Gwalior",GWALIOR ,Madhya Pradesh,-,-,-
I D S G Govt College, ,Karnataka,-,-,-
"I E T School Of Nursing,Jaunpur", ,Uttar Pradesh,-,-,-
"I G E S Institue Of Nursing And Health Sciences , Jammu Tawai",JAMMU ,Jammu and Kashmir,-,-,-
"I G E S Institute Of Nursing And Health Sciences , Jammu",JAMMU ,Jammu and Kashmir,+91-191-2460248,igesinstitute@yahoo.com,www.igesociety.org
I G Govt College, ,Haryana,-,-,-
I G Mahila Mahavidyalaya, ,Haryana,-,-,-
I G National College, ,Haryana,-,-,-
"I H M Hospital, School Of Nursing,Kottayam",KOTTAYAM ,Kerala,-,-,-
"I I M T College Of Medical Science, School Of Nursing , Meerut",MEERUT ,Uttar Pradesh,-,-,-
"I I M T College Of Medical Sciences,Meerut",MEERUT ,Uttar Pradesh,-,-,-
"I I M T School Of Nursing, , Agra",AGRA ,Uttar Pradesh,-,-,-
"I I M T School Of Nursing, , Agra",AGRA ,Uttar Pradesh,-,-,-
"I I T S Collegeschool Of Nursing,Guna",GUNA ,Madhya Pradesh,-,-,-
"I I T S School Of Nursing , Guna",GUNA ,Madhya Pradesh,-,-,-
"I L S Nursing Institute , Agartala",AGARTALA ,Tripura,-,-,-
"I L S Nursing Institute , behind Central School, Agartala",AGARTALA ,Tripura,-,-,-
"I R Polytechnic, Bangalore", ,,08028394570,-,-
"I R T School Of Nursing , Erode",ERODE ,Tamil Nadu,-,-,-
I. E. R. T. Allahabad, ,Uttar Pradesh,0532-2540975,-,http://www.iert.in/
I. I. M. T. Law College,MEERUT ,Uttar Pradesh,"0121-2621006,0121-2620287,0121-2620342,0121-2",mail@iimtindia.net,-
I. L. S. Law College,PUNE ,Maharashtra,020-25656775,ilslaw@vsnl.com,www.ilslaw.edu
I. M. E. Law College,SHIKOHABAD ,Uttar Pradesh,"9650784051,9650784052,9650784054","ime@vsnl.net,directorpgdm@ime.in",-
I. M. Nanavati Law College,AHMEDABAD ,Gujarat,26445736,-,-
I. M. S. Law College, ,Uttar Pradesh,"0120-2401043,0120-2401050,0120-2401051",-,-
I. P. E. M. Law Academy,GHAZIABAD ,Uttar Pradesh,"0120-2840653,0120-2840390,0120-2840780",info@ipemgzb.com,-
I.A.M.R. Law College,GHAZIABAD ,Uttar Pradesh,-,-,-
I.B WOMEN TEACHER TRAINING COLLEGE & MANAGEMENT, ,Haryana,-,-,-
I.C.N.A.S. College,KOZHIKODE ,Kerala,0495-3942030,icnas@rediffmail.com,-
"I.C.V. Polytechnic, Jhargram", ,West Bengal,(03221)255020,-,-
I.E.S. TEACHERS TRAINING COLLEGE, ,Karnataka,-,-,-
I.G.M. TEACHER TRAINING COLLEGE, ,Rajasthan,-,-,-
I.H.R.D. College Of Applied Sciences,PATHANAMTHITTA ,Kerala,0473-424076,casa_ihrd@hotmail.com,-
"I.H.R.D. College Of Applied Sciences, Mavelikara",ALAPPUZHA ,Kerala,+91-479-2450005,ihrd.itd@gmail.com,http://www.ihrd.ac.in
I.I.L.M ACADEMY OF HIGHER LEARNING, ,Uttar Pradesh,"91-522-2727292,93,94,95,96",info@iilmlko.ac.in,www.iilmlko.ac.in
I.I.L.M ACADEMY OF HIGHER LEARNING JAIPUR,JAIPUR ,Rajasthan,"+91-141-2791150,2791160",iilmjaipur@iilm.ac.in,http://www.iilm.ac.in/jaipur
"I I M T College Of Medical Sciences,Meerut", ,Uttar Pradesh,-,-,-
I.I.M.T College of Science and Technology, ,Uttar Pradesh,-,-,-
I.I.M.T Engineering College, ,Uttar Pradesh,0120-2322655,mail@iimtindia.net,http://www.iimtindia.net/
I.I.M.T Law College, ,Uttar Pradesh,-,-,-
I.I.M.T. COLLEGE OF EDUCATION, ,Uttar Pradesh,-,-,-
I. I. M. T. Law College,MEERUT ,Uttar Pradesh,"0121-2621006,0121-2620287,0121-2620342,0121-2",mail@iimtindia.net,-
I. L. S. Law College,PUNE ,Maharashtra,020-25656775,ilslaw@vsnl.com,www.ilslaw.edu
I.M. Nanawati Law College,AHMEDABAD ,Gujarat,91-79-26445736,info@imnanavati.org,www.imnanavati.org/
I. M. E. Law College,GHAZIABAD ,Uttar Pradesh,"9650784051,9650784052,9650784054","ime@vsnl.net,directorpgdm@ime.in",-
I.M.P.S. Degree College, ,Orissa,-,-,-
I. M. S. Law College,NOIDA ,Uttar Pradesh,"0120-2401043,0120-2401050,0120-2401051",-,-
I.P. Degree College, ,Uttar Pradesh,-,-,-
I.P. POST GRADUAT COLLEGE, ,Uttar Pradesh,-,-,-
I.P. TEACHER TRAINING COLLEGE, ,Haryana,-,-,-
I. P. E. M. Law Academy,GHAZIABAD ,Uttar Pradesh,"0120-2840653,0120-2840390,0120-2840780",info@ipemgzb.com,-
I.P.S. Law College,GHAZIABAD ,Uttar Pradesh,-,info@insinstitute.in,-
I.P.S.E. TEACHER TRAINING COLLEGE, ,Haryana,-,-,-
I.S.M. ACADEMY, ,Uttar Pradesh,-,-,-
I.S.S. COLLEGE OF TEACHER EDUCATION, ,Kerala,-,-,-
I.T.M. College Of Arts & Science,KANNUR ,Kerala,"954982-276815(O),954902-346070(R)",-,-
"I.T.S. Centre for Dental Studies & Research , Ghaziabad",GHAZIABAD ,Uttar Pradesh,"01232-225380-81,82",dental@its.edu.in,www.itsdentalcollege.com
I.T.S. Dental College Hospital & Research Center, ,Uttar Pradesh,-,-,-
"I.T.S. Dental College, Hospital & Research Centre , Noida",NOIDA ,Uttar Pradesh,"0120-2323701,09891794498,09810908898,0989932754",itsdental.gnoida@gmail.com,www.itsdengn.itsdentalcollege.com
I.T.S. Law College,GHAZIABAD ,Uttar Pradesh,0120–2940258/59,itsbp@vsnl.com,www.itsgzb.ac.in/law.asp
"I.V.N. Raju Degree College, Vizianagaram",VIZIANAGARAM ,Andhra Pradesh,-,-,-
IASAM Academy, ,Delhi,011-22043114,iasaminstitute@gmail.com,iasam.webs.com
IASE, ,Uttar Pradesh,-,-,-
Ibrahimpatnam Degree College,IBRAHIMPATNAM ,Andhra Pradesh,08414–222396,-,-
IBT College of Diploma Engineering, ,Chhattisgarh,"94252-42952,98266-55093",-,http://www.ibtbhilai.com/
"ICAR Research Complex for Eastern Region including Centre of Makhana, Patna", ,Bihar,"+91-612-2228805,2228882,2223962",info@icarrcer.res.in,http://www.icarrcer.res.in
ICAR Research Complex Goa, ,Goa,0832-2284678/79,director@icargoa.res.in,www.icargoa.res.in
"ICARE Institute of Medical Sciences & Research, Haldia, Purba Midanpore", ,West Bengal,+91(03224)255275,contactus@icare-haldia.org,www.icare-haldia.org
ICFAI College of Education, ,Tripura,-,-,-
ICFAI Law School,DEHRADUN ,Uttaranchal,0135-2761857,ils@icfai.org,www.icfai.org
ICFAI University,TRIPURA ,Tripura,"0788-2982555,2982444",-,www.iuraipur.edu.in
ICFAI University, ,Rajasthan,0141-5122646,ftp@icfaiuniversity.in,www.icfaiuniversity.in/iujaipur.html‎
ICFAI University, ,Chhattisgarh,"0788-2982555,2982444",-,www.iuraipur.edu.in
ICG INSTITUTE OF EDUCATIONAL RESEARCH & DEVELOPMENT, ,Rajasthan,"0141-2400160,2400161","icg@icfia.org,director@icfia.org",-
ICHALKARANJI SHIKSHAN SHASTRA MAHAVIDYALAYA, ,Maharashtra,-,-,-
ICL Institute of Hotel Management and Catering Technology, ,Haryana,"01734-278676,278677,278678,278679,398200",www.iclhitech.com,www.iclhitech.com
ICL INSTITUTE OF MGT. & TECH, ,Haryana,0172-2569849/2563358,info@iclhitech.com,http://www.iclhitech.com/
ICL Institute of Technical Education, ,Haryana,-,-,-
ICS INFOTECH, ,Delhi,-,-,-
Idar Ajana Patidar H K M Arts College P N Patel Commerce College, ,Gujarat,-,-,-
Ideal And Sri Krishna Chaitanya Memorial Degree College,PRAKASAM ,Andhra Pradesh,"08596–224889,223275",-,-
Ideal Business School, ,Uttaranchal,-,-,www.idealbusinessschool.ac.in
Ideal College Arts Science,KAKINADA ,Andhra Pradesh,0884–2384382,idealcolleges@yahoo.com,-
Ideal College Of Arts & Science, ,Andhra Pradesh,-,-,-
IDEAL COLLEGE OF EDUCATION, ,Uttar Pradesh,"0120-2767816,2768481",info@idealinstitute.ac.in,-
"Ideal College of Pharmacy , Thane",THANE ,Maharashtra,-,-,-
IDEAL D.ED COLLEGE, ,Karnataka,-,-,-
Ideal Degree College For Women,HYDERABAD ,Andhra Pradesh,040–24150022,ideal_dcwca@yahoo.co.in,-
IDEAL EDUCATIONAL INSTITUTE OF TEACHER TRAINING, ,Kerala,-,-,-
IDEAL EDUCATIONAL SOCIETY TRAINING COLLEGE, ,Kerala,-,-,-
Ideal Girls College, ,Manipur,-,-,-
Ideal Institute of Hotel Management, ,Rajasthan,7568938004,info@iihm.info,www.iihm.info
IDEAL INSTITUTE OF MANAGEMENT & TECHNOLOGY, ,Delhi,-,-,-
Ideal Institute of Management and Technology, ,Delhi,22372639,ideal_institute2@rediffmail.com,www.idealinstitute.org
Ideal Institute of Technology,GHAZIABAD ,Uttar Pradesh,"0120-2767351-52,352,816",info@idealinstitute.ac.in,www.idealinstitute.ac.in
Ideal Institute of Technology, ,Madhya Pradesh,07516560692,idealpolytechnic@yahoo.in,-
"Ideal Nursing ranm School,Sindhudurg",SINDHUDURG ,Maharashtra,-,-,-
IDEAL PUBLIC SHIKSHA SANSTHAN, ,Rajasthan,-,-,-
Ideal School of Engineering & Polytecnic, ,Orissa,"0674-3244603-601,9337744603",engineering.ideal@gmail.com,www.idealschool.edu.in
IDEAL TEACHER TRAINING INSTITUTE, ,Tamil Nadu,-,-,-
IDEAL TRAINING COLLEGE EDUCATION, ,Kerala,0466-2280111,idealprincipalcply@gmail.com,http://idealcampuscply.com/
Ideals International College of Management, ,Rajasthan,02950-281045,-,-
"Ideas Nursing College , Gwalior",GWALIOR ,Madhya Pradesh,-,-,-
Idhaya College Of Arts & Scence For Women,PONDICHERRY ,Pondicherry,0413-2252200,idhaya2000@sify.com,-
Idhaya College Of Arts And Science For Women,KUMBAKONAM ,Tamil Nadu,-,-,-
"Idhaya Womens College, Sarugani",SIVAGANGAI ,Tamil Nadu,-,-,-
IDHAYAAM COLLEGE OF EDUCATION, ,Tamil Nadu,-,-,-
Idhayam Womens College,RAMANATHAPURAM ,Tamil Nadu,-,-,-
iDreamMBA, ,Karnataka,09880311044,info@idreammba.com,http://idreammba.com/
IDSG Governement College, ,Karnataka,-,-,-
IEC College of Engineering & Technology,NOIDA ,Uttar Pradesh,0120-2326665,ceo@ieccollege.com,-
IEC Group of Institution, ,Uttar Pradesh,"+91-120-2326665,2326537/2321943","enquiry@ieccollege.com,admissions2011@ieccollege.",http://www.iec.edu.in/
IEIBS (India Europe International Business School), ,Maharashtra,02225320552,ieibs.online@gmail.com,http://ieibs.in
IES COLLEGE OF EDUCATION, ,Madhya Pradesh,-,-,-
IES College of Engineering,TRICHUR ,Kerala,0487-2309965/2309966,mail@iesce.org,www.ies.org
IES College of Technology,BHOPAL ,Madhya Pradesh,0755-6536070,iesbpl@gmail.com,www.iesbpl.net
IES College of Technology, ,Madhya Pradesh,9229251477	,iesbpl@gmail.com,-
"IES Institute of Pharmacy , Bhopal",BHOPAL ,Madhya Pradesh,"0755-2574389,4274389",iesbpl@gmail.com,www.iesbpl.ac.in
IES Management College and Research Centre, ,Maharashtra,91-22-61378484,info@ies.edu,http://ies.edu
IFER TEACHER TRAINING INSTITUTE, ,Kerala,-,-,-
IFTM University, ,Uttar Pradesh,0591-2360817,info@iftmuniversity.ac.in,www.iftmuniversity.ac.in
IGM B.STC SCHOOL, ,Rajasthan,-,-,-
IGM BSTC SCHOOL, ,Rajasthan,-,-,-
Iha Delhi, ,Delhi,9810327606,info@ihadelhi.com,http://www.ihadelhi.com/
"IHM, Ahmedabad", ,Gujarat,+91-79-23276657/58,academic@ihmahmedabad.com,www.ihmahmedabad.com/
"IHM, Aurangabad (Taj Group)", ,Maharashtra,"02402381113,02402381127",enquiry@ihmaurangabad.ac.in,http://www.ihmaurangabad.ac.in/
"IHM, Bangalore", ,Karnataka,"91-80-22262960,91-80-22386763",info@ihmbangalore.com,www.ihmbangalore.kar.nic.in/
"IHM, Chennai", ,Tamil Nadu,22542029,-,http://www.ihmchennai.org/ihmchennai/
"IHM, Delhi", ,Delhi,"25841411,25840147,25842429",ihmpusa@rediffmail.com,www.ihmpusa.net
"IHM, Hyderabad", ,Andhra Pradesh,+91-40-27427569,ihmhyderabad@rediffmail.com,www.ihmshrishakti.com
"IHM, Kolkata", ,West Bengal,2401-4124/4218/3844,mail@ihmkolkata.org,ihmkolkata.org
"IHM, Lucknow", ,Uttar Pradesh,91-522-4077414/15,ihmlucknow@gmail.com,http://www.ihmlucknow.com/
IIAS School of Management, ,Goa,08605008192,iias.goa@iias.org.in,iias.org.in
IIHMR University, ,Rajasthan,8766078150,iihmr@iihmr.org,https://www.iihmr.org
IIHT Kharghar, ,Maharashtra,9321551234,iihtkharghar2014@gmail.com,http://iiht-kharghar.com/
"IILM Academy of Higher Learning, Jaipur", ,Rajasthan,"+91-141-2791150,2791160",iilmjaipur@iilm.ac.in,http://www.iilm.ac.in
IILM GIRLS COLLEGE, ,Uttar Pradesh,-,-,-
IIMI INSTITUTE OF TEACHERS EDUCATION, ,Uttar Pradesh,-,-,-
IIMT ACADEMY OF TEACHERS EDUCATION, ,Uttar Pradesh,-,-,-
IIMT COLLEGE OF EDUCATION, ,Uttar Pradesh,-,-,-
IIMT College of Engineering,NOIDA ,Uttar Pradesh,"0121-2621006,2620284",iimtcollege@rediffmail.com,www.iimtindia.net
IIMT COLLEGE OF SCIENCE AND TECHNOLOGY, ,Uttar Pradesh,-,-,-
IIMT Engineering College,MEERUT ,Uttar Pradesh,0121-2621006,iimtcollege@rediffmail.com,-
IIMT GROUP OF COLLEGE, ,Uttar Pradesh,8650260222,iimtgroup3@gmail.com,http://www.iimtgroupofcollege.com/
IIMT Hotel Management College, ,Uttar Pradesh,0121-2793500-506,directorhm@iimtindia.net,http://www.iimtindia.net/mrt_hotel/home.asp
IIPM-SCHOOL OF MANAGEMENT, ,Orissa,06624280322/280948/280576,info@iipm.ac.in/education@iipm.ac.in,-
IIS University, ,Rajasthan,"+91-141-2400140-61,2397906-07",info@iisuniv.ac.in,www.iisuniv.ac.in
IITT College of Engineering and Technology,RAJKOT ,Himachal Pradesh,-,kalaamb@iitindia.com,-
"Ikon Nursing College , Ramanagar",RAMNAGARA ,Karnataka,-,-,-
"Ikon Nursing College , Ramanagar",RAMNAGARA ,Karnataka,-,-,-
"Ikon Nursing School , Bangalore Rural",BANGALORE ,Karnataka,-,-,-
ILAHIA College of Engineering & Technology,ERNAKULAM ,Kerala,0485-2549145/2549647,ilahia@icet.ac.in,www.icet.ac.in
Ilahiya Arts & Science College,KOZHIKODE ,Kerala,"0496-3090691,0496-2690057",-,-
ILAKKIYA TEACHER TRAINING INSTITUTE, ,Tamil Nadu,-,-,-
Illahia College of Arts and Science, ,Kerala,-,-,-
ILS Law College, ,Maharashtra,-,-,-
ILVA COMMERCE AND SCIENCE COLLEGE, ,Madhya Pradesh,-,-,-
IM Nanawati Law College, ,Gujarat,-,-,-
Image Engg. & Technical Institute, ,Gujarat,9978900474,info@image.ac.in,www.image.ac.in
"Image Madhapur College Of Nursing,Hyderabad",HYDERABAD ,Andhra Pradesh,-,-,-
"Image School Of Nursing , Ramachandrapuram",RAMACHANDRAPURAM ,Andhra Pradesh,-,-,-
IMAM COLLEGE OF BUSINESS MANAGEMENT & SCIENCE,DARBHANGA ,Bihar,-,-,-
Imamul Hai Khan Law College,BOKARO ,Jharkhand,06542-279708,iimamulkhanlawcollege@yahoo.com,-
Imanuel Business School, ,Andhra Pradesh,"040-27175308,9440691108",ibssolipet@gmail.com,http://www.ibssolipet.com/
Imanul hai Khan Law College,BOKARO ,Jharkhand,9931106405,-,-
Imayam College Of Engineering, ,Tamil Nadu,043272239285,imaymengg2009@gmail.com,www.imayamcollege.org
Imayam College of Information Technology, ,Tamil Nadu,04327-239246,-,http://www.imayamcollege.org/
Imayam Polytechnic College, ,Tamil Nadu,"04327239647,04327239662,9787078447",www.imayamcollege@gmail.com,imayamcollege.org
IMAYAM TEACHER TRAINING INSTITUTE, ,Tamil Nadu,04327-239660,imayamcollege@gmail.com,http://www.imayamcollege.org
IME Law College, ,Uttar Pradesh,9650784051,ime@vsnl.net,www.imesahibabad.ac.in
Immaculate College,KRISHNA ,Andhra Pradesh,"08678–274069,274278",-,-
IMMACULATE COLLEGE FOR WOMENS, ,Tamil Nadu,-,-,http://www.icfwviriyur.com/
IMMACULATE COLLEGE OF EDUCATION FOR WOMEN, ,Pondicherry,-,-,-
"Immaculate Heart Of Mary Hospital, School Of Nursig , Kottayam",KOTTAYAM ,Kerala,-,-,-
IMMACULATE PRE PRIMARY TEACHER TRAINING INSTITUTE, ,Kerala,-,-,-
"Immaculate School Of Nursing, , Sivgangai",SIVAGANGAI ,Tamil Nadu,-,-,-
IMMACULATE TEACHER TRAINING INSTITUTE, ,Pondicherry,-,mitti_tpt@yahoo.co.in,-
IMMANUEL ARASAR COLLEGE EDUCATION, ,Tamil Nadu,-,-,-
Immanuel Arasar J J College of Engineering, ,Tamil Nadu,"9443606955,9944110448",iajj.principal2011@gmail.com,www.iajjeng.com
Immanuel College, ,Nagaland,-,-,-
IMPACT COLLEGE OF EDUCATION & APPLIED SCIENCES, ,Karnataka,-,-,-
Impact College Of Engineering And Applied Sciences,BANGALORE ,Karnataka,080-23334101/22720805,engg@impactinstitutions.org,www.impactinstitutions.org
"IMPACT Polytechnic, Bangalore", ,,"080-23334101,233070",-,-
IMPACT TEACHER TRAINING INSTITUTE, ,Tamil Nadu,-,-,-
Imperial College of Engineering & Research,PUNE ,Maharashtra,020-0-25120982,icoer@jspmengg.com,-
"Imperial College Of Nursing,Jaipur",JAIPUR ,Rajasthan,-,-,-
Imperial Institute of Polytechnic & Tech, ,Rajasthan,0141-3238102,info@iipt.edu.in,-
"Imperial School Of Nursing ,Jaipur",JAIPUR ,Rajasthan,-,-,-
Imphal Art College, ,Manipur,-,-,-
Imphal College, ,Manipur,-,-,-
IMRAM COLLEGE OF COMPUTER APPLICATION,IBRAHIMPATNAM ,Andhra Pradesh,-,-,-
Imran Polytechnic, ,Karnataka,-,-,-
IMS Business School, ,West Bengal,-,-,www.imsbusinessschool.com
IMS Engineering College,GHAZIABAD ,Uttar Pradesh,0120-2769662-63,imsec@imsec.net,www.ims-ghaziabad.ac.in
IMT COLLEGE OF EDUCATION, ,Uttar Pradesh,-,-,-
Inder Dev Institute Of Education Of Technology, ,Uttar Pradesh,-,-,-
Inder Dev Institute of Education of Technology, ,Uttar Pradesh,"+91-121-2220855,",":info@iietbaghpat.com,vpy404@gmail.com",www.iietbaghpat.com
Inder Prastha Polytechnic  College, ,Haryana,09215621219,-,-
INDERDEV INSTITUTE OF EDUCATION AND TECHNOLOGY, ,Uttar Pradesh,-,-,-
INDERPRASTH COLLEGE OF EDUCATION & TECHNOLOGY, ,Uttar Pradesh,-,-,-
"Inderprastha Dental College & Hospital , Ghaziabad",GHAZIABAD ,Uttar Pradesh,+91-120-4176700,ipdentalcollege@yahoo.com,www.ipdentalcollege.com
INDERPRASTHA ENGINEERING COLLEGE, ,Uttar Pradesh,-,-,-
"Index Medical College Hospital & Research Centre,Indore",INDORE ,Madhya Pradesh,91731-2865576-77-78,info@indexmedicalcollege.com,www.indexmedicalcollege.com
"Index Medical College Hospital & Research Centre,Indore", ,Madhya Pradesh,91731-2865576-77-78,info@indexmedicalcollege.com,www.indexmedicalcollege.com
"Index Nursing College , Indore",INDORE ,Madhya Pradesh,(731)-2542469,-,-
"Index School Of Nursing , Indore",INDORE ,Madhya Pradesh,-,-,-
INDHIRA COLLEGE OF EDUCATION, ,Tamil Nadu,-,-,-
INDHIRA GANDHI TEACHER TRAININGINSTITUTE, ,Tamil Nadu,-,-,-
"Indhirani College Of Nursing , Ariyur",PONDICHERRY ,Pondicherry,-,-,-
India Culture League Societys Motilal Jhunjhunwal, ,Maharashtra,-,-,-
"India International College Of Life Sciences & Technology,Gwalior",GWALIOR ,Madhya Pradesh,-,-,-
INDIA OVERSEAS COLLEGE FOR EDUCATION, ,Rajasthan,-,-,-
"INDIA PASTA EDUCATION COLLEGE,", ,Haryana,-,-,-
"INDIA PASTA EDUCATION COLLEGE,", ,Haryana,-,-,-
"India Shri Shivaji Memorial Society,s Institute of Information Technology",PUNE ,Maharashtra,02025534661,aiwcoep@hotmail.com,www.aissmswcoe.org
"Indian Academy College Of Nursing , Bangalore",BANGALORE ,Karnataka,-,-,-
Indian Academy Degree College, ,Karnataka,-,-,-
Indian Academy of International Law And Diplomacy,DELHI ,Delhi,"3384458,3384459",isil@giasdl01.vsnl.net.in,-
"Indian Academy School Of Nursing , Bangalore",BANGALORE ,Karnataka,-,-,-
Indian Aerospace & Engineering College, ,Maharashtra,02227620256,info@indianaerospaceandengineering.com,http://www.indianaerospaceandengineering.com/
Indian Agricultural Research Institute,DELHI ,Delhi,91-011-25843375;25733367,"director@iari.res.in,dean@iari.res.in,head_chem@iari.res.in",www.iari.res.in
"Indian Agricultural Statistical Research Institute, New Delhi", ,Delhi,"91-11-25847121-24,25841254",director@iasri.res.in,http://www.iasri.res.in
INDIAN ANGELS MAHILA TEACHER TRAINING COLLEGE, ,Rajasthan,0141-6520579,-,-
INDIAN BITS INSTITUTE OF EDUCATION, ,Haryana,-,-,-
Indian College Of Arts & Draftmanship, ,West Bengal,-,-,-
INDIAN COLLEGE OF EDUCATION, ,Karnataka,-,-,-
INDIAN COLLEGE OF EDUCATION, ,Tamil Nadu,-,-,-
INDIAN COLLEGE OF EDUCATION FOR WOMEN, ,Karnataka,-,-,-
Indian College of Engineering,MOTIHARI ,Bihar,-,info@rajas.edu,-
"Indian College Of Nursing , Bellary",BELLARY ,Karnataka,-,-,-
"Indian College Of Nursing , Bellary",BELLARY ,Karnataka,-,-,-
"Indian College Of Nursing ,Mahaboobnagar",MAHABUBNAGAR ,Andhra Pradesh,-,-,-
"Indian College Of Nursing,Bangalore",BANGALORE ,Karnataka,-,-,-
INDIAN D.ED INSTITUTE, ,Karnataka,-,-,-
"Indian Educational Trust, School Of Nursing, , Jaunpur",JAUNPUR ,Uttar Pradesh,-,-,-
INDIAN GIRLS TEACHER TRAINING COLLEGE, ,Rajasthan,-,-,-
"Indian Grassland and Fodder Research Institute, Jhansi", ,Uttar Pradesh,"0150-2730666,2730385,","igfri.director@gmail.com,",http://www.igfri.res.in/
Indian Harvard Arts And Science College,CHENNAI ,Tamil Nadu,-,-,-
Indian Inst. Of Hotel Management & Culinary Arts, ,Andhra Pradesh,"+914027154304,27171591","info@iihmca.org,iihmca@gmail.com",http://www.iihmca.org
Indian Institute Management And Commerce,HYDERABAD ,Andhra Pradesh,"23237902,23237902",iimc_hyd@yahoo.co.in,-
"Indian Institute Of  Technology (IIT), Chennai",CHENNAI ,Tamil Nadu,04422578105,mbapl@iitm.ac.in,www.iitm.ac.in
"Indian Institute of Agricultural Biotechnology, Ranchi", ,Jharkhand,"+91-11-25843375,25842367",director@iari.res.in,http://www.iari.res.in
Indian Institute of Art & Design, ,Delhi,9871383633,info@iiad.edu.in,http://www.iiad.edu.in/
Indian Institute of Carpet Technology, ,Uttar Pradesh,"05414-225504,228409",iict@iict.ac.in,www.iict.ac.in
"Indian Institute of Cerebral Palsy,IICP ( Formerly Spastic Society of Eastern India)",KOLKATA ,West Bengal,033-24585679/24787990/24013488,ssei@giasciol.vsnl.net.in,-
INDIAN INSTITUTE OF COST MANAGEMENT& RESEARCH, ,Maharashtra,020-25431972,search@giaspn01.vsnl.net.in,www.indseach.org
"INDIAN INSTITUTE OF EDUCATION,SHIMLA", ,Himachal Pradesh,-,-,-
Indian Institute of Export Management, ,Gujarat,-,-,www.iiem.com
Indian Institute of Finance, ,Uttar Pradesh,"0120-4340444,6471004",admission@iif.edu,www.iif.edu
Indian Institute Of Foreign Trade, ,Delhi,"91-11-26965124,26965051",-,http://www.iift.edu
Indian Institute of Foreign Trade (IIFT) New Delhi, ,,+91-11-26853055+91-11-26963880,-,-
"INDIAN INSTITUTE OF FOREST MANAGEMENT, BHOPAL", ,Madhya Pradesh,"91-755-2775716,2773799",director@iifm.ac.in,www.iifm.ac.in/
Indian institute of health education & Research,BHAGALPUR ,Bihar,-,-,-
"Indian Institute of Horticultural Research, Bangalore", ,Karnataka,"080-28466353,080-28466471",director@iihr.ernet.in,http://www.iihr.res.in
Indian Institute of Information Technology and Management Gwalior, ,Madhya Pradesh,"0751-2449816,",pakaj@iiitm.ac.in,http://www.iiitm.ac.in/
"Indian Institute of Information Technology And Management, Kerala", ,Kerala,"+91471-2527567,2700777,3093435,3091334",info@iiitmk.ac.in,www.iiitmk.ac.in
"Indian Institute of Information Technology, Allahabad", ,Uttar Pradesh,0532-2552376,rsanyal@iiita.ac.in/udl@iiita.ac.in,www.udl.iiita.ac.in
"Indian Institute of Information Technology, Bangalore", ,Karnataka,+918041407777/28527627,info@iiitb.ac.in,www.iiitb.ac.in
"Indian Institute of Information Technology, Design and Manufacturing Jabalpur", ,Madhya Pradesh,+91-761-2632273,query[at]iiitdmj.ac.in,http://www.iiitdmj.ac.in/
"Indian Institute of Information Technology, Jabalpur",JABALPUR ,Madhya Pradesh,+91-761-2632273,institute@iiitdm.in,www.iiitdmj.ac.in/
"Indian Institute of Information Technology,Allahabad",ALLAHABAD ,Uttar Pradesh,91-532-2922000,contact@iiita.ac.in,http://www.iiita.ac.in/
"Indian Institute of Information Technology,Delhi", ,Delhi,-,webmaster@iiitd.ac.in,www.iiitd.ac.in
Indian Institute of Learning & Advanced Development, ,Haryana,01244220000,info@inlead.in,www.inlead.in
Indian Institute of Legal Studies, ,West Bengal,03532574698,iils.siliguri@gmail.com,http://lawcollegeinindiaiilsindia.weebly.com/
"Indian Institute of Management (IIM), Ahmedabad",AHMEDABAD ,Gujarat,917966324599,director@iimahd.ernet.in,www.iimahd.ernet.in
"Indian Institute of Management (IIM), Bangalore",BANGALORE ,Karnataka,91-80-26582450,info@iimb.ernet.in,www.iimb.ernet.in
"Indian Institute of Management (IIM), Calcutta",KOLKATA ,West Bengal,+91-33-2467-8300/8301/8302/8303/8304/8305/8306,pgpchairman@iimcal.ac.in,www.iimcal.ac.in
"Indian Institute of Management (IIM), Indore",INDORE ,Madhya Pradesh,+91-731-4228400,webman@iimidr.ac.in,www.iimidr.ac.in
"Indian Institute of Management (IIM), Kashipur", ,Uttaranchal,05947-211920,-,www.iimkashipur.ac.in
"Indian Institute of Management (IIM), Kozhikode", ,Kerala,+91-495-2809100,"admissions-chairperson@iimk.ac.in,director@iimk.a",www.iimk.ac.in
"Indian Institute of Management (IIM), Lucknow", ,Uttar Pradesh,(91-0522)2734101-120,diroffice@iiml.ac.in,www.iiml.ac.in
"Indian Institute of Management (IIM), Raipur",RAIPUR ,Chhattisgarh,+91-771-2772200,"deanacad@iimraipur.ac.in,chairmanpgp@iimraipur.ac",www.iimraipur.ac.in
"Indian Institute of Management (IIM), Ranchi", ,Jharkhand,+9106512280113,ashish@iimranchi.ac,www.iimranchi.ac.in
"Indian Institute of Management (IIM), Rohtak",ROHTAK ,Haryana,01262-218900,-,http://www.iimrohtak.ac.in
"Indian Institute of Management (IIM), Shillong", ,Meghalaya,"0364–2308004,2308005&2308000",director@iimshillong.in,www.iimshillong.in
"Indian Institute of Management (IIM), Tiruchirappalli", ,Tamil Nadu,+91-431-2501121,"placement@iimtrichy.ac.in,admissions@iimtrichy.ac.",www.iimtrichy.ac.in/
"Indian Institute of Management (IIM), Udaipur", ,Rajasthan,0294-2477100,info@iimu.ac.in,http://www.iimu.ac.in/
Indian Institute of Management and Commerce, ,Andhra Pradesh,-,-,-
Indian Institute of Management Kozhikode,KOZHIKODE ,Kerala,+91-495-2803001,-,-
"Indian Institute of Natural Resins and Gums, Ranchi", ,Jharkhand,06512260117,-,www.ilri.ernet.in
"Indian Institute Of Nursing , Bangalore",BANGALORE ,Karnataka,-,-,-
"Indian Institute Of Nursing , Bangalore",BANGALORE ,Karnataka,-,-,-
"Indian Institute Of Nursing , Bellary",BELLARY ,Karnataka,-,-,-
"Indian Institute Of Nursing , Gulbarga",GULBARGA ,Karnataka,-,-,-
"Indian Institute Of Nursing Science And Research , Jabalpur",JABALPUR ,Madhya Pradesh,-,-,-
"Indian Institute of Pharmacy , Jamshedpur",JAMSHEDPUR ,Jharkhand,"+(91)-(657)-2461348,2462343,3293132,2234713",-,-
INDIAN INSTITUTE OF PLANTATION MGT, ,Karnataka,91-80-23211716,	admissions@iipmb.edu.in,http://www.iipmb.edu.in
"Indian Institute of Polytechnic, Asada", ,Rajasthan,02988-224102,iip.asada10@gmail.com,-
INDIAN INSTITUTE OF PROGRESSIVE STUDIES & DEVELOPMENT, ,Uttaranchal,-,-,-
"Indian Institute of Pulses Research, Kanpur", ,Uttar Pradesh,"	91-512-2572464,2572465,2572012,2573761",director@iipr.ernet.in,http://www.iipr.res.in
Indian Institute Of Science, ,Karnataka,910803341683,regr@admin.iisc.ernet.in,http://www.iisc.ernet.in/
INDIAN INSTITUTE OF SCIENCE & INFORMATION  TECHNOLOGY,KHURTA ,Orissa,0674-2580771/2587282,iisit@iisit.net,www.iisit.net
Indian Institute of Science and Information Technology, ,Orissa,0674-600666666/600333333,iisit@iisit.in,http://www.iisit.in
"INDIAN INSTITUTE OF SOCIAL WELFARE & BUSINESS MANAGEMENT, KOLKATA",KOLKATA ,West Bengal,91-33-22413756/5792/8694/8695,iiswbm@iiswbm.edu,www.iiswbm.edu
"Indian Institute of Soil Sciences, Bhopal", ,Madhya Pradesh,0755-2730946,"asrao@iiss.ernet.in,director@iiss.ernet.in",http://www.iiss.nic.in
Indian Institute of Space Science and Technology, ,Kerala,+91-471-2568-453,pro(a)iist.ac.in,http://www.iist.ac.in/
"Indian Institute of Sugarcane Research, Lucknow", ,Uttar Pradesh,0522-2480726,iisrlko@sancharnet.in,http://www.iisr.nic.in
Indian Institute of Teacher Education, ,Gujarat,18002335500,osdiite@gmail.com,http://www.iite.ac.in/
INDIAN INSTITUTE OF TEACHER TRAINING INSTITUTE, ,Kerala,-,-,-
"Indian Institute Of Technical Training , Jammu",JAMMU ,Jammu and Kashmir,-,-,-
"Indian Institute Of Technology (IIT), Bhubaneswar", ,Orissa,0674-2301982,registrar@iitbbs.ac.in,http://www.iitbbs.ac.in
"Indian Institute Of Technology (IIT), Delhi", ,Delhi,91116867541,malhotra@admn.iitd.ernet.in,www.iitd.ac.in
"Indian Institute Of Technology (IIT), Gandhinagar",GANDHI NAGAR ,Gujarat,919328474222,office[AT]iitgn.ac.in,http://www.iitgn.ac.in/
"Indian Institute Of Technology (IIT), Guwahati",GUWAHATI ,Assam,91-361-2690401,"pro@iitg.ernet.in,gb@iitg.ernet.in",www.iitg.ac.in
"Indian Institute Of Technology (IIT), Hyderabad",HYDERABAD ,Andhra Pradesh,(040)23016033,reg_depreg[at]iith.ac.in,http://www.iith.ac.in
"Indian Institute Of Technology (IIT), Indore", ,Madhya Pradesh,91(0)7312364182,contactus@iiti.ac.in,http://www.iiti.ac.in/
"Indian Institute Of Technology (IIT), Kanpur",KANPUR ,Uttar Pradesh,"0512-2597258,7385,7808","sgd@iitk.ac.in,doiitk@iitk.ac.in",www.iitk.ac.in
"Indian Institute Of Technology (IIT), Kharagpur",KHARAGPUR ,West Bengal,91-3222-255221,registrar@ernet.in,www.iitkgp.ac.in
"Indian Institute Of Technology (IIT), mandi", ,Himachal Pradesh,91-1905-237731,diroffice[at]iitmandi.ac.in,http://www.iitmandi.ac.in/
"Indian Institute Of Technology (IIT), Mumbai",MUMBAI ,Maharashtra,+91-22-2572-2545,director@admin.iitb.ernet.in,www.iitb.ac.in
"Indian Institute Of Technology (IIT), Patna",PATNA ,Bihar,91-612-2552067,iitpatnaoff@iitp.ac.in,http://www.iitp.ac.in
"Indian Institute Of Technology (IIT), Punjab",RUPNAGAR ,Punjab,011-26597213,director@iitpr.ac.in,http://www.iitrpr.ac.in
"Indian Institute Of Technology (IIT), Rajasthan",JODHPUR ,Rajasthan,912912449024,-,www.iitj.ac.in
"Indian Institute Of Technology (IIT), Roorke",Roorkee ,Uttarakhand,91-1332-285311,regis@iitr.ernet.in,www.iitr.ac.in
INDIAN INSTITUTE OF TOURISM AND TRAVEL MANAGEMENT,DELHI ,Delhi,011-25842135,iittm@sancharnet.in,-
"Indian Institute of Vegetable Research, Varanasi", ,Uttar Pradesh,91-542-2635247;2635236,directoriivr@gmail.com,http://www.iivr.org.in
Indian Law Institute, ,Delhi,"011-23073295,23387526","ili@vsnl.net.in,registrar@ili.ac.in",http://www.ili.ac.in/
INDIAN MANAGEMENT SCHOOL & RESEARCH CENTER,MUMBAI ,Maharashtra,"912227898081,32646463",info@imsrindia.com,http://www.imsrindia.com
Indian Marine Univesity, ,Tamil Nadu,044-24530343/345,"sivarajanservices@gmail.com,rector.mum@imu.co.in",www.imu.tn.nic.in
"Indian Medical Institute Of Nursing Training , Jalandhar",JALANDHAR ,Punjab,-,-,-
Indian National Portage Association,CHANDIGARH ,Chandigarh,-,-,-
Indian nursing council, ,Orissa,09439857764,netajinsn@rediffmail.com,www.netodisha.com
"Indian Oil Corporation Ltd, School Of Nursing ,Digboi",DIGBOI ,Assam,-,-,-
INDIAN PRIMARY TEACHERS TRAINING COLLEGE, ,Rajasthan,-,-,-
"Indian Red Cross Society M P H W F Trg Inst,West Godawari",WEST GODAVARI ,Andhra Pradesh,-,-,-
Indian red Cross Societys Mukh Badhir Vidyalaya, ,Maharashtra,-,-,-
Indian School Of Business & Finance (ISBF), ,Delhi,+911140430000,webmaster@isbf.edu.in,http://www.isbf.edu.in/
"Indian School of Nursing , Bangalore",BANGALORE ,Karnataka,-,-,-
"Indian School Of Nursing , Bidar",BIDAR ,Karnataka,-,-,-
"Indian School Of Nursing B , Bangalore",BANGALORE ,Karnataka,-,-,-
Indian School Of Public Relations, ,Delhi,08130701133,admissions@indianschoolofpr.com,www.indianschoolofpr.com
Indian School Of Public Relations, ,Delhi,08130701133,admissions@indianschoolofpr.com,www.indianschoolofpr.com
Indian Spinal Injuries Centre,DELHI ,Delhi,-,-,-
Indian Statistical Institute,KOLKATA ,West Bengal,033-25752001,root@isical.ernet.in/,http://www.isical.ac.in
"Indian Statistical Institute (ISI), Bangalore", ,Karnataka,"080-28483002,28483003,28483004,28483006",postmaster@isibang.ac.in,http://www.isibang.ac.in/
"Indian Statistical Institute (ISI), Chennai", ,Tamil Nadu,+914466632507,officeisi@isichennai.res.in,www.isichennai.res.in
"Indian Statistical Institute (ISI), Coimbatore", ,Tamil Nadu,"0422-2452197,2441192",isicbc@md3.vsnl.net.in,-
"Indian Statistical Institute (ISI), Giridih", ,Jharkhand,0653-222034,-,-
"Indian Statistical Institute (ISI), Hyderabad", ,Andhra Pradesh,"040-27153984,27171906,27179402",isihyd@gmail.com,www.isihyd.ac.in
"Indian Statistical Institute (ISI), Mumbai", ,Maharashtra,"022-22014588,22004574",isibombay@vsnl.com,www.isimumbai.co.in
"Indian Statistical Institute (ISI), New Delhi", ,Delhi,"011-41493900,41493980,41493901,41493942,414939",postmaster@isid.ac.in,www.isid.ac.in
"Indian Statistical Institute (ISI), Pune",PUNE ,Maharashtra,020-25386844,isipune@vsnl.com,http://www.isipune.com/
"Indian Statistical Institute (ISI), Vadodora", ,Gujarat,0265-2314536,isi_brd@satyam.net.in,-
"Indian Statistical Institute(ISI), Kolkata", ,West Bengal,"033-25752001,25752500,2575-3304,25778597",postmaster@isical.ac.in,www.isical.ac.in
INDIAN TEACHERS TRAINING COLLEGE, ,Rajasthan,-,-,-
Indian Veterinary Research Institute, ,Uttar Pradesh,0581-2300096,dirivri@ivri.up.nic.in,www.ivri.nic.in
INDIGENOUS PEOPLE EDUCATIONAL TRUST, ,Karnataka,-,-,-
"Indira A N M Training Centre,Mandya",MANDYA ,Karnataka,-,-,-
"Indira Bahuddeshiya Shikshan Sanstha College Of Nursing , Buldana",BULDANA ,Maharashtra,-,-,-
"Indira Bahuuddeshiya Shikshan Sanstha A N M School,Buldana",BULDANA ,Maharashtra,-,-,-
Indira Bahuuddeshiya Shikshan Sanstha Dr. Rajendra Gode Polytechnic, ,Maharashtra,(07262)242401,ravindra.dshmkh@gmail.com,http://www.ibssb.org/
"Indira Bahuuddeshiya Shikshan Sanstha School Of Nursing,Buldana",BULDANA ,Maharashtra,-,-,-
INDIRA COLLEGE OF EDUCATION, ,Karnataka,-,-,-
Indira College of Engineering and Management, ,Maharashtra,02114-661500,info@indiraicem.ac.in,www.indiraicem.ac.in
"Indira College Of Nursing , Thiruvallur",TIRUVALLUR ,Tamil Nadu,-,-,-
"Indira College Of Nursing , Trichy",TRICHY ,Tamil Nadu,-,-,-
"Indira Education Institute Of Nursing, Udaipur",UDAIPUR ,Rajasthan,-,-,-
Indira Gandhi (Sr) College Cidco, ,Maharashtra,-,-,-
Indira Gandhi Arts & Commerce College, ,Maharashtra,-,-,-
Indira Gandhi Arts Science College, ,Chhattisgarh,-,-,-
INDIRA GANDHI B.ED COLLEGE, ,Karnataka,-,-,-
INDIRA GANDHI B.ED. MAHAVIDHALYA, ,Madhya Pradesh,-,-,-
INDIRA GANDHI BALIKA NIKETAN, ,Rajasthan,-,-,-
Indira Gandhi Balika Niketan College, ,Rajasthan,-,-,-
Indira Gandhi College For Women,SECUNDERABAD ,Andhra Pradesh,"040–27800291,55335933",igandhi_college@yahoo.com,-
INDIRA GANDHI COLLEGE OF EDUCATION, ,Maharashtra,-,-,-
INDIRA GANDHI COLLEGE OF EDUCATION, ,Tamil Nadu,-,-,-
Indira Gandhi College of Engineering,SAGAR ,Madhya Pradesh,"07582-263986,263984,263850",principal_gec@rediffmail.com,-
Indira Gandhi College Of Engineering & Technology For Women, ,Tamil Nadu,"044–26531612,27493423/24",igicet@yahoo.com,www.igcet.com
"Indira Gandhi College Of Nursing , Kochi",KOCHI ,Kerala,-,-,-
"Indira Gandhi College Of Nursing,Bangalore",BANGALORE ,Karnataka,-,-,-
INDIRA GANDHI COLLEGE OF PHYSICAL EDUCATION, ,Maharashtra,-,-,-
Indira Gandhi College of Special Education,COIMBATORE ,Tamil Nadu,-,-,-
Indira Gandhi Colleges Of Arts & Science,PONDICHERRY ,Pondicherry,0413-2277868,-,-
"Indira Gandhi Cooperative Hospital,Kannur",KANNUR ,Kerala,-,-,-
Indira Gandhi Degree College, ,Uttar Pradesh,-,-,-
INDIRA GANDHI DEGREE COLLEGE, ,Uttar Pradesh,-,-,-
"Indira Gandhi Degree College, Bobbili",BOBBILI ,Andhra Pradesh,08944–254383,-,-
"Indira Gandhi Education Institute Of Nursing ,Chittorgarh", ,Rajasthan,-,-,-
INDIRA GANDHI GIRLS DEGREE, ,Uttar Pradesh,-,-,-
Indira Gandhi Government College,LOHIT ,Arunachal Pradesh,03804-224345,-,-
Indira Gandhi Government Degree College, ,Uttar Pradesh,-,-,-
"Indira Gandhi Government Dental College , Jammu",JAMMU ,Jammu and Kashmir,-,-,-
Indira Gandhi Govt. Degree College, ,Uttar Pradesh,-,-,-
Indira Gandhi Govt. General Hospital And Post Graduate Institute,PONDICHERRY ,Pondicherry,"0413-2336050,0413-2225366",-,-
Indira Gandhi Govt. Polytechnic Mahavidhalaya, ,Madhya Pradesh,07162244943,"polychhindwara@gmail.com,lk_jain07@yahoo.com",-
"Indira Gandhi Institute of Child Health, Bangalore",BANGALORE ,Karnataka,"08022442421,08022443143",oxford_nursingcollege@yahoo.co.in,-
"Indira Gandhi Institute of Chind Health, Bangalore",BANGALORE ,Karnataka,080-22443143/22442421/26541799,ichildhealth@yahoo.com,www.igich.com
INDIRA GANDHI INSTITUTE OF CO-OPERATIVE MANAGEMENT, ,Uttar Pradesh,0522-2661820,icmlko@rediffmail.com,-
"Indira Gandhi Institute of Dental Sciences , Kothamangalam",KOTHAMANGALAM ,Kerala,"0485-6451630,31",dental@igmt.org,www.igmt.org
"Indira Gandhi Institute of Dental Sciences , Pondichery",PONDICHERRY ,Pondicherry,0413-2615449to2615458,mgmcri@sify.com,www.balajitrust.org
Indira Gandhi Institute Of Development Research, ,Maharashtra,91-22-28400919-21,rrk@igidr.ac.in,www.igidr.ac.in
Indira Gandhi Institute Of Medical Sciences,PATNA ,Bihar,0612-2297099/0612–2297631,director@igims.org,www.igims.org/
Indira Gandhi Institute of Medical Sciences, ,Bihar,06122297099,registrar@igims.org,http://www.igims.org/
"Indira Gandhi Institute of Pharmaceutical Sciences , Bhubaneswar",BHUBANESWAR ,Orissa,"0674-2551209/90/91,0674-2556582,0674-556582","info@mgi.edu.in,info@igips.edu.in,admission@mgi.edu.in",www.igips.edu.inwww.mgi.edu.in
Indira Gandhi Institute Of Science And Technology, ,Orissa,-,-,-
Indira Gandhi Institute of Science and Technology, ,Orissa,-,-,-
Indira Gandhi Institute of Technology,DHENKANAL ,Orissa,06760-240371/240513,"kewlmegha@gmail.com,a_batra16@yahoo.co.in",www.igitsarang.ac.in
"Indira Gandhi Institute of Technology,Sarang", ,Orissa,+91676040371,igit@stpbh.soft.net,http://www.igitsarang.ac.in/
INDIRA GANDHI INSTITUTEOF PHYSICAL EDUCATION, ,Delhi,-,-,-
Indira Gandhi Jayanthi Womens College,VILLUPURAM ,Tamil Nadu,-,-,-
Indira Gandhi Krishi Vishwavidyalaya,RAIPUR ,Chhattisgarh,425219/424347,vkp12@yahoo.co.in,www.igau.edu.in
Indira Gandhi Medical College,SHIMLA ,Himachal Pradesh,0177-2804251,surenderkashyap@hotmail.com,-
"Indira Gandhi Medical College & Hospital , Trg College Of Nursing, Nagpur",NAGPUR ,Maharashtra,-,-,-
"Indira Gandhi Medical College & Hospital, Nagpur", ,Maharashtra,"0712-2725274,2770929",igmcn@nagpur.net.in,-
"Indira Gandhi Medical College & Research Institute, Puducherry", ,Pondicherry,"0413-2277545,0413-2274552",puducherrymedicalcollege@gmail.com,www.pkmc.edu.in
"Indira Gandhi Medical College , Shimla", ,Himachal Pradesh,"0177-2804251,2808011,2805502","info@igmcshimla.org,surenderkashyap@hotmail.com",www.igmcshimla.org
Indira Gandhi Memorial Homoeopathic Medical College,DHAR ,Madhya Pradesh,9827097016,-,-
INDIRA GANDHI MEMORIAL TEACHER TRAINING COLLEGE, ,Rajasthan,-,-,-
INDIRA GANDHI MEMORIAL TEACHER TRAINING COLLEGE, ,Rajasthan,-,-,-
Indira Gandhi National Open University, ,Delhi,29533869-870;29532321,rcdeoghar@ignou.ac.in,www.ignou.ac.in
INDIRA GANDHI NATIONAL OPEN UNIVERSITY, ,Haryana,-,-,-
"Indira Gandhi National Open University , Study Centre, College Of Nursing , Ahmedabad",AHMEDABAD ,Gujarat,-,-,-
"Indira Gandhi National Open University , Study Centre, College Of Nursing , Kanpur",KANPUR ,Uttar Pradesh,-,-,-
"Indira Gandhi National Open University , Study Centre, Fort College Of Nursing , Bangalore",BANGALORE ,Karnataka,-,-,-
"Indira Gandhi National Open University,S S K M College Of Nursing , Kolkatta",KOLKATA ,West Bengal,-,-,-
Indira Gandhi National Tribal University, ,Madhya Pradesh,"(07629)280801,280802,",recruit.igntu@gmail.com,www.igntu.nic.in/
"Indira Gandhi Nursing Institute,Nanded",NANDED ,Maharashtra,-,-,-
"Indira Gandhi Nursing School,Ahmednagar",AHMEDNAGAR ,Maharashtra,-,-,-
"Indira Gandhi Nursing School,Latur",LATUR ,Maharashtra,-,-,-
"Indira Gandhi Nursing School,Nagpur",NAGPUR ,Maharashtra,-,-,-
"Indira Gandhi Nursing School,Osmanabad",OSMANABAD ,Maharashtra,-,-,-
Indira Gandhi Polytechnic College, ,Tamil Nadu,"0490-2335777,8943601256",igptcmahe@gmail.com,-
"Indira Gandhi Polytechnic College, Mahe", ,Pondicherry,-,-,-
Indira Gandhi Polytechnic for Women, ,Delhi,"(011)29957608,29957633",-,-
INDIRA GANDHI POST GRADUATE COLLEGE, ,Uttar Pradesh,-,-,-
INDIRA GANDHI PRIMARY TEACHER TRAINING CENTE, ,Karnataka,-,-,-
Indira Gandhi Rajkiya Mahila Mahavidyalaya, ,Uttar Pradesh,-,-,-
Indira Gandhi Rashtriy Uran Akadamic, ,Uttar Pradesh,-,-,-
"Indira Gandhi School Of Nursing , Chitradurga",CHITRADURGA ,Karnataka,-,-,-
"Indira Gandhi School Of Nursing, Sultanpur",AMETHI ,Uttar Pradesh,-,-,-
"Indira Gandhi School Of Nursing,Kochi",KOCHI ,Kerala,-,-,-
"Indira Gandhi School Of Nursing,Nanded",NANDED ,Maharashtra,-,-,-
INDIRA GANDHI TEACHER TRAINING COLLEGE, ,Rajasthan,-,-,-
INDIRA GANDHI TEACHERS TRAINING INSTITUTE, ,Kerala,-,-,-
Indira Gandhi Technological and Medical Science University, ,Arunachal Pradesh,91-3788-225008,indiragandiuniversity@gmail.com,http://indiragandhiuniversity.in/
Indira Gandhi Womens College, ,Orissa,-,-,-
INDIRA INSTITUTE OF BUSINESS MANAGEMENT,MUMBAI ,Maharashtra,-,info@indiraiibm.edu.in,-
Indira Institute of Engineering and Technology,TIRUVALLUR ,Tamil Nadu,"04116-27650364,27650464","indiraeducation@vsnl.net,contact@indiraeducational.org",http://www.indiraeducational.org
Indira Institute of Management,PUNE ,Maharashtra,"020-22934217,8",jprachee@indiraedu.com,www.indiraedu.org
INDIRA INSTITUTE OF MANAGEMENT AND RESEARCH,TIRUVALLUR ,Tamil Nadu,-,-,-
Indira Institute Of Technology, ,Maharashtra,02462-229184,-,http://sahayog.ac.in/
Indira Kala Sangit Vishwavidyalaya,KHAIRAGARH ,Chhattisgarh,91-07820-234232,"umusart@bom6.vsnl.net.in,reg@iksvv.com",http://www.iksvv.com
INDIRA KOTE D.P.ED COLLEGE, ,Karnataka,-,-,-
Indira Mahavidyalaya, ,Maharashtra,-,-,-
"Indira Nursing College , Mangalore",MANGALORE ,Karnataka,-,-,-
"Indira Nursing School , Mangalore",MANGALORE ,Karnataka,-,-,-
Indira Priyadarshini College of Engineering and Technology For Women, ,Andhra Pradesh,+91-08518-238584,avrsvr_ec@rediffmail.com,http://indirapriyadarshini.com/
Indira Priyadarshini College of Law,BANGALORE ,Karnataka,"91-80-28096196,91-80-65332740",secretary@ipcollegeoflaw.com,www.ipcollegeoflaw.com/
INDIRA PRIYADARSHINI COLLEGE OF MANAGEMENT,BHOPAL ,Madhya Pradesh,"0755-2548181,2678788",director.ip@nir,www.ipcgroups.com
"Indira Priyadarshini College Of Nursing , Kadapa", ,Andhra Pradesh,-,-,-
"Indira Priyadarshini Education Trust Srinivasa College of Pharmacy , Bangalore",BANGALORE ,Karnataka,-,-,-
Indira Priyadarshini Govt Degree Colleg For Women, ,Andhra Pradesh,"24603692,24657173",ipnampally.ejkc@gmail.com,http://www.ipgdcnh.com
Indira Priyadarshini Law College,HYDERABAD ,Andhra Pradesh,08592-234156,-,-
"Indira Priyadarshini School of Nursing , Bangalore",BANGALORE ,Karnataka,-,-,-
"Indira Priyadarshini School Of Nursing , Bidar",BIDAR ,Karnataka,-,-,-
INDIRA PRIYADARSHINI TEACHERS TRAINING COLLEGE, ,Rajasthan,-,-,-
Indira Rajiv Memorial College,KUPPAM ,Andhra Pradesh,08570–255917,-,-
Indira School of Business Studies, ,Maharashtra,	+912022933279&+912066759500,info@indiraisbs.ac.in,http://www.indiraisbs.ac.in
"Indira School Of Nursing , Bidar",BIDAR ,Karnataka,-,-,-
"Indira School Of Nursing , Tumkur",TUMKUR ,Karnataka,-,-,-
"Indira School Of Nursing, , Thiruvallur",TIRUVALLUR ,Tamil Nadu,-,-,-
INDIRA SHIKSHAN PRASARAK MANDAL COLLEGE OF PHYSICAL EDUCATION, ,Maharashtra,-,-,-
Indira Shiva Rao Polytechnic, ,Karnataka,0820-2530232,-,-
Indira Smriti Mahavidyalaya, ,Madhya Pradesh,-,-,-
INDIRA TEACHERS TRAINING INSTITUTE, ,Karnataka,"27650160/161,9750273811,9150111080",contact@indiraeducational.org,www.indiraeducational.org
INDIRA TEACHERS TRAINING INSTITUTE, ,Tamil Nadu,-,-,-
Indira Womens Degree College,ADILABAD ,Andhra Pradesh,-,-,-
"Indira Womens Degree College, Siddipet",SIDDIPET ,Andhra Pradesh,08457-220025,-,-
Indirabai Meghe Mahila Mahavidyalaya, ,Maharashtra,-,-,-
Indiramma Womens Degree College,ACHAMPET ,Andhra Pradesh,-,-,-
"Indirani College Of Nursing , Ariyur", ,Pondicherry,-,-,-
INDO - AMERICAN INSTITUTE, ,Rajasthan,-,-,-
"Indo American College Of Nursing , Moga",MOGA ,Punjab,-,-,-
"Indo American College Of Nursing , Moga",MOGA ,Punjab,-,-,-
"Indo American College Of Nursing, Hyderabad",HYDERABAD ,Andhra Pradesh,+91-40-23551235/23552766/23607944,iacirc@rediffmail.com,http://www.indoamericancon.com
Indo American Institutions, ,Andhra Pradesh,08912858000,contact@iaitc.in,http://www.iaitc.in/
"Indo American School Of Nursing , Hyderabad",HYDERABAD ,Andhra Pradesh,-,-,-
"Indo American School Of Nursing , Moga",MOGA ,Punjab,-,-,-
Indo Asian Academy Degree College,BANGALORE ,Karnataka,"(080)25429691-92,25444045,25444004,25438701,9",admission@indoasianacademy.com,http://www.indoasianacademy.com/
Indo Global College of Engineering, ,Punjab,"0172-2542091,2546015,09815607246",contact@igef.net,http://www.igef.net/
INDO GLOBAL TEACHER TRAINING COLLEGE, ,Punjab,-,-,-
"Indo Hiroshima Institute Of Nursing , Patna",PATNA ,Bihar,-,-,-
"Indo Soviet Friendship Pharmacy College , Ferozepur",FIROZPUR ,Punjab,"01636-236564,324200,9878696688,01636-236564",isfpharm@yahoo.com,www.isfcp.org
INDO UNIVERSAL COLLEGE OF MANAGEMENT AND TECHNOLOGY, ,Uttar Pradesh,-,-,-
Indo-American College,TIRUVANNAMALAI ,Tamil Nadu,-,iaccyr@gmail.com,-
Indore Christian College,INDORE ,Madhya Pradesh,0731–2704533,mail@indorechristiancollege.com,www.indorechristiancollege.com/
Indore Christian College, ,Madhya Pradesh,-,-,-
Indore Institute of Law,INDORE ,Madhya Pradesh,2554443,indoreinstituteoflaw@gmail.com,-
"Indore Institute Of Medical Sciences College Of Nursing , Indore",INDORE ,Madhya Pradesh,-,-,-
"Indore Institute Of Nursing , Indore",INDORE ,Madhya Pradesh,-,-,-
"Indore Institute of Pharmacy , Indore",INDORE ,Madhya Pradesh,"0731-4010555,44,520,610,601,583,548",admission@indoreinstitute.com,www.indoreinstitute.com
Indore Institute of Technology,INDORE ,Madhya Pradesh,"0731-4205533-34,4205531,-30",principal@indorinstitute.com,www.iistindore.com
"Indore Nursing College , Indore",INDORE ,Madhya Pradesh,-,-,-
"Indore Nursing School,Indore",INDORE ,Madhya Pradesh,-,-,-
Indore School of Social Work, ,Madhya Pradesh,-,-,-
Indore Women''s Polytechnic College, ,Madhya Pradesh,0731-2321906,principaliwpci[at]yahoo[dot]co[dot]in,http://gwpci.nic.in/
Indore Womens Polytechnic, ,Madhya Pradesh,-,principaliwpci@yahoo.co.in,-
"IndoSoviet Friendship College of Pharmacy , Ferozepur",FIROZPUR ,Punjab,"01636-236564,324200,9878696688,01636-236564,",isfpharm@yahoo.com,www.isfcp.org
Indoss Polytechnic For Women, ,Delhi,9212441844,indoss56@gmail.com,http://www.nurseryteachertraining.co.in/
INDRA EDUCATIONAL & CHARITABLE TRUST, ,Karnataka,-,-,-
INDRA GANESAN COLLEGE OF EDUCATION, ,Tamil Nadu,+914312906262,balakrishnan.g@gmail.com,http://igbed.org/
Indra Ganesan College of Engineering,TRICHY ,Tamil Nadu,04312906565,director@igceng.in,www.igeng.in
INDRA PRASTHA COLLEGE OF EDUCATION & TECHNOLOGY, ,Uttar Pradesh,-,-,-
INDRA PRASTHA COLLEGE OF EDUCATION & TECHNOLOGY, ,Uttar Pradesh,-,-,-
Indra Priyadarshini College, ,Madhya Pradesh,-,-,-
Indra Singh B.Ed.Teacher's Training College, ,Jharkhand,09470363111(O)09431363819(M),indra.singh.b.ed.college@gmail.com,http://www.isbedttc.com
INDRADEV INSTITUTE OF EDUCATION & TECHNOLOGY, ,Uttar Pradesh,-,-,-
INDRADEV INSTITUTE OF EDUCATION AND TECHNOLOGY, ,Uttar Pradesh,-,-,-
Indrani Mahavidyalaya, ,Maharashtra,-,-,-
INDRAPATI MAHAVIDYALAYA, ,Uttar Pradesh,-,-,-
INDRAPRASTH INSTITUTE OF EDUCATION OF MANAGEMENT, ,Uttar Pradesh,-,-,-
Indraprasth Institute of Management, ,Haryana,0124-2214024,admissions@iimgurgaon.com,http://www.iimgurgaon.com/
"Indraprasth Nursing College,Gwalior",GWALIOR ,Madhya Pradesh,-,-,-
Indraprastha College For Women,DELHI ,Delhi,"011-23954085,23962009",principal@ip.du.ac.in,http://www.ipcollege.com
Indraprastha College of Management & Technology, ,Rajasthan,+91-291-2511241,-,www.icmt.ac.in
Indraprastha Engineering College,GHAZIABAD ,Uttar Pradesh,"0120-2895135,2895136",inderprastha@cjnet.4u.com,-
INDRAPRASTHA ENGINEERING COLLEGE, ,Uttar Pradesh,-,-,-
"Indraprastha Institute Of Nursing, Jaipur",JAIPUR ,Rajasthan,-,-,-
INDRAPRASTHA MANAGEMENT & TECHNOLOGY, ,Delhi,-,-,-
Indraprastha University,DELHI ,Delhi,+91-11-25302170,deanums@gmail.com,http://www.ggsipu.nic.in/
Indravati Mahavidyalaya (+3), ,Orissa,-,-,-
Indrawas Kumari Memorial Degree College, ,Uttar Pradesh,-,-,-
Indu Management Institute, ,Gujarat,0265-2233220,indumanagementinstitute@gmail.com,http://www.indueducation.org/
INDU MEMORIAL TEACHER TRAINING CENTRE, ,Kerala,-,-,-
"Indu Nursing School , Vadodara",VADODARA ,Gujarat,-,-,-
INDUKAKA LPCOWALA INSTITUTE OF MANAGEMENT,ANAND ,Gujarat,"02697-247500,248133",echange@hotmail.com,www.moti27kelvani.org
Indur Institute of Engineering & Technology, ,Andhra Pradesh,"+91-8457-230526,8457-230564",principal.indur@gmail.com,www.induriet.org
INDUR PG COLLEGE OF BUSINESS MANAGEMENT,NIZAMABAD ,Andhra Pradesh,-,-,-
Indus Business Academy, ,Uttar Pradesh,+91-0120-2334000,admin@ibagreaternoida.org,www.indusbusinessacademy.org
Indus Business Academy, ,Karnataka,+91-80-26083703/716,Email:admissions@ibaintl.org,http://www.iba.ac.in
Indus College of Engineering,COIMBATORE ,Tamil Nadu,-,contactus@indusinstitutions.com,-
Indus College of Engineering Orissa, ,Orissa,(0674)-6533838/2550070,info@indus.ac.in,http://www.indus.ac.in/
Indus Institute of Engineering & Technology, ,Gujarat,"01683-260666,260667",iietjind@gmail.com,www.iietjind.com
Indus Institute of Engineering & Technology, ,Haryana,"01683-260666,260667","principal@iietjind.com,iietjind@gmail.com",http://www.iietjind.com
Indus Institute of Technology and Management, ,Uttar Pradesh,-,info@iitmkanpur.ac.in,www.iitmkanpur.ac.in
Indus School of Business Management, ,Haryana,0124-4057653,placement@isbmgurgaon.com,http://www.isbmgurgaon.com
INDUS School of Engineering, ,Orissa,-,-,-
INDUS TEACHER TRAINING COLLEGE, ,Haryana,-,-,-
Indus University, ,Gujarat,+91-2764-260277/78/79,info@indusuni.ac.in,http://www.indusuni.ac.in/
INDUTAI MEMORIAL COLLEGE OF EDUCATION, ,Maharashtra,-,-,-
INDUTAI MEMORIAL COLLEGE OF EDUCATION, ,Maharashtra,-,-,-
INDUTAI MEMORIAL COLLEGE OF PHYSICAL EDUCATION, ,Maharashtra,-,-,-
Indyana Global Technical Campus, ,Maharashtra,02067933000+919822625119,"info@indyana.org,admissions@indyana.org",http://www.indyana.org
INFANT JESUS COLLEGE, ,Karnataka,-,-,-
INFANT JESUS COLLEGE OF EDUCATION, ,Tamil Nadu,-,-,-
Infant Jesus College Of Engineering, ,Tamil Nadu,"04630-262650,651,9443583383/9444403758","ijce@vsnl.net,ijce@rediffmail.com",www.ijce.ac.in
Infant Jesus College of Engineering and Technology, ,Tamil Nadu,0463-0294404,contact@ijcet.ac.in,www.ijcet.ac.in
INFANT JESUS EDUCATIONAL ACADEMY, ,Tamil Nadu,-,-,-
Infant Jesus Polytechnic College,CUDDALORE ,Tamil Nadu,"0431-2690429,0431-2690009,9443922895",infantjesus_jjir2003@yahoo.co.in,-
Infant Jesus Polytechnic College, ,Tamil Nadu,"0431-2690429,0431-2690009,9443922895",infantjesus_jjir2003@yahoo.co.in,-
INFANT JESUS TEACHER TRAINING INSTITUTE, ,Tamil Nadu,-,-,-
Info Institute Engineering,COIMBATORE ,Tamil Nadu,"0422-2363700-705,",info@infoengg.com,-
INFOTECH EDUCAITON SOCEITY, ,Madhya Pradesh,-,-,-
Ingraham Polytechnic, ,Uttar Pradesh,0120-2825222,ingrahampolytechnic@yahoo.co.in,www.ingrahaminstitute.com/ingrahampolytechnic̴
INNOCENT HEARTS COLLEGE OF ELEMENTARY TEACHER TRAINING, ,Punjab,-,-,-
Innocent Hearts Group of Institutions, ,Punjab,0181-2276041,-,www.ihgi.in
"Innova College Of Nursing , Hyderabad",HYDERABAD ,Andhra Pradesh,-,-,-
INNOVATIVE INSTITUTE OF EDUCATIN AND TECHNOLOGY, ,Uttar Pradesh,-,-,-
Innovative Institute Of Education And Technology, ,Uttar Pradesh,-,-,-
Innovative Institute of Education and Technology, ,Uttar Pradesh,"+911206524033,6524035",innovative_college@rediffmail.com,http://www.innovative-institutes.com/
Innovative Institute of Law, ,Uttar Pradesh,9311637878,innovativelawcollege@gmail.com,http://www.innovativelawcollege.com/
Innovative Pharmacy, ,Uttar Pradesh,9311637878,innovativepharmacy.in@gmail.com,http://www.innovativepharmacy.in/
"Inservice Training School , Nadia",NADIA ,West Bengal,-,-,-
Insight Institute Education And Training, ,Jammu and Kashmir,-,-,-
INSPIRATION COLLEGE OF TEACHER EDUCATION, ,Uttaranchal,-,-,-
"Inst Of Nursing Edu , Panjim",GOA ,Goa,-,-,-
"Inst Of Nursing Edu Nsg Sch Tiswada,Panjim",PANAJI ,Goa,-,-,-
INST. OF MARKETING & MANAGEMENT,DELHI ,Delhi,-,info@immindia.com,-
Institute Aviation Medicine, ,Karnataka,-,-,-
INSTITUTE COLLEGE OF EDUCATION, ,Uttar Pradesh,-,-,-
Institute for Communicative & Cognitive Neuro Sciences,TRIVANDRUM ,Kerala,-,-,http://www.iccons.org
INSTITUTE FOR FINANCIAL MANAGEMENT AND RESEARCH,CHENNAI ,Tamil Nadu,+914428303400,enq@ifmr.ac.in,www.ifmr.ac.in
Institute for Future Education  Entrepreneurship and Leadership, ,Maharashtra,02114282818/02114282192,"director@ifeel.edu.in,info@ifeel.edu.in,admissions",http://www.ifeel.edu.in/
INSTITUTE FOR HIGHER EDUCATION, ,Uttar Pradesh,-,-,-
"INSTITUTE FOR INTEGRATED LEARNING IN MANAGEMENT, DELHI",DELHI ,Delhi,011-30934300-399,ubsadm@iilm.edu,www.ubs.iilm.edu
Institute for International Management & Technology, ,Haryana,18001038388,iimt@iimtobu.ac.in,http://www.iimtobu.ac.in/
INSTITUTE FOR MANAGEMENT STUDIES,HARIDWAR ,Uttaranchal,01332-232091-92,imsrookee@yahoo.com,-
"Institute for Special Education, Y.M.C.A",DELHI ,Delhi,24359405/24354061,ymcand@del3.vsnl.net.in,-
"INSTITUTE FOR TECHNOLOGY & MANAGEMENT, CHENNAI",CHENNAI ,Tamil Nadu,"044-32974147,27470525",chennai@itm.edu,www.itm.edu/chennai/
INSTITUTE FOR WOMEN, ,Tamil Nadu,-,-,-
INSTITUTE OF  CO-OPERATIVE MANAGEMENT,BHOPAL ,Madhya Pradesh,-,-,www.mbpl.nic.in
Institute Of Hotel Management Catering Nutrition, ,Haryana,01642430454,ihm@ihmbti.com,www.ihmbti.com
INSTITUTE OF ADVANCE STUDIES IN EDUCATION, ,Chhattisgarh,+91-1564-222204/222248,	oncampus@iaseuniversity.org.in,http://www.iaseuniversity.org.in
INSTITUTE OF ADVANCE STUDIES IN EDUCATION, ,Kerala,-,-,-
Institute of Advanced Computer, ,Orissa,06857-225270/225850/225827,iacr_enggcollege@yahoo.co.in,www.iacrcollege.org
"INSTITUTE OF ADVANCED CTUDIES IN EDUCATION,DEEMED UNIVERSITY", ,Rajasthan,-,-,-
Institute of Advanced Information Technology and Research, ,Tamil Nadu,04222497360,admin@iaitr.com,www.iaitr.com
Institute of Advanced Management, ,West Bengal,"033-23679347,23674645","iamcal@iam.ac.in,iamcal@vsnl.net",www.iam.ac.in
institute of advanced nursery teacher training, ,Uttar Pradesh,09936455318,nttlko@gmail.com,http://www.iantt.com
Institute Of Advanced Studies  In Education,CHENNAI ,Tamil Nadu,-,-,-
INSTITUTE OF ADVANCED STUDIES IN EDUCATION, ,Delhi,-,info@iasetamilnadu.org,-
INSTITUTE OF ADVANCED STUDIES IN EDUCATION, ,Rajasthan,-,-,-
INSTITUTE OF ADVANCED STUDIES IN EDUCATION, ,Uttar Pradesh,-,-,-
Institute of Advanced Studies in Education of Gandhi Vidya Mandir, ,Rajasthan,+91-1564-222204/222248,oncampus@iaseuniversity.org.in,www.iaseuniversity.org.in
Institute of Advanced Studiesin Education, ,Tripura,-,-,-
INSTITUTE OF ADVANCED STUDY EDUCATION, ,Tamil Nadu,-,info@iasetamilnadu.org,-
INSTITUTE OF ADVANCED TECHNOLOGY AND SCIENCE, ,Madhya Pradesh,-,-,-
Institute of AdvancedScience and Technology,GWALIOR ,Madhya Pradesh,-,-,-
Institute of Aeronautical Engineering, ,Andhra Pradesh,08418-257181/182,info@iare.ac.in,http://web.iare.ac.in/
"Institute of Aerospace Medicine Indian Air Force, Bangalore",BANGALORE ,Karnataka,080-25224131,iamiaf@vsnl.in,www.isam-india.org
Institute Of Applied Medicines & Research, ,Uttar Pradesh,-,-,-
Institute of Applied Medicines & Research, ,Uttar Pradesh,-,-,-
Institute of Aviation Medicine, ,Karnataka,-,-,-
INSTITUTE OF BUSINESS & COMPUTER STUDIES,BHUBANESWAR ,Orissa,06624280322/280948/280576,info@iipm.ac.in/education@iipm.ac.in,-
INSTITUTE OF BUSINESS ADMINSTRATION & TRAINING,BHUBANESWAR ,Orissa,"06742740326,2742103",kiit@kiit.ac.in,www.kiit.org
INSTITUTE OF BUSINESS MANAGEMENT,DARBHANGA ,Bihar,"06272-222872,9334934305",-,-
Institute of Business Management, ,Bihar,06123269705/3269704/9304141004/9955555590,info@iibmpatna.com|info@iibm.in,http://www.iibm.in/in/
INSTITUTE OF BUSINESS MANAGEMENT & FASHION TECHNOLOGY, ,Uttar Pradesh,-,-,-
INSTITUTE OF BUSINESS MANAGEMENT & RESEARCH,INDORE ,Madhya Pradesh,-,hodibmr@ipsacademyonline.com,-
INSTITUTE OF BUSINESS MANAGEMENT & RESEARCH,PUNE ,Maharashtra,020-27475090,ibmrc@vsnl.in,-
INSTITUTE OF BUSINESS MANAGEMENT & RESEARCH, ,West Bengal,-,-,-
INSTITUTE OF BUSINESS MANAGEMENT & RESEARCH.,PUNE ,Maharashtra,020-22934719,nc_ibmr@vsnl.net,www.ispune.com
INSTITUTE OF BUSINESS MANAGEMENT & RURAL DEVELOPMENT,AHMEDNAGAR ,Maharashtra,0241-27779558,ibmrd_anr@rediffmail.com,www.ibmrd.org
"INSTITUTE OF BUSINESS MANAGEMENT & TECHNOLOGY, BANGALORE", ,Karnataka,91-80-26791740/26798528/26792794,-,www.ibmtedu.org
INSTITUTE OF BUSINESS MANAGEMENT AND RESEARCH, ,Maharashtra,02227560531/32,admissions.ibsar@gmail.com,http://www.ibsar.ac.in
INSTITUTE OF BUSINESS MANAGEMENT& FASHION TECHNOLOGY, ,Uttar Pradesh,-,-,-
INSTITUTE OF BUSINESS MANAGEMENT& FASHION TECHNOLOGY, ,Uttar Pradesh,-,-,-
"Institute of Business Management, Bela", ,Bihar,06272-246082,-,www.ibmdbg.org
INSTITUTE OF BUSINESS MGT. & TECH,AMBALA ,Haryana,-,-,-
Institute Of Ceramic Technology,CHENNAI ,Tamil Nadu,-,pgp1951@rediffmail.com,-
Institute of Chartered Financial Analysis of India University,AGARTALA ,Tripura,0381-2865755-758,agartala@icfai.org,www.iutripura.edu.in
Institute of Chartered Financial Analysts of India (ICFAI), ,Uttaranchal,0135-3003009,admissions@iudehradun.edu.in,www.iudehradun.edu.in
Institute of Chartered Financial Analysts of India University, ,Sikkim,03592-202065/066,registrar@iusikkim.edu.in,www.iusikkim.edu.in
Institute Of Chemical Technology,CHENNAI ,Tamil Nadu,-,"abp@udct.ernet.in,sslele@vsnl.net",-
Institute of Chemical Technology, ,,02233612222,admission@ictmumbai.edu.in;admission.ict@gmail.co,http://www.ictmumbai.edu.in/
INSTITUTE OF CO OPERATIVE & CORPORATE, ,Uttar Pradesh,0522-2716431,info@iccmrt.ac.in,-
INSTITUTE OF CO-OPERATIVE MANAGEMENT,DEHRADUN ,Uttaranchal,0135-2734272,icmddn@rediffmail.com,-
INSTITUTE OF CO-OPERATIVE MANAGEMENT,MADURAI ,Tamil Nadu,0452-2690055(P),-,-
Institute of Co-operative Management Dehradun, ,Uttaranchal,"+919412075516,",info@icmdehradun.com,www.icmdehradun.com
INSTITUTE OF COMPUTER AND MANAGEMENT RESEARCH,PUNE ,Maharashtra,-,-,www.rjspm.org
INSTITUTE OF COMPUTER SCIENCE & TECHNOLOGY, ,Uttar Pradesh,"0542-2318756,2319114",director.shepa@rediffmail.com,-
Institute of Computer Science & Technology, ,Uttar Pradesh,"0542-2300804,805,806,2300187",adm.shepa@gmail.com,http://www.icst.ac.in/
INSTITUTE OF COMPUTERS & BUSINESS MANAGEMENT - SCHOOL OF BUSINESS EXCELLENCE,HYDERABAD ,Andhra Pradesh,-,-,-
"Institute of Dental Education & Advance Studies IDEAS , Gwalior",GWALIOR ,Madhya Pradesh,(604)444-3131,ideas.courses@gmail.com,www.dentalideas.ca
"Institute of Dental Sciences , Bareilly",BAREILLY ,Uttar Pradesh,0581-2526044,"Keshlatahospital@sify.com,Keshlatahospital@yahoo.com",www.rmcbareilly.com
"Institute of Dental Sciences, Bhubaneswar",BHUBANESWAR ,Orissa,"0674-2384336,2384380,0674–2350635/2350642",-,www.ids.ac.in
"Institute of Dental Sciences, Sehora",JAMMU ,Jammu and Kashmir,"0191-2484872,2483115",-,www.idsjammu.com
"Institute of Dental Studies & Technology , Modinagar",MODINAGAR ,Uttar Pradesh,01232-296354296356296357,lkqandhi@dst.orq,www.idstcollege.com
INSTITUTE OF EDUCATION, ,Uttar Pradesh,-,-,-
INSTITUTE OF EDUCATION, ,Uttar Pradesh,-,-,-
INSTITUTE OF EDUCATION, ,Uttar Pradesh,-,-,-
Institute of Education, ,West Bengal,-,-,-
INSTITUTE OF EDUCATION, ,Tamil Nadu,-,-,-
Institute of Education (PG) for Women, ,West Bengal,-,-,-
INSTITUTE OF EDUCATION AND MANAGEMENT, ,Uttar Pradesh,-,-,-
INSTITUTE OF EDUCATION AND MANAGEMENT, ,Uttar Pradesh,-,-,-
Institute Of Education For Women, ,West Bengal,-,-,-
Institute of Education for Women, ,West Bengal,-,iewhastingshouse@yahoo.com,-
Institute of Educational Research & Studies Primary Teacher's Training Institute, ,West Bengal,"33-24601746,9830450452",iers-ptti@yahoo.com,http://www.iers-ptti.com/
Institute of Engineering, ,Madhya Pradesh,-,-,-
Institute of Engineering & Industrial Technology,DURGAPUR ,West Bengal,03432700082/83/84/85/86,sanakaeducationaltrust@gmail.com,http://www.setgoi.com
Institute of Engineering and Emerging Technologies, ,Himachal Pradesh,-,emergetech@indiatimes.com,-
Institute of Engineering and Rural Technology,ALLAHABAD ,Uttar Pradesh,"0532-2425206,3100230",admin@sandish.iert.ac.in,-
Institute of Engineering for Women, ,Rajasthan,-,-,-
Institute of Engineering Science,INDORE ,Madhya Pradesh,0731-5058673,iesmindore@gmail.com,-
Institute of Engineering Technology Jaipur, ,Rajasthan,-,-,-
Institute of Engineering Technology Kerala, ,Kerala,-,-,-
Institute of Engineering Technology Lucknow, ,Uttar Pradesh,05222361692,registrar.admin@ietlucknow.edu,-
Institute of Engineering Technology Madhya Pradesh, ,Madhya Pradesh,"91-731-2462311,2366800,",-,http://www.iet.dauniv.ac.in/
Institute of Engineering Technology Punjab, ,Punjab,01881-244391,adm@ietbaddal.org,www.pgc.edu.in
Institute of Engineering Technology Rajasthan, ,Rajasthan,"091-0141-2752080,2752081",admn@gyanvihar.org,http://www.ietalwar.com/
Institute of Engineering Technology Sitapur, ,Uttar Pradesh,(05862)-243180,sitapur_shiksha_sansthan@hotmail.com,http://www.ietstp.ac.in/
Institute of Environment & Management, ,Uttar Pradesh,-,-,-
"INSTITUTE OF ENVIRONMENT & MANAGEMENT, LUCKNOW", ,Uttar Pradesh,0522-2520107,iem_lko@rediffmail.com,www.iemmba.com
Institute of Excellence in Higher Education, ,Madhya Pradesh,-,-,-
INSTITUTE OF EXCELLENCE IN MGT. SCIENCE,HUBLI ,Karnataka,0836-2310493/940836-2364516/2310492,kesiems@gmail.com,-
"INSTITUTE OF FINANCIAL MANAGEMENT & RESEARCH, CHENNAI", ,Tamil Nadu,914428303400,enq@ifmr.ac.in,www.ifmr.ac.in
Institute of Fire & Safety Management, ,Uttaranchal,01356541560,institute.firesafety@gmail.com,www.ifsm.in
INSTITUTE OF FORGEN TRADE AND MANAGEMENT (IFTM), ,Uttar Pradesh,0591-6533563,directoriftm@hotmail.com,-
"Institute Of Health And Social Science , Dakshin Dinajpur", ,West Bengal,-,-,-
INSTITUTE OF HEALTH MANAGEMENT RESEARCH, ,Rajasthan,08030533800/801/803,info.bangalore@iihmr.org,http://www.bangalore.iihmr.org
Institute of Health Sciences, ,Orissa,0674-2553640,ihsbbsr@yahoo.com,www.ihsindia.org
"Institute Of Health Sciences,Greater Noida",NOIDA ,Uttar Pradesh,-,-,-
INSTITUTE OF HIGHER EDUCATION, ,Delhi,-,-,-
INSTITUTE OF HIGHER EDUCATION, ,Himachal Pradesh,-,-,-
INSTITUTE OF HIGHER EDUCATION, ,Uttar Pradesh,-,-,-
"Institute Of Home Economics, New Delhi", ,Delhi,"26532402,46018108",principal.ihe@gmail.com,www.ihc-du.com
Institute of Hotel and Restaurant Management, ,West Bengal,"033-24346885,24347138",director@ihrmcal.org,http://www.ihrmedu.org/
"Institute of Hotel Management - IHM, Aurangabad (Taj Group)", ,,0240–2381113,-,-
"Institute of Hotel Management and Catering Technology, Bharati Vidyapeeth Deemed University", ,Maharashtra,020-24372761,Coayuvrved@bharatividyapeeth.edu,ihmct.bharatividyapeeth.edu
Institute Of Hotel Management Catering Nutrition, ,Punjab,01642430454,ihm@ihmbti.com,www.ihmbti.com
Institute of Human Behaviour & Allied Sciences,DELHI ,Delhi,-,-,-
"Institute of Human Behaviour And Allied Sciences, Delhi",DELHI ,Delhi,22112136,ihbas@nda.vsnl.net.in,-
INSTITUTE OF INFORMATICS & MANAGEMENT SCIENCES, ,Uttar Pradesh,-,-,-
INSTITUTE OF INFORMATICS AND MANAGEMENT SCIENCE, ,Uttar Pradesh,"0121-2760396,2767823",info@iim.edu.in,-
INSTITUTE OF INFORMATIES & MANAGEMENT SCIENCE, ,Uttar Pradesh,-,-,-
INSTITUTE OF INFORMATIES & MANAGEMENT SCIENCE, ,Uttar Pradesh,-,-,-
INSTITUTE OF INFORMATIES & MANAGEMENT SCIENCE, ,Uttar Pradesh,-,-,-
INSTITUTE OF INFORMATION & MANAGEMENT SCIENCE,JAIPUR ,Rajasthan,-,driims@yahoo.com,-
INSTITUTE OF INFORMATION AND MANAGEMENT SCIENCES, ,Uttar Pradesh,-,-,-
Institute of Information Management &Technology, ,Uttar Pradesh,"+91-9917464291,92,93",info@iimtaligarh.in,www.iimtaligarh.in
INSTITUTE OF INFORMATION MANAGEMENT AND TECHNOLOGGY, ,Uttar Pradesh,-,-,-
Institute of Information Technology & Management, ,Delhi,"91-011-28525051,28525882",rcit_tec@rediffmail.org,-
Institute of Information Technology & Management Gawlior,GWALIOR ,Madhya Pradesh,"0751-2440056,2432988,2432988",slstrust@rediffmail.com,www.itmgoc.org
"Institute of Integral Technology,", ,Uttar Pradesh,	0522-2890812/2890730,vc@integraltech.ac.in;vc@integraluniversity.ac.in,-
Institute of Jute Technology, ,West Bengal,033-4750996/4661399,ijt@cal2.vsnl.net.in,www.ijtindia.org
Institute of Language Research, ,Madhya Pradesh,-,-,-
Institute of Law,GWALIOR ,Madhya Pradesh,0751-5016839,-,-
INSTITUTE OF LAW AND ACADEMIC STUDIES, ,Uttar Pradesh,-,-,-
Institute of Law and Forensic Science,RAJKOT ,Gujarat,0281-2587859,-,-
Institute of Law and Management Studies,GURGAON ,Haryana,0124-2580098,ilmsmdu@gmail.com,-
Institute of Law and Research,FARIDABAD ,Haryana,0129-2229774,-,-
Institute of LawCh. Charan Singh University,MEERUT ,Uttar Pradesh,+911212763539,-,-
Institute of Laws,LUDHIANA ,Punjab,"0161-2443830,0161-2448917",-,-
Institute Of Leather Technology,CHENNAI ,Tamil Nadu,080-25441300,-,-
Institute Of Leather Technology, ,Karnataka,080-25441300,-,-
"Institute of Liver and Biliary Sciences, New Delhi",DELHI ,Delhi,011-46300000,-,www.ilbs.in
Institute of Management,RAIPUR ,Chhattisgarh,-,-,www.prsu.ac.in
INSTITUTE OF MANAGEMENT,CHANDIGARH ,Chandigarh,-,info@iimraipur.ac.in,www.prsu.ac.in
INSTITUTE OF MANAGEMENT,KOLHAPUR ,Maharashtra,0231-2652426,institute_bvimk@rediffmail.com,www.bhartividyapeeth.edu
Institute of Management  Research,GHAZIABAD ,Uttar Pradesh,"0120-2675418,2675419",ime@vsnl.net,-
INSTITUTE OF MANAGEMENT & CAREER COURSES,KOTHRUD ,Maharashtra,(0)(020)-25440116,mesimcc@giaspno1.vsnl.net.in,www.mesimce.org
INSTITUTE OF MANAGEMENT & CAREER DEVELOPMENT,PUNE ,Maharashtra,020-27473525,imcdmba@rediffmail.com,www.imcepune.in
INSTITUTE OF MANAGEMENT & COMPUTER STUDIES, ,Maharashtra,022-25834443,imcost@vsnlo.net,www.imcost.org
INSTITUTE OF MANAGEMENT & ENTREPRENEURSHIP DEVELOPMENT,PUNE ,Maharashtra,020-25431060,bvimed@vsnl.com,www.bhartividyapeeth.edu
INSTITUTE OF MANAGEMENT & INFORMATION TECHNOLOGY,CUTTACK ,Orissa,0671614711,imitcuttack@rediffmail.com,www.imitcuttack.com
INSTITUTE OF MANAGEMENT & RESEARCH, ,Uttar Pradesh,-,-,-
INSTITUTE OF MANAGEMENT & RURAL DEVELOPMENT ADMINISTRATION,SANGLI ,Maharashtra,0233-2352776,san_bvimrda@sancharnet.in,www.bhartividyapeeth.edu
"INSTITUTE OF MANAGEMENT & TECHNOLOGY,", ,Uttar Pradesh,-,-,-
Institute Of Management &Technology, ,Haryana,01292229137,imt@imtfaridabad.com,http://www.imtfaridabad.com
INSTITUTE OF MANAGEMENT AND COMPUTER STUDIES, ,Maharashtra,020-25444363/2537801,imcs@eth.net,www.shivrapartishthan.org.in
Institute of Management and Global Education, ,Chhattisgarh,07826-272506/7,imagebhilai@gmail.com,www.imagebschool.net
Institute of Management and Information Technology, ,Orissa,0671-2414711,imitcuttack@rediffmail.com,www.imit.ac.in
Institute of Management and Technology, ,Kerala,"0477-2617880,2266701",-,http://www.imtpunnapra.org/
INSTITUTE OF MANAGEMENT DEVELOPMENT & RESEARCH,SANGLI ,Maharashtra,0233-2601040,imrs@sancharnet.in,www.imrsangli.com
INSTITUTE OF MANAGEMENT EDUCATION, ,Uttar Pradesh,"0120-2627646,2623376",ime@vsnl.net,-
INSTITUTE OF MANAGEMENT EDUCATION, ,Uttar Pradesh,-,-,-
INSTITUTE OF MANAGEMENT EDUCATION, ,Uttar Pradesh,-,-,-
INSTITUTE OF MANAGEMENT EDUCATION, ,Uttar Pradesh,-,-,-
Institute of Management Education, ,Uttar Pradesh,-,-,-
INSTITUTE OF MANAGEMENT EDUCATION & RESEARCH,KOLHAPUR ,Maharashtra,0231-2638141,klp_kitimer@sancharnet.in,www.kitimer.com
INSTITUTE OF MANAGEMENT EDUCATION RESEARCH & TRAINING,PUNE ,Maharashtra,020-5676618,imert@imertpune.edu.in,www.imertpune.edu.in
Institute of Management Engineering,KOLKATA ,West Bengal,033-23572059/8189/5389/28660821/23578908,admn@iemcal.com,www.iemcal.com
INSTITUTE OF MANAGEMENT SCIENCE, ,Uttar Pradesh,"0542-2318756,2319112",director.ims@rediffmail.com,-
"Institute of Management Science, Pmpri", ,Maharashtra,0213527872302135203483,sandeshtilekar@gmail.com,http://www.imspimpri.com
INSTITUTE OF MANAGEMENT SCIENCES,JAMMU ,Jammu and Kashmir,"0191-2604537,2106451",ims@jamwalgroup.com,-
INSTITUTE OF MANAGEMENT STUDIES, ,Uttar Pradesh,0542-2223929,mbshukla.ims@rediffmail.com,-
INSTITUTE OF MANAGEMENT STUDIES,INDORE ,Madhya Pradesh,07312478800,iiftr@sify.com,http://www.iiftr.org/
INSTITUTE OF MANAGEMENT STUDIES,DEHRADUN ,Uttaranchal,"0135-2738000,2738001",ims@imsindia.org,-
INSTITUTE OF MANAGEMENT STUDIES, ,Rajasthan,-,imsbikaner@gmail.com,-
INSTITUTE OF MANAGEMENT STUDIES, ,Uttar Pradesh,-,-,-
INSTITUTE OF MANAGEMENT STUDIES, ,Uttaranchal,-,-,-
Institute of Management Studies, ,Uttar Pradesh,-,-,-
INSTITUTE OF MANAGEMENT STUDIES & RESEARCH,THANE ,Maharashtra,-,-,-
INSTITUTE OF MANAGEMENT STUDIES AND RESEARCH,INDORE ,Madhya Pradesh,-,-,-
INSTITUTE OF MANAGEMENT STUDIES AND RESEARCH,MUMBAI ,Maharashtra,-,-,-
"INSTITUTE OF MANAGEMENT STUDIES, GHAZIABAD",GHAZIABAD ,Uttar Pradesh,"0120-4170600,2866035/39",director@ims-ghaziabad.ac.in,www.ims-ghaziabad.ac.in
"INSTITUTE OF MANAGEMENT STUDIES, NOIDA", ,Uttar Pradesh,+91-120-4798800-02,info@imsnoida.com,www.imsnoida.com
"Institute of Management Studies, Roorkee", ,Uttaranchal,"+91-232091,232092",dir@imsroorkee.com,www.imsroorkee.com
INSTITUTE OF MANAGEMENT TECHNOLOGY,UDHAM SINGH NAGAR ,Uttaranchal,"05947-262891,262892",imtksp@yahoo.com,-
INSTITUTE OF MANAGEMENT TECHNOLOGY, ,Madhya Pradesh,-,-,-
"INSTITUTE OF MANAGEMENT TECHNOLOGY, GHAZIABAD", ,Uttar Pradesh,9101203002200,info@imt.ac.in,www.imt.edu
"Institute of Management Technology, Ghaziabad", ,Uttar Pradesh,+9101203002200,info@imt.edu,www.imt.edu
"Institute of Management, Badnapur", ,Maharashtra,02482-261201,-,www.nkspt.org
INSTITUTE OF MARKETING AND MANAGEMENT, ,Delhi,"91-11-26520892-6,26520900,26960535,26960752","immnd@nda.vsnl.net.in,info@immindia.com",www.immindia.com
Institute Of Medical Sciences Bhu Varanasi, ,Uttar Pradesh,0542-307500/367568,directorims@satyam.net.in,-
"Institute of Medical Sciences, Banaras Hindu University , Varanasi",VARANASI ,Uttar Pradesh,91-542-2367568,directorims@satyam.net.in,www.medindia.net
"Institute of Medical Sciences, BHU, Varansi", ,Uttar Pradesh,0542-307500/367568,directorims@gmail.com,www.imsbhu.nic.in
"Institute Of Medical Technology & Nsg Edu,Jaipur",JAIPUR ,Rajasthan,-,-,-
"Institute Of Medical Technology And Nursing Education , Jaipur",JAIPUR ,Rajasthan,-,-,-
"Institute of Medical Technology Pharmacy College , Puri",PURI ,Orissa,"06752-251415,251575,230406(R)",info@imtpuri.com,www.imtpuri.com
Institute of Mental Health and Hospital,AGRA ,Uttar Pradesh,-,-,-
"Institute Of Mental Health And Hospital ,Agra",AGRA ,Uttar Pradesh,-,-,-
"Institute Of Mental Health And Hospital ,Agra",AGRA ,Uttar Pradesh,-,-,-
INSTITUTE OF MGT. & TECH,FARIDABAD ,Haryana,-,imt@imtfaridabad.com,-
INSTITUTE OF MGT. STUDIES,SOLAN ,Himachal Pradesh,01795-247352/53/247886,-,-
"Institute Of Multipurpose female Health Worker Training Centre,Chattisgarh", ,Chhattisgarh,-,-,-
institute of Music and Fine Arts, ,Jammu and Kashmir,0191-2431365,manhasverinder@gmail.com,www.jammuuniversity.in
"Institute of Navel Medicine, INHS, Aswini",MUMBAI ,Maharashtra,022-22150670,bhushangagrani@gmail.com,www.indiannavy.nic.in
"Institute of Navel Medicine, Inhs,Aswini, Mumbai",MUMBAI ,Maharashtra,022-22150670,info@eduhelpindia.com,-
"Institute of Nuclear Medicine & Allied Sciences, New Delhi",DELHI ,Delhi,-,inmas@ndb.vsnl.in,-
"Institute Of Nursing , Hubli",HUBLI ,Karnataka,-,-,-
"Institute Of Nursing , Sindudurga",SINDHUDURG ,Maharashtra,-,-,-
Institute Of Nursing Education, ,Maharashtra,-,-,-
"Institute Of Nursing Education & Paramedical Sciences , Thane",THANE ,Maharashtra,-,-,-
"Institute Of Nursing Education & Training , Nashik",NASHIK ,Maharashtra,-,-,-
"Institute Of Nursing Education & Training , Nashik",NASHIK ,Maharashtra,-,-,-
"Institute Of Nursing Education , Bambolim", ,Goa,-,-,-
"Institute Of Nursing Education , Ernakulam",ERNAKULAM ,Kerala,-,-,-
"Institute Of Nursing Education , Ernakulum",ERNAKULAM ,Kerala,-,-,-
"Institute Of Nursing Education , Kottayam",KOTTAYAM ,Kerala,-,-,-
"Institute Of Nursing Education , Kottayam",KOTTAYAM ,Kerala,-,-,-
"Institute Of Nursing Education , Kottayam",KOTTAYAM ,Kerala,-,-,-
"Institute Of Nursing Education , Ludhiana",LUDHIANA ,Punjab,-,-,-
"Institute Of Nursing Education , Ludhiana",LUDHIANA ,Punjab,-,-,-
"Institute Of Nursing Education , Mumbai",MUMBAI ,Maharashtra,-,-,-
"Institute Of Nursing Education , Mumbai",MUMBAI ,Maharashtra,-,-,-
"Institute Of Nursing Education , Mumbai",MUMBAI ,Maharashtra,-,-,-
"Institute Of Nursing Education , Pathanamthitta",PATHANAMTHITTA ,Kerala,-,-,-
"Institute Of Nursing Education , School Of Medical Education , Idukki",IDUKKI ,Kerala,-,-,-
"Institute Of Nursing Education ,Guru Teg Bahadur Sahib C Hospital , Ludhiana",LUDHIANA ,Punjab,"94179-62964|0161-2456614,0161-2457692|0161-24",-,-
"Institute Of Nursing Education ,Parbani", ,Maharashtra,-,-,-
"Institute Of Nursing Education And Research,Akola",AKOLA ,Maharashtra,-,-,-
"Institute Of Nursing Education,Bombay",MUMBAI ,Maharashtra,-,-,-
"Institute Of Nursing Education, School Of Medical Education , Angamaly", ,Kerala,-,-,-
"Institute Of Nursing Education, School Of Medical Education , Ernakulam",ERNAKULAM ,Kerala,-,-,-
"Institute Of Nursing Education, School Of Medical Education , Kochi",KOCHI ,Kerala,-,-,-
"Institute Of Nursing Education, School Of Medical Education , Kottayam",KOTTAYAM ,Kerala,-,-,-
"Institute Of Nursing Education,Bombay", ,Madhya Pradesh,-,-,-
"Institute Of Nursing Education,Parbhani", ,Maharashtra,-,-,-
"Institute Of Nursing Education,Pune",PUNE ,Maharashtra,-,-,-
"Institute Of Nursing Education,Sangli",SANGLI ,Maharashtra,-,-,-
"Institute Of Nursing Education,Sangli",SANGLI ,Maharashtra,-,-,-
"Institute Of Nursing Science , Agartala",AGARTALA ,Tripura,-,-,-
"Institute Of Nursing Science Studies & Research I N S R , Gwalior",GWALIOR ,Madhya Pradesh,-,-,-
"Institute Of Nursing Science Studies & Research insr , Gwalior",GWALIOR ,Madhya Pradesh,-,-,-
"Institute Of Nursing Science Studies And Research,Gwalior",GWALIOR ,Madhya Pradesh,-,-,-
"Institute Of Nursing Science, ,Tripura West",TRIPURA ,Tripura,-,-,-
"Institute Of Nursing Sciences , Hubli",HUBLI ,Karnataka,-,-,-
"Institute Of Nursing Sciences Studies & Research insr , Gwalior",GWALIOR ,Madhya Pradesh,-,-,-
"Institute of Opthalmology Joseph Eye Hospital, Tiruchirapalli",TRICHY ,Tamil Nadu,+914312460622/2462862,jeh@josepheye.in,http://josepheye.in
"Institute of Opthalmology Joseph Eye Hospital, Tiruchirapalli",TRICHY ,Tamil Nadu,+914312460622/2462862,jeh@josepheye.in,http://josepheye.in
Institute of Oriental Philosophy, ,Uttar Pradesh,-,-,-
"Institute Of Para Medicla Services,Sitapur",SITAPUR ,Uttar Pradesh,-,-,-
"Institute Of Paramedical & Vocational Education , Sabarkantha", ,Gujarat,-,-,-
"Institute Of Paramedical Sciences, , Sitapur",SITAPUR ,Uttar Pradesh,-,-,-
"Institute Of Paramedical, School Of Nursing , Lucknow",LUCKNOW ,Uttar Pradesh,-,-,-
"Institute Of Paramedicals , Lucknow",LUCKNOW ,Uttar Pradesh,-,-,-
"Institute Of Paramedicals , Lucknow",LUCKNOW ,Uttar Pradesh,-,-,-
Institute of People's Science and Technology, ,Madhya Pradesh,-,-,-
"Institute of Pharm Sciences & Technology , Cuttack",CUTTACK ,Orissa,-,-,-
"Institute of Pharm. Sciences , THIRUVANANTHAPURAM",TRIVANDRUM ,Kerala,-,-,-
"Institute of Pharmaceutical Sciences , Srikanthapur",BALASORE ,Orissa,-,-,-
Institute of Pharmacy,RAIPUR ,Chhattisgarh,-,sailendrasaraf@rediffmail.com,www.jopraipur.ac.in
"Institute of Pharmacy & Technology , Salipur",CUTTACK ,Orissa,"06712352113,06712352213","mailipt@yahoo.co.in,mailipt@iptsalipur.org,pharmaipt@rediffmail.com",www.iptsalipur.org
"Institute of Pharmacy , Bankura",BANKURA ,West Bengal,-,-,-
"Institute of Pharmacy , Jalpaiguri",JALPAIGURI ,West Bengal,"03561-230057,221884",wb_ipj@rediffmail.com,www.ipjalpaiguri.org
"Institute of Pharmacy , Jhansi",JHANSI ,Uttar Pradesh,"2320496-97,2321035",bujhansi@upnic.in,www.bujhansi.org
"Institute of Pharmacy , Kalyani",KALYANI ,West Bengal,"+91-343-6511051,6454750,2533190",skset_pharm@rediffmail.com,www.bcpsr.ac.in
"Institute of Pharmacy , Pune",PUNE ,Maharashtra,-,-,-
Institute of Post Graduate Medical Education, ,West Bengal,033-22041101,director@ipgmer.gov.in,www.ipgmer.gov.in
Institute of Printing Technology,CHENNAI ,Tamil Nadu,080-22251480,-,-
Institute of Printing Technology, ,Karnataka,080-22251480,-,-
Institute of Printing Technology & Govt Polytechnic College, ,Kerala,04662220450,prl.gpt.ipt@dte.kerala.gov.in,-
"INSTITUTE OF PRODUCTIVITY & MANAGEMENT, GHAZIABAD",GHAZIABAD ,Uttar Pradesh,0120-2788082,info@ipm.edu,www.ipm.edu
INSTITUTE OF PROFESSIONAL EDUCATION AND  RESEARCH,BHOPAL ,Madhya Pradesh,-,iper.bbsr@gmail.com,www.jper.ac.in
INSTITUTE OF PROFESSIONAL EXCELLENCE & MANAGEMENT,GHAZIABAD ,Uttar Pradesh,"0120-2840653,2840390",info@ipemgzb.com,-
INSTITUTE OF PROFESSIONAL EXCELLENCE & MANAGEMENT, ,Uttar Pradesh,-,-,-
Institute of Professional Excellence & Management, ,Uttar Pradesh,-,-,-
INSTITUTE OF PROFESSIONAL STUDIES, ,Madhya Pradesh,-,-,-
INSTITUTE OF PROFESSIONAL STUDIES, ,Uttar Pradesh,-,-,-
INSTITUTE OF PROFESSIONAL STUDIES, ,Uttar Pradesh,-,-,-
Institute of Professional Studies, ,Uttar Pradesh,-,-,-
INSTITUTE OF PROFESSIONAL STUDIES & RESEARCH,CUTTACK ,Orissa,06712604578/2605395,ipsar@vsnl.com,www.ipsarhouse.com
Institute of Professional Studies and Reserach, ,Madhya Pradesh,0755-3024825/26/6454697,"sharma.hersh@iper.ac.in,placementpgdm@iper.ac.in",http://www.iper.ac.in
"Institute of Professional Studies College of Pharmacy Diploma , Gwalior",GWALIOR ,Madhya Pradesh,"0751-2427805,2439557",info@ipsgwalior.org,www.ipsgwalior.org
Institute of Professional Textile Technology (IPTT), ,Haryana,9467187756,srskgroup@gmail.com,http://iptt.yolasite.com
"Institute Of Psychiatry , Kolkata",KOLKATA ,West Bengal,-,-,-
Institute of Public Enterprise University Campus, ,Andhra Pradesh,-,-,-
"INSTITUTE OF PUBLIC ENTERPRISE, HYDERABAD", ,Andhra Pradesh,91-40-27098145/7445/8937,director@ipeindia.org,http://202.153.43.135/kenticocms/home.aspx
Institute Of Rail Transport - New Delhi, ,Delhi,"23384171,23384362,23303924,23303236","irtindia3@gmail.com/irt@nde.vsnl.net.in,",www.irt-india.com
Institute of Rehabilitation,SHIKOHABAD ,Uttar Pradesh,-,-,-
Institute of Rehabilitation Science and Special Education,TRICHY ,Tamil Nadu,-,-,-
Institute of Road and Transport Technolog,ERODE ,Tamil Nadu,"0424-2533279,579","irttprincipal@yahoo.com,contact@irtt.ac.in",www.irtt.ac.in
"Institute Of Road Transport Polytechnic College, Chennai",CHENNAI ,Tamil Nadu,"044-22541723,044-22542679,044-22541441",irt_taramani@yahoo.com,http://www.irtchennai.in
"Institute Of Road Transport Polytechnic College, Dharmapuri",DHARMAPURI ,Tamil Nadu,-,-,-
"Institute Of Road Transport Polytechnic College, Tirunelveli",CHENNAI ,Tamil Nadu,-,irtptvl@rediff.com,-
INSTITUTE OF RURAL MANAGEMENT, ,Rajasthan,-,-,-
INSTITUTE OF RURAL MANAGEMENT (IIRM),JAIPUR ,Rajasthan,0141-2395402/2397551/2399071,"iirm@iirm.ac.in,info@iirm.ac.in",www.iirm.ac.in
"INSTITUTE OF RURAL MANAGEMENT, ANAND",ANAND ,Gujarat,02692ďż˝260391/260181,-,www.irma.ac.in
Institute of Science, ,Maharashtra,-,-,-
Institute of Science, ,Maharashtra,-,-,-
Institute of Science & Management, ,Jharkhand,"+91-651-6571490,2240271,09204956889,09204956890",contact@ismranchi.org,http://www.ismranchi.org/
"INSTITUTE OF SCIENCE & MANAGEMENT, RANCHI",RANCHI ,Jharkhand,91-651-2242060,contact@ismranchi.org,www.iismr.org
Institute of Science & Technology Klawad, ,Haryana,"+91-1735-260301,","info@istk.org,director@istk.org",http://www.istk.org/
Institute of Science and Technology, ,Haryana,+91-3225-267288,principal@istonline.org.in,http://www.istonline.org.in/
Institute of Science and Technology, ,West Bengal,+91-3225-267288,principal@istonline.org.in,http://www.istonline.org.in/
Institute of Science Education, ,West Bengal,-,registrar@iisertvm.ac.in,-
Institute of Science Poona's College of Computer Sciences, ,Maharashtra,-,-,-
INSTITUTE OF SCIENCE POONAS COLLEGE OF EDUCATION, ,Maharashtra,-,-,-
Institute of Shipbuilding Technology, ,Goa,(0832)2520984,"isbt@isbt.ac.in,trpl@isbt.ac.in",http://www.isbt.ac.in/
Institute of Solar Technology, ,West Bengal,08296353254,customercaregps@gmail.com,www.istindia.org
INSTITUTE OF TEACHERS EDUCATION, ,Haryana,-,-,-
INSTITUTE OF TEACHERS EDUCATION, ,Uttar Pradesh,-,-,-
INSTITUTE OF TECHNICAL EDUCATION & RESEARCH CENTRE, ,Uttar Pradesh,-,-,-
Institute of Technical Education & Research Centre, ,Uttar Pradesh,-,-,-
Institute of Technical Education and Research, ,Orissa,0674-2351880/2350181/2401481,-,www.spsindia.org
Institute of Technology,BILASPUR ,Chhattisgarh,-,directoritggvv@rediffmail.com,-
INSTITUTE OF TECHNOLOGY,KANNUR ,Kerala,0460-22767860460-2276786,itmayyil@yahoo.com,www.itmayyil.com
Institute of Technology & Management, ,Uttar Pradesh,"+91-9927033475,+919927635500","info@itmaligarh.com,admission@itmaligarh.com",http://www.itmaligarh.com/
Institute of Technology & Management, ,Uttar Pradesh,-,-,-
Institute of Technology & Management, ,Maharashtra,"(02462)254850,253471",ssbesitm@yahoo.com,ssbesitm.org
Institute of Technology & Marine Engineering,SOUTH 24 PARGANAS ,West Bengal,03174-245108/23505985,info@itmeindia.org,www.itmeindia.org
"Institute Of Technology (IIT), Varanasi", ,Uttar Pradesh,-,wmg@itbhu.ac.in,http://www.iitbhu.ac.in/
INSTITUTE OF TECHNOLOGY AND MANAGEMENT,MUMBAI ,Maharashtra,"02227742798/93,27740903",kharghar@itm.edu,www.itm.edu
Institute Of Technology and Management Bhilwara, ,Rajasthan,01482-24922501482-249022,placement@itm-bhilwara.ac.in,http://www.itm-bhilwara.ac.in
Institute of Technology and Management Gorakhpur,GORAKHPUR ,Uttar Pradesh,"0551-2580076,3253313",itmgkp@hotmail.com,www.itmgida.edu.in
Institute of Technology and Management Gwalior,GWALIOR ,Madhya Pradesh,"0751-2432977,2432988,2432989",psdir@iiitm.ac.in,www.itmgoc.org
Institute of Technology and Management Haryana, ,Haryana,+911242367488,sanjay@itmindia.edu,http://www.itmindia.edu
Institute of Technology and Management itm, ,Uttar Pradesh,0120-2676904/05,itmmeerut@rediffmail.com,www.itmmeerut.org
Institute of Technology and Management Rajasthan, ,Rajasthan,"01482-249225,9414112740",placement@itm-bhilwara.ac.in,http://www.itm-bhilwara.ac.in
INSTITUTE OF TECHNOLOGY AND MGT,BANGALORE ,Karnataka,080-26580776/26585737080-26585736,bangalore@itm.edu,www.itm.edu
Institute Of Technology Banaras Hindu University, ,Uttar Pradesh,-,-,www.iitbhu.ac.in
Institute Of Technology For Womens University, ,Maharashtra,-,-,http://www.umit.ac.in/
Institute of Technology Kobra, ,Chhattisgarh,07759-217435,-,-
Institute of Technology Maharastra,AURANGABAD ,Maharashtra,(0)(0240)-2333647,imsit@sify.com,-
INSTITUTE OF TECHNOLOGY SCIENCE,GHAZIABAD ,Uttar Pradesh,"0120-265728,2657259",itsbp@vsnl.com,www.itsgzb.ac.in
Institute of Technology Science, ,Uttar Pradesh,-,-,-
Institute of Techonology & Management, ,Madhya Pradesh,"+91-751-2432977,2432989,2432389",-,http://www.itmuniverse.in
Institute of Textile Technology, ,Orissa,"2394217,2394888",	itt.cdr@gmail.com,http://www.ittorissa.org/
Institute Of Textile Technology,DINDIGUL ,Tamil Nadu,-,-,-
"Institute Of Textile Technology, Bangalore", ,Karnataka,080-22263558,-,-
"Institute of Textile Technology,Choudwar", ,Orissa,"2394217,2394888",itt.cdr@gmail.com,http://www.ittorissa.org/
Institute Of Tool Engineering,TIRUVALLUR ,Tamil Nadu,-,-,-
INSTITUTE OF VOCATIONAL STUDIES, ,Delhi,91-011-29258544,helpdesk@cvsdu.com,http://www.cvsdu.com/
INSTITUTE.OF ADVANCED STUDIES IN EDUCATION, ,Uttar Pradesh,-,-,-
INSTITUTION OF PROFESSIONAL STUDIES, ,Uttar Pradesh,-,-,-
"Instt Of Med Tech & Nsg Educ, School Of Nursing,Jaipur",JAIPUR ,Rajasthan,-,-,-
"Instt. of Medical Sciences & Sum Hospital, Bhubaneswar",BHUBANESWAR ,Orissa,"0674-2384291,2384293-94",info@ims.ac.in,http://www.ims.ac.in/
INTECH INSTT.OF BUSINESS MGT,BANGALORE ,Karnataka,.080-28433150/51/52080-28433150,ibmint@vsnl.com,-
"INTEGRAL INSTITUTE FOR ADVANCED MANAGEMENT, VISAKHAPATNAM",VISAKHAPATNAM ,Andhra Pradesh,"0891-2552063,0891-2538796",iiam_10@rediffmail.com,www.iiamindia.org
Integral University, ,Uttar Pradesh,"2890730,2890812",info@integraluniversity.ac.in,www.integraluniversity.ac.in
Integrated Academy of Management & Technology,GHAZIABAD ,Uttar Pradesh,"911202768951-52,2800118",info@inmantec.edu,www.inmantec.edu/
Integrated Institute for the Disabled,VARANASI ,Uttar Pradesh,0542-2575947,disabledinstitute@rediffmail.com,www.iidindia.org
INTEGRATED SCHOOL OF EDUCATION, ,Uttar Pradesh,-,-,-
"Integrated School of Law, Delhi",DELHI ,Delhi,"120-2768951,120-2768952",inman@del2.vsnl.net.in,-
Intel Degree College,ANANTAPUR ,Andhra Pradesh,08554–222046,-,-
Intel Engineering College, ,Andhra Pradesh,"(08554)270968,270652",intelleng@yahoo.co.in,www.intellengg.ac.in/
intell engineering college, ,Andhra Pradesh,08554270968,intelleng@yahoo.co.in,http://www.intellengg.ac.in/
Intellectual Institute of Technology, ,Andhra Pradesh,08554-201193/94/97,iitatp.f5@gmail.com,http://www.iitatp.ac.in/
INTERGATED SCHOOL OF EDUCATION, ,Uttar Pradesh,-,-,-
INTERGRANTED ACADEMY OF MANAGEMENT & TECHNOLOGY, ,Uttar Pradesh,"911202768951,3293615/16",-,www.inmantec.edu
"Internatinoal Hospital School Of Nursing , Kamrup",KAMRUP ,Assam,-,-,-
INTERNATIONAL ACADEMY FOR CREATIVE TEACHING, ,Karnataka,-,-,-
"International Agribusiness Management Institute , Anand",ANAND ,Gujarat,-,-,www.aau.in/?q=college-menu/705
International Auditing College,ERODE ,Tamil Nadu,-,kumar@internationalauditingcollege.com,http://www.internationalauditingcollege.com
INTERNATIONAL CENTER COLLEGE OF EDUCATION, ,Uttar Pradesh,-,-,-
International Center For Excellence in Engineering & Management, ,Maharashtra,91-240-2558101to10,info@iceemabad.com,http://www.iceemabad.com
INTERNATIONAL CENTRE FOR DISTANCE EDUCATION & OPEN LEANING, ,Himachal Pradesh,-,-,-
INTERNATIONAL CENTRE OF COLLEGE, ,Uttar Pradesh,-,-,-
International College, ,Bihar,-,-,-
INTERNATIONAL COLLEGE OF EDUCATION, ,Tamil Nadu,-,-,-
"International College Of Nursing , Tarn Taran", ,Punjab,-,-,-
INTERNATIONAL DIVINE TEACHER TRAINING COLLEGE, ,Punjab,-,-,-
INTERNATIONAL ENTREPRENEURSHIP & MANAGEMENT PROCESS,DELHI ,Delhi,-,empi@vsnl.com,-
INTERNATIONAL INST. OF HEALTH MGT. RESEARCH,DELHI ,Delhi,011-26162437/26170661,-,-
International Institute For Population Science, ,Maharashtra,91+22+25563254/55/56,diriips@bom8.vsnl.net.in,http://iipsindia.org/
INTERNATIONAL INSTITUTE FOR SPECIAL EDUCATION, ,Uttar Pradesh,"+91-522-2751066,2750620",iise@iiseindia.com,www.iiseindia.com
International Institute of Aviation & Tourism Management, ,Uttar Pradesh,+915224047800,travelshiksha@gmail.com,iiatm.com
International Institute of Fashion Design, ,West Bengal,65702277/65046001/9833152621/9820097151,nifd_andheri@yahoo.co.in		nifd_gautam@hotmail.c,http://www.ishaneducation.com/
International Institute of Fashion Technology, ,Delhi,"011-24620430,24629370,29245316,29235314/15",iift.prateek@gmail.com,www.iiftgroup.com
International Institute of Health Management Research, ,Delhi,"01130418900,01145795308",info.delhi@iihmr.org,http://www.iihmrdelhi.org/
International Institute Of Hotel Management, ,,"(033)2357-7663/64,23574386/87",admin@iihm.ac.in,http://www.iihm.ac.in/
International Institute Of Information Technology,HYDERABAD ,Andhra Pradesh,91-40-66531000,query@iiit.net,http://www.iiit.ac.in
International Institute Of Information Technology,BHUBANESWAR ,Orissa,-,"ugadmissions@iiit.ac.in,pgadmissions@iiit.ac.in",-
International Institute of Information Technology,HYDERABAD ,Andhra Pradesh,"91-40-66531000,","ugadmissions@iiit.ac.in,pgadmissions@iiit.ac.in",www.iiit.ac.in
International Institute of Information Technology, ,Karnataka,+918041407777/28527627,info@iiitb.ac.in,www.iiitb.ac.in
INTERNATIONAL INSTITUTE OF MANAGEMENT SCIENCE,KOLKATA ,West Bengal,03326418440,cal_iims@sify.com,www.iimskolkata
INTERNATIONAL INSTITUTE OF PROFESSIONAL  STUDIES,INDORE ,Madhya Pradesh,-,-,-
International Institute of Rehabilitation Sciences & Research,BHUBANESWAR ,Orissa,"91-0674-2300724,6541663",director@iirs.ac.in,www.iirs.ac.in
INTERNATIONAL MANAGEMENT CENTRE,DELHI ,Delhi,-,enquiry@imc.ac.in,-
International Management Institute, ,Delhi,0674-3042100,imibhinfo@imibh.edu.in,http://www.imibh.edu.in
International Management Institute, ,West Bengal,+913366529645,info@imi-k.edu.in,www.imi-k.edu.in
International Management Institute, ,Orissa,0674-3042100,imibhinfo@imibh.edu.in,http://www.imibh.edu.in
International Maritime Institute,NOIDA ,Uttar Pradesh,"0120-2326311,2326312",training@imiindia.com,www.imiindia.com
"International Mphw F Trg Institute,East Godawari",EAST GODAVARI ,Andhra Pradesh,-,-,-
International Polytechnic for Women, ,Delhi,"(011)24624049,24699855,29542675,29541652,2462",intpoly@yahoo.com,http://www.womenpolytechnic.com/
International School of Business & Media, ,Karnataka,09243605373,admissions.bangalore@isbm.ac.in,http://www.isbm.ac.in
INTERNATIONAL SCHOOL OF INFORMATICS & MANAGEMENT, ,Rajasthan,"91-141-2781154,2781155",iiim@icfia.org,www.iisjaipur.org
International School Of Management Studies, ,Maharashtra,02032901515,info@gmail.com,www.ismspune.in
"International School Of Nursing , Amritsar",AMRITSAR ,Punjab,-,-,-
"International School Of Nursing , Tarn Taran", ,Punjab,-,-,-
International Women Polytechnic, ,Delhi,011-41573122/23/24,iwp1998@yahoo.com,http://www.womenpolytechnicdelhi.com/
"Interscience Institute of Management & Technology, Bhubaneswar", ,Orissa,0674-6002120/50,admission@iimt.ac.in,http://www.iimt.ac.in
INVERTIES INSTITUTE OF MANAGEMENT STUDIES, ,Uttar Pradesh,-,-,-
Invertis Institute of Management Studies, ,Uttar Pradesh,"0581-2460442,2460443",info@inverti.org,www.invertis.org
Invertis University, ,Uttar Pradesh,05812460442,helpdeskinvertis@yahoo.co.in,http://www.invertisuniversity.ac.in/
"Invertis University,", ,Uttar Pradesh,"2460442,2460443,2460454,3390000",drpundhir@hotmail.com,www.invertis.org
Ipcowala Institute Of Engg And Technology, ,Gujarat,9924423779,info@iietedu.org,www.iietedu.org
IPJ TEACHER TRAINING COLLEGE, ,Haryana,-,-,-
IPS ACADEMY, ,Madhya Pradesh,-,-,-
IPS ACADEMY COLLEGE OF EDUCATION, ,Madhya Pradesh,"+917314014500,+917314014501",registrar@ipsacademy.org,http://www.ipsacademy.org
IPS College of Technology & Management, ,Madhya Pradesh,0751-247805,info@ipsgawalior.org,http://www.ipsgwalior.org
Iqbal College, ,Kerala,-,-,-
Iqbal Institute of Technology and Management, ,Jammu and Kashmir,0194?2442570,iitm.sgr@gmail.com,http://www.iitm-edu.net
IQBAL TRAINING COLLEGE, ,Kerala,-,-,-
IQRA EDN SOCIETYS COLLEGE OF EDUCATION, ,Maharashtra,-,-,-
IRA EDUCATION SOCIETYS COLLEGE OF EDUCATION, ,Maharashtra,-,-,-
"Irengbam Thamcha Devi Nursing And Health Care Res Inst , Imphal",IMPHAL ,Manipur,-,-,-
"Irinjalakuda Cooperative School Of Nursing,Thrissur",TRICHUR ,Kerala,-,-,-
"Irshad Memorial Institute Of Nursing Education,Jaipur",JAIPUR ,Rajasthan,-,-,-
IRT Polytechnic College, ,Tamil Nadu,"04622552527,9486647753",irtptvl@rediffmail.com,www.irtpolytvl.org
IRT Polytechnic College, ,Tamil Nadu,"04622552527,9486647753",irtptvl@rediffmail.com,www.irtpolytvl.org
"IRT Polytechnic College, Bargur", ,Tamil Nadu,04343268477,irtbargur@yahoo.com,www.irtbargur.org
IRUDAYA ANDAVAR TEACHER TRAINING INSTITUTE, ,Tamil Nadu,-,-,-
"Isabel Mc Connel School Of Nursing , Jhabua",JHABUA ,Madhya Pradesh,-,-,-
Isabella Thouburn College, ,Uttar Pradesh,91-522-2321107/2385793,-,-
ISBR Business School, ,Karnataka,080-40819500,info@isbr.in,http://www.isbr.in
ISHAN INSTITUTE OF MANAGEMENT & TECHNOLOGY, ,Uttar Pradesh,011-23379988/66,info@ishanfamily.com,www.ishanfamily.com
ISHAN INSTITUTE OF MANAGEMENT & TECHNOLOGY, ,Uttar Pradesh,-,-,-
ISHWAR CHAND VIDYA SAGAR INSTITUTE OF EDUCATION AND RESEARCH, ,Uttar Pradesh,-,-,-
Ishwar Chand Vidya Sagar Institute of Technology, ,Uttar Pradesh,-,info@ivsit.com,www.ivsit.com
Ishwar Chandra Vidyasagar Vidhi Mahavidyalaya,REWA ,Madhya Pradesh,-,-,-
Ishwar Deshmukh College of Physical Education, ,Maharashtra,-,-,-
ISHWAR DESHMUKH COLLEGE OF PHYSICAL EDUCATION, ,Maharashtra,07122744821,info@idcpengp.org,-
Ishwar Saran Degree College, ,Uttar Pradesh,-,-,-
Ishwarchand Vidya Sagar Institute of Management, ,Uttar Pradesh,8958261111,mmagi.edu@gmail.com,www.ivsim.com
ISL Women's Engineering College, ,Andhra Pradesh,"+914020020001,20021313,24440444",info@islamiaengg.com,http://islamiaengg.com/
Islamia Arts Science College,WARANGAL ,Andhra Pradesh,0870–2425786,-,-
Islamia College for Women, ,Jammu and Kashmir,-,-,-
Islamia College of Commerce, ,Uttar Pradesh,-,-,-
Islamia College of Law,SAHARANPUR ,Uttar Pradesh,"09359950303(M),09897223457(M)",-,-
ISLAMIA COLLEGE OF SCIENCE & COMMERCE,SRINAGAR ,Jammu and Kashmir,-,-,-
Islamia College of Science & Commerce, ,Jammu and Kashmir,-,-,-
ISLAMIA DEGREE COLLEGE, ,Uttar Pradesh,-,-,-
Islamia Degree College For Women,HYDERABAD ,Andhra Pradesh,24561612,-,-
Islamia Degree College For Women, ,Andhra Pradesh,-,-,-
Islamia Karimia Degree College, ,Madhya Pradesh,-,-,-
"Islamia Nurses Training Centre , Kolkata",KOLKATA ,West Bengal,-,-,-
Islamia Teacher Training College(B.Ed.), ,Bihar,-,-,-
Islamiah College,VELLORE ,Tamil Nadu,-,principal@islamiahcollege.edu.in,-
Islamiah Institute of Technology,BANGALORE ,Karnataka,080-26481774,principal@islamit.info,www.islamit.info
Islamiah Womens Arts And Science College,VELLORE ,Tamil Nadu,-,-,-
Islamic University Of Science Technology, ,Jammu and Kashmir,-,aminmasoodi@mail.iust.org.in,http://www.islamicuniversity.edu.in/
Islampur College, ,West Bengal,-,-,-
ISMAIL NATIONAL MAHILA P.G. COLLEGE, ,Uttar Pradesh,-,-,-
Ismail National Post-graduate College for Women, ,Uttar Pradesh,-,-,-
Ismail National Postgraduate College For Women, ,Uttar Pradesh,-,-,-
Ismail Saheb Mulla Law College,SATARA ,Maharashtra,-,imlc@sancharnet.in,-
Ismail Yusuf College of Arts Science & Commerce, ,Maharashtra,-,-,-
Ispat College, ,Orissa,-,-,-
Itanagar Government College,ITANAGAR ,Arunachal Pradesh,-,-,-
"Ithaya Jyothi College Of Nursing , Tirunelveli",TIRUNELVELI ,Tamil Nadu,-,-,-
ITM Business School, ,Karnataka,"080-26580776,26585737",pgdm.admissions@itm.edu,http://www.itm.edu/
ITM Group of Institutions, ,Madhya Pradesh,07512432989	,"itm.office@rediffmail.com,itmuniversegwl@gmail.com",-
ITM University, ,Madhya Pradesh,+911242365811,daulet@itmindia.edu,http://www.itmindia.edu/
ITM University, ,Chhattisgarh,+911242365811,daulet@itmindia.edu,http://www.itmindia.edu/
ITM University, ,Haryana,+911242365811,daulet@itmindia.edu,http://www.itmindia.edu/
ITS Engineering College,NOIDA ,Uttar Pradesh,0120-3200173,itsengg.gnoida@gmail.com,www.itsgzb.ac.in
