J B College, ,Assam,-,-,-
"J B Institute Of Nursing & Research , Gwalior",GWALIOR ,Madhya Pradesh,-,-,-
J B S Dhanour College, ,Bihar,-,-,-
J C E Trust Sanchalit Commerce College, ,Gujarat,-,-,-
J C T College of Engineering and Technology, ,Tamil Nadu,+914222636900+914222636902+914222636035,"admissions@sjct.co.in,admissions@jct.ac.in",http://www.sjct.co.in/
J C T TEACHER TRAINING INSTITUTE, ,Tamil Nadu,-,-,-
J D College of Engineering, ,Maharashtra,"(0712)2023001,2023002",info@jdcoe.in,http://www.jdcoe.in
"J D College Of Nursing, kadapa",HYDERABAD ,Andhra Pradesh,-,-,jdcollegeofnursing.com
J D S G College, ,Assam,-,-,-
"J D T Islam College Of Nursing , Calicut",CALICUT ,Kerala,-,-,-
"J D T Islam Orphanage Committee, School Of Nursing,Calicut",CALICUT ,Kerala,-,-,-
J D Womens' College, ,Bihar,0612-2283355,principal@jdwcpatna.com,-
"J E E School Of Nursing,jaipur",JAIPUR ,Rajasthan,-,-,-
"J E S Mother Teresa College Of Nursing , Bangalore North",BANGALORE ,Karnataka,-,-,-
"J E S Mother Teresa College Of Nursing,Bangalore",BANGALORE ,Karnataka,-,-,-
"J Eashwari Bai Memorial School Of Nursing , Secunderabad",SECUNDERABAD ,Andhra Pradesh,-,-,-
J G College Commerce, ,Karnataka,-,-,-
"J G College Of Nursing ,Ahmedabad",AHMEDABAD ,Gujarat,-,-,-
"J G College Of Nusing , Ahmedabad",AHMEDABAD ,Gujarat,-,-,-
"J G School Of Nursing , Ahmedabad",AHMEDABAD ,Gujarat,-,-,-
J J College Arrah, ,Bihar,-,-,-
J J College Bihar, ,Bihar,-,-,-
J J College Jharkhand, ,Jharkhand,-,-,-
"J J Institute Of Nursing, ,Pudukkottai",PUDUKOTAI ,Tamil Nadu,-,-,-
"J J School Of Nursing , Secunderabad",SECUNDERABAD ,Andhra Pradesh,-,-,-
J K College Education, ,Jammu and Kashmir,-,-,-
"J K College Of General Nursing , Etawah", ,Uttar Pradesh,-,-,-
"J K College Of Nursing & Para Medical , Coimbatore",COIMBATORE ,Tamil Nadu,-,-,-
J K Institute Of Applied Physics Technology, ,Uttar Pradesh,-,akgjkapt2000yahoo.Com,-
J K K Nataraja College Arts Science,SALEM ,Tamil Nadu,04288–261726,jkkncp@yahoo.com,www.jkknataraja.org
J K S College Mango, ,Jharkhand,-,-,-
J L N College, ,Bihar,-,-,-
J L N College Jharkhand, ,Jharkhand,-,-,-
J L N Degree College, ,Chhattisgarh,-,-,-
"J L N Institute Of Nursing Education,Jaipur",JAIPUR ,Rajasthan,-,-,-
J L N M College, ,Bihar,-,-,-
J M College, ,Jharkhand,-,-,-
J M D P L Mahila College, ,Bihar,-,-,-
J M J College For Women, ,Andhra Pradesh,"08644–225994,227056,222458",jmjtenali@rediffmail.com,http://jmjcollege.ac.in/
"J M J College Of Nursing,Hyderabad",HYDERABAD ,Andhra Pradesh,040-23814631,-,-
"J M J College Of Nursing,Hyderabad",HYDERABAD ,Andhra Pradesh,040-23814631,-,-
J M M Institute of Technology, ,Karnataka,-,-,-
J M S College, ,Bihar,-,-,-
J M Shah Arts And Commerce College, ,Gujarat,-,-,-
J N College Arunachal Pradesh,EAST SIANG ,Arunachal Pradesh,0368-2222496/2222049,-,-
J N College Bihar, ,Bihar,-,-,-
J N College Jharkhand, ,Jharkhand,-,-,-
J N L College, ,Bihar,-,-,-
"J N Medical College Hospital , School Of Nursing, Aligarh",ALIGARH ,Uttar Pradesh,-,-,-
J N Polytechnic, ,Karnataka,08485288827,-,-
J P College, ,Bihar,-,-,-
"J P K M College Of Medical Sciences , Vellore",VELLORE ,Tamil Nadu,-,-,-
J P Mahila College, ,Bihar,-,-,-
J P Pardiwala Arts And Commerce College, ,Gujarat,-,-,-
"J P School Of Nursing , Bangalore Rural",BANGALORE ,Karnataka,-,-,-
"J R Institute Of Nursing,Dungarpur,",DURGAPURA ,Rajasthan,-,-,-
J R Polytechnic College, ,Tamil Nadu,"04312906272,9659606355,9843326797",	jrpolytechniccollege@gmail.com,www.jrpc.ac.in
J S College, ,Bihar,-,-,-
"J S College Of Nursing,prakasam",PRAKASAM ,Andhra Pradesh,-,-,-
"J S M School Of Nursing , Hyderabad",HYDERABAD ,Andhra Pradesh,040-23702032,info@jsmschoolofnursing.in,www.jsmschoolofnursing.in
J S S College, ,Karnataka,-,-,-
J S S College Arts Commerce Science Chamrajanagar, ,Karnataka,-,-,-
J S S College Arts Commerce Science Karnataka, ,Karnataka,-,-,-
J S S College Arts Science Commerce Mysore, ,Karnataka,-,-,-
J S S College for Women, ,Karnataka,-,-,-
J S S College Karnataka, ,Karnataka,-,-,-
J S S College Nanjanguda, ,Karnataka,-,-,-
"J S S College Of Nursing , Mysore",MYSORE ,Karnataka,-,-,-
"J S S College Of Nursing , Mysore",MYSORE ,Karnataka,-,-,-
"J S S College Of Nursing , Mysore",MYSORE ,Karnataka,-,-,-
J S S College Pharmacy, ,Karnataka,-,-,-
J S S College Pharmacy, ,Karnataka,-,-,-
J S S Law College, ,Karnataka,-,-,-
"J S S Polytechnic For Physically Handicapped, Mysore", ,Karnataka,"0821-2548315,9686677236",-,-
"J S S Polytechnic For Women, Mysore", ,Karnataka,08212548311,-,-
"J S S Polytechnic, Njangud", ,Karnataka,08221226491,-,-
"J S S School Of Nursing , Chamarajanagar", ,Karnataka,-,-,-
"J S S School Of Nursing , Chamarajnagara", ,Karnataka,-,-,-
"J S S School Of Nursing , Hassan",HASSAN ,Karnataka,-,-,-
"J S S School Of Nursing , Mysore",MYSORE ,Karnataka,-,-,-
J S S Sh Tammannappa Chikkodi Arts Commerce College, ,Karnataka,-,-,-
"J S School Of Nursing , Ongole",ONGOLE ,Andhra Pradesh,-,-,-
"J U S S College Of Nursing & Medical Sciences , Gurdaspur",GURDASPUR ,Punjab,-,-,-
"J U S S Institute Of Nursing & Medical Sciences , Gurdaspur",GURDASPUR ,Punjab,-,-,-
"J V College Of Nursing , Thiruvallur",TIRUVALLUR ,Tamil Nadu,-,-,-
"J V Institute Of Nursing, , Chennai",CHENNAI ,Tamil Nadu,-,-,-
J Z Shah Arts H P Shah Commerce College, ,Gujarat,-,-,-
J. Baruah Law College,GUWAHATI ,Assam,-,-,-
J. Buana College, ,Mizoram,-,-,-
J. H. Govt. P. G. College Jaywanti Haksar Govt. P.G. College,BETUL ,Madhya Pradesh,"07141-234244,07141-290244,09425068608",-,-
J. L. Verma Law College,DAMOH ,Madhya Pradesh,07812-223147,-,-
J. N. Konar Primary Teacher's Training Institute, ,West Bengal,-,-,-
J. S. Institute of Management & Technology,SHIKOHABAD ,Uttar Pradesh,"05676-235572,9472266932",jsimtshikohabad@gmail.com,-
J. S. S. Law College,MYSORE ,Karnataka,0821-2548244,principal@jsslawcollege.com,jsslawcollege.com
J. S. S. Sakri Law College,HUBLI ,Karnataka,"0836-2208884,0836-2353019",-,-
J. S. T. Govt. P.G. College, ,Madhya Pradesh,07632-241588,-,-
"J. Sikkle Degree College, Narsapur",NARASAPUR ,Andhra Pradesh,"08814–273287,273227",edu@jsikle.com,-
J. V. Jain College,SAHARANPUR ,Uttar Pradesh,"0132-2760139,0132-2763344",principal@jvjaincollege.net,www.jvjaincollege.net
J.A. Arts And Science College,CHENNAI ,Tamil Nadu,"044-26564887,26564889",-,-
J.A.S. COLLEGE OF EDUCATION, ,Tamil Nadu,-,-,-
J.B. INSTITUTE OF PG STUDIES, ,Andhra Pradesh,"+9108772271806,6562800",-,www.jbgroup.org.in
J.B. Law College, ,Assam,2452257,-,-
J.B. Shah Girls College, ,Rajasthan,-,-,-
J.B. TEACHERS TRAINING INSTITUTE, ,Rajasthan,-,-,-
J.B.M.TEACHER TRAINING COLLEGE, ,Haryana,-,-,-
"J.B.S.P. Mandal Instt. of Pharmacy , GEORAI",BEED ,Maharashtra,-,-,-
J.B.S.P. Mandal's arts College, ,Maharashtra,-,-,-
J.B.S.P. Mandal's Mahila Mahavidyalaya, ,Maharashtra,-,-,-
J.B.TEACHER TRAINING INSTITUTE, ,Rajasthan,-,-,-
J.C. D.A.V. College, ,Punjab,-,-,-
J.C. Education Trust Law College,JUNAGADH ,Gujarat,"1-0281-2620133,02823-2630132",-,-
J.C. Mills Girls College, ,Madhya Pradesh,-,-,-
J.D. Patil Sangludkar Arts & Commerce College, ,Maharashtra,-,-,-
J.D.B. Girls College, ,Rajasthan,-,-,-
J.D.C. Bytco Institute of Mangement Studies & Research, ,Maharashtra,-,-,-
J.D.C. BYTECO INSTITUTE OF MANAGEMENT STUDIES,NASHIK ,Maharashtra,0253-2571643,nsk@sancharnet.in,www.jckbytcoimsr.org
J.D.J.B. ANAND DEGREE COLLEGE, ,Uttar Pradesh,-,-,-
J.D.M.V.P. Coop. Samajs Arts Science & Commerce College, ,Maharashtra,-,-,-
J.D.M.V.P. Coop. Samajs Arts Science & Commerce College', ,Maharashtra,-,-,-
J.D.T. Islam  College Of Arts & Science,KOZHIKODE ,Kerala,"0495-5535700,0495-2770029",jdticas@rediffmail.com,-
J.D.TEACHER TRAINING COLLEGE, ,Punjab,-,-,-
"J.D.Women''s College, Patna", ,Bihar,0612-2283355,-,http://www.jdwcpatna.com/
J.E. COOP.SYS D.ED COLLEGE, ,Karnataka,-,-,-
J.E.C.R.C. University, ,Rajasthan,"+911416565605,6565606",-,www.jecrcuniversity.edu.in
"J.E.S. College of Pharmacy , NANDURBAR",DHULE ,Maharashtra,02564232669,-,www.jijamataeducation.org
J.E.S. Degree College For Women,VISAKHAPATNAM ,Andhra Pradesh,"0891–5566551,2577145",-,-
J.E.S.S.R.J.B. Artss.B.L. Commerce And R.Bezoji Science College, ,Maharashtra,-,-,-
J.G.K.P. TEACHER TRAINING INSTITUTE, ,Karnataka,-,-,-
J.G.TEACHER TRAINING COLLEGE, ,Haryana,-,-,-
J.H. Patel College of Management and Technology, ,Gujarat,-,-,-
J.J COLLEGE OF EDUCATION, ,Tamil Nadu,-,-,-
J.J. Polytechnic College, ,Tamil Nadu,"0431-2914309,9750965175",jjpolycollege@yahoo.co.in,-
J.J. College Of Arts And Science, ,Tamil Nadu,04322-260103/261801/261802,	jjcollege.pdkt@gmail.com,www.jjcol.ac.in
J.J. COLLEGE OF EDUCATION, ,Tamil Nadu,-,-,-
J.J. College of Engg & Technology,TIRUVARUR ,Tamil Nadu,"0431-2695607,2695608",jjprincipal@rediffmail.com,www.jjcet.ac.in
"J.J. College of Pharmacy Sciences, Maheshwaram", ,Andhra Pradesh,+91--232672,jjcps@yahoo.co.in,-
J.J. Polytechnic College, ,Tamil Nadu,"0431-2914309,9750965175",jjpolycollege@yahoo.co.in,-
J.J. ROJAA TEACHER TRAINING INSTITUTE, ,Tamil Nadu,-,-,-
J.j.c.e.trust Sanchalit N.r.vrkaria Institute Of Technology, ,Gujarat,02852651358,nrvtechnology@yahoo.in,www.jjcet.edu.in
J.J.M. Medical College,DAVANAGERE ,Karnataka,"08192-270522,231388",jjmc.davangere@rediffmail.com,www.jjmc.org
J.J.M. Medical College, ,Karnataka,-,-,-
J.J.R. EDUCATION SOCIETY(R), ,Karnataka,-,-,-
J.K COLELGE OF EDCATION, ,Tamil Nadu,-,-,-
J.K. Institute of Engineering, ,Chhattisgarh,"+917752-407035,327711,327722,327733",info@jkie.org,www.jkie.org
J.K. Lakshmipat University, ,Rajasthan,+91-141-2168225/393,admissions.im@jklu.edu.in,www.jklu.edu.in
J.K. PADAMPAT SINGHANIA INSTITUTE OF MGT. & TECH,GURGAON ,Haryana,0124-4268041/4268040,-,-
J.K.C. College,GUNTUR ,Andhra Pradesh,"0863–2351062,2351028",jkccoff@sancharnet.in,-
J.K.COLLEGE OF EDUCATION, ,Tamil Nadu,-,-,-
J.K.K. Munirajah College of Technology, ,Tamil Nadu,+95-4285-260755,"jkkmct@yahoo.in,principal309@gmail.com",http://www.jkkmct.org
J.K.K. Nataraja College of Engineering and Technology, ,Tamil Nadu,"+9199653-63999,+9198659-33332,+9194878-",info@jkkn.org,www.jkkn.org
"J.K.K. Nataraja College of Pharmacy , Komarapalayam",NAMAKKAL ,Tamil Nadu,"04288-260651,04288-265793",jkknas@yahoo.com,www.jkknataraja.org
"J.K.K.NATTRAJA COLLEGE OF PHARMACY,ERODE",ERODE ,Tamil Nadu,09865419666,-,-
J.K.MEMORIAL TEACHER TRAINING COLLEGE, ,Haryana,-,-,-
"J.L. MEMORIAL TEACHER TRAINING COLLEGE,", ,Rajasthan,-,-,-
J.L. Nehru Degree College, ,Uttar Pradesh,-,-,-
J.L. Nehru Law College, ,Madhya Pradesh,-,-,-
J.L. Nehru Law College, ,Madhya Pradesh,-,-,-
J.L. Nehru Memorial Mahavidyalaya, ,Madhya Pradesh,-,-,-
J.L. Nehru Smarak PG College, ,Uttar Pradesh,-,-,-
J. L. Verma Law College,DAMOH ,Madhya Pradesh,07812-223147,-,-
J.L.N. Government College For Women, ,Punjab,-,-,-
J.M. Institute of Speech & Hearing,PATNA ,Bihar,0612-2264805,jmishpat@cal2.vsnl.net.in,-
"J.M. Pandya Diploma Pharmacy College , Vadodara",VADODARA ,Gujarat,+(91)-(2668)-6564491,noemail@barodadirect.com,-
J.M. Patel Arts Commerce & Science College, ,Maharashtra,-,-,-
J.M. PATEL COLLEGE,BULDANA ,Maharashtra,07184-252003,jmpatel_bhv@sancharnet.in,www.mbajmpc.org
J.M.J D.ED COLLGE, ,Karnataka,-,-,-
J.M.J. Degree College For Women,WARANGAL ,Andhra Pradesh,08711–243143,-,-
J.M.J. Degree College For Women, ,Andhra Pradesh,-,-,-
J.M.S. COLLEGE OF EDUCATION, ,Tamil Nadu,-,-,-
J.N. College, ,Orissa,-,-,-
J.N. College, ,Arunachal Pradesh,-,-,-
J.N. College Of Technology,BHOPAL ,Madhya Pradesh,"0755-2854639,2854641,2660930",cecbsp@rediffmail.com,www.jnctbpl.com
J.N. PAUL INSTITUTE OF EDUCATION, ,Uttaranchal,-,-,-
J.N.M.P MAHAVIDAYALYA, ,Uttar Pradesh,-,-,-
J.N.N TEACHER TRAINING INSTITUTE, ,Tamil Nadu,-,-,-
J.P. COLLEGE OF EDUCATION, ,Karnataka,-,-,-
J.P. Gupta Institute of Law,GWALIOR ,Madhya Pradesh,-,"director@nsit.ac.in,headoffice@nsit.ac.in",-
J.P. Institute of Education, ,Uttar Pradesh,-,-,-
J.P. Verma Science Mahavidyalaya, ,Uttar Pradesh,-,-,-
J.P.C.L.DEGREE COLLEGE, ,Uttar Pradesh,-,-,-
J.P.E TEACHER TRAINING INSTITUTE, ,Kerala,-,-,-
J.P.INSTITUTE OF EDUCATION AND TECHNOLOGY, ,Uttar Pradesh,-,-,-
J.P.Institute of Hotel Management & Catering Technology, ,Uttar Pradesh,"0121-2623005,2620505,9837013785",info@jpihm.com,http://www.jpihm.com/jpihm%20website%2004122010/co
J.R. INSTITUTE OF EDUCATION, ,Haryana,-,-,-
J.R. Kissan Homoeopathic Medical College and Hospital,ROHTAK ,Haryana,-,-,-
J.R. MEMORIAL TEACHER TRAINING COLLEGE, ,Haryana,-,-,-
"J.R.D. Polytechnic, Vallakandini", ,Karnataka,-,-,-
J.R.KISSAN TEACHER TRAINING COLLEGE, ,Haryana,-,-,-
"J.R.M. Adarsh Bhartiya Collegeof Pharmacy , Pathankot",PATHANKOT ,Punjab,-,-,-
J.R.R. Navodaya Degree College,GUNTUR ,Andhra Pradesh,"08649–248685,248677",-,-
J.R.S.E.T College of Education, ,West Bengal,-,-,-
J.S INSTITUTE OF EDUCATION, ,Uttar Pradesh,-,-,-
J.S. ACADEMY, ,Uttar Pradesh,0121-2578786,info@jsacademy.org.in,jsacademy.org.in
J.S. Hindu Post-graduate College, ,Uttar Pradesh,-,-,-
J.S. Hindu Postgraduate College, ,Uttar Pradesh,-,-,-
J.S.COLLEGE OF EDUCATION, ,Uttar Pradesh,-,-,-
J.S.College of Education, ,Uttar Pradesh,-,-,-
J.S.HINDU DEGREE COLLEGE, ,Uttar Pradesh,-,jscollege_amroha@yahoo.in,-
J.S.J.V. B.ED COLLEGE, ,Tamil Nadu,-,-,-
"J.S.M. ACODEMY ,", ,Uttar Pradesh,-,-,-
"J.S.P.M. Sudhakar Rao Naik Institute of Pharmacy , Pusad",PUSAD ,Maharashtra,07233-247025,jspmpoly@rediffmail.com,www.jspmpoly.ac.in
J.S.P.Ss College Of Education, ,Maharashtra,-,-,-
"J.S.S Medical College, Mysore",MYSORE ,Karnataka,"0821-2490732,2493667,2492957",jssmc@sancharnet.in,www.jssmc.hypermart.net
"J.S.S. College of Pharmacy , Mysore",MYSORE ,Karnataka,0821-2497583,jsspharma@lycos.com,www.jsspharma.org
"J.S.S.College of Pharmacy , Ooty",OOTY ,Tamil Nadu,+91-423-2443393/2443647/2443847,"admissions@jsscpooty.org,jaspharm@hotmail.com",www.jsscpooty.org
J.S.S. Dental College & Hospital,MYSORE ,Karnataka,"91-0821-2548349,2548350",jss_dch@yahoo.co.in,www.jssdental.org
J.S.S. INSTITUTE OF EDUCATION, ,Karnataka,-,-,-
J.S.S. INSTITUTE OF EDUCATION, ,Karnataka,-,-,-
J.S.S. Kisan Veer Mahavidyalaya, ,Maharashtra,-,-,-
J. S. S. Law College,MYSORE ,Karnataka,0821-2548244,principal@jsslawcollege.com,jsslawcollege.com
J.S.S. TEACHER TRAINING INSTITUTE FOR WOMEN, ,Karnataka,-,jss@jssonline.org,-
"J.S.S.College of Pharmacy , Ooty",OOTY ,Tamil Nadu,+91-423-2443393/2443647/2443847,"admissions@jsscpooty.org,jaspharm@hotmail.com",www.jsscpooty.org
"J.S.S.S.S.S. DiplomaPharmacy College , Anand",ANAND ,Gujarat,-,ddpc@rediffmail.com,-
J.T. COLLEGE, ,Uttar Pradesh,-,-,-
J.T.E.Ss Arts Commerce & Science College, ,Maharashtra,-,-,-
J.Thankima College, ,Mizoram,-,-,-
J. V. Jain College,SAHARANPUR ,Uttar Pradesh,"0132-2760139,0132-2763344",principal@jvjaincollege.net,www.jvjaincollege.net
J.V. JAIN COLLEGE, ,Uttar Pradesh,-,-,-
J.V. Jain College, ,Uttar Pradesh,-,-,-
J.V. JAIN PG COLLEGE, ,Uttar Pradesh,-,-,-
Jaagruthi Degree College,MAGALAGIRI ,Andhra Pradesh,-,-,-
JAANAGI INSTITUTE OF TEACHER EDUCATION, ,Tamil Nadu,-,-,-
JAAT TEACHER TRAINING COLLEGE, ,Haryana,-,-,-
"Jabalpur Institute Of Health Sciences, Jabalpur",JABALPUR ,Madhya Pradesh,-,-,-
"Jabalpur Institute Of Nursing Science & Research , Jabalpur",JABALPUR ,Madhya Pradesh,-,-,-
"Jabalpur Institute Of Nursing Sciences & Research , Jabalpur",JABALPUR ,Madhya Pradesh,-,-,-
"Jackman School Of Nursing , Bilaspur",BILASPUR ,Chhattisgarh,-,-,-
Jadavpur Vidyapith College of Education, ,West Bengal,-,-,-
JADCHERLA POST GRADUATE COLLEGE,JADCHERLA ,Andhra Pradesh,+9108542645162,info@jadcherlapgcollege.com,-
JADEED ANJUMAN-E-TALEEM J.A.T. JUNIOR COLLEGE OF EDUCATION, ,Maharashtra,-,-,-
Jadid Anjuman E Talem Arts Science & Commerce Girl, ,Maharashtra,-,-,-
Jadid Anjuman E Talem Arts Science & Commerce Girls  College, ,Maharashtra,-,-,-
Jadupati +3 College, ,Orissa,-,-,-
JAG NARAYAN SHUKLA GRAMODAYA MAHAVIDYALAYA, ,Uttar Pradesh,-,-,-
JAGADAMBA BAHUUDESHIYA GRAMIN VIKAS SANSTHA, ,Maharashtra,-,-,-
JAGADGURU ANNADANESHWAR T.T.I, ,Karnataka,-,-,-
Jagadguru Dattatray College Of Technology,INDORE ,Madhya Pradesh,"0731-3202993,4066143,2660930",lnctchirman@gmail.com,www.jdctindore.in
JAGADGURU RAMANANDACHARYA RAJASTHAN, ,Rajasthan,-,-,-
Jagadguru Ramanandacharya Sanskrit University, ,Rajasthan,01415132001,jrrsu@yahoo.com,www.jrrsanskrituniversity.ac.in
JAGADGURU RAMBHADRACHARYA HANDICAPPED UNIVERSITY, ,Uttar Pradesh,-,-,-
Jagadguru Rambhadracharya Handicapped University, ,Uttar Pradesh,+91-5198-224481,jrhuniversity@yahoo.com,www.jrhu.com
"Jagadguru Shankarachariya College Of Nursing , Raipur",RAIPUR ,Chhattisgarh,"+91-96170-20000,96170-60000,96173-90000",info@ssipmt.com,www.ssipmt.com
"Jagadguru Shankaracharya College Of Nursing,Raipur",RAIPUR ,Chhattisgarh,-,-,-
"Jagadguru Sri Shivarathreeshwara College of Pharmacy , Mysore",MYSORE ,Karnataka,"0821-2493667,2490732,2493134",jssmc@blr.vsnl.net.in,www.jssmedicalcollege.org
Jagadguru Sri Shivarathreeswara University, ,Karnataka,-,-,www.jssuni.edu.in
Jagadish Chandra Basu Sikshak Sikshan Mahavidyalaya, ,West Bengal,"(033)24185325,24185326",-,http://www.jcbssmindia.org
JAGADURU SRI RENUKACHARYA D. ED COLLEGE, ,Karnataka,-,-,-
JAGAN INSTITUTE OF MANAGEMENT STUDIES,DELHI ,Delhi,"45184000,45184001,45184002",Jims@vsnl.com,www.jimsindia.org
JAGAN INSTITUTE OF MANAGEMENT STUDIES, ,Rajasthan,"0141-5122270,5122129",	admissions@jimsjaipur.org,www.jimsjaipur.org
Jagan Nath University, ,Rajasthan,91-141-3020500,admission@jagannathuniversity.org,www.jagannathuniversity.org
JAGAN SHIKSHAK PRASHIKSHAN SANSTHAN, ,Rajasthan,-,-,-
JAGAN'S INSTITUTE OF MANAGEMENT STDS,NELLORE ,Andhra Pradesh,-,-,-
Jaganath Mishra Law College,SASARAM ,Bihar,-,-,-
Jagannath Gupta Institute Of Engineering And Technology, ,Rajasthan,"0141-2771516,2771615,9829065770",jp@jimsindia.org,http://www.jnit.org/
Jagannath Institute For Technology And Management., ,Orissa,06815-223088/223099/222150/222100,-,www.jitm.org
Jagannath Institute of Engineering & Technology,CUTTACK ,Orissa,0671-2491935/2490935/2490185,"principal@jiet.org.in,info@jiet.org.in,jietctc@rediffmail.com",www.jiet.org.in
JAGANNATH INTERNATIONAL MANAGEMENT SCHOOL, ,Delhi,-,imims@vsnl.com,www.jagannath.org
Jagannath Jain College, ,Jharkhand,-,-,-
Jagannath Kishore College, ,West Bengal,-,-,-
Jagannath Mahavidyalaya (Degree College), ,Orissa,-,-,-
Jagannath Mishra Institute of Technology,DARBHANGA ,Bihar,-,ranjitkeshari@gmail.com,-
Jagannath Munna Lal Choudhry Mahila Mahavidyalaya, ,Madhya Pradesh,-,-,-
JAGANNATH PRASAD SMARAK COLLEGE OF EDUCATION, ,Uttar Pradesh,"5333-283019,9452317543,9415217200",jpsmgald@gmail.com,-
Jagans Degree College,NELLORE ,Andhra Pradesh,"0861–2322105,2343416",-,-
Jagans Institute Of Science & Tech,NELLORE ,Andhra Pradesh,-,-,-
Jagarlamudi Kuppuswamy Choudhry College, ,Andhra Pradesh,-,-,http://jkcc.ac.in/
Jagat Bandhu Biswa Bharati Sikshya Niketan,BALANGIR ,Orissa,-,-,-
JAGAT JAGRUTI SHIKSHAN PRASARAK MANDAL, ,Maharashtra,-,-,-
Jagat Taran Girls Degree College, ,Uttar Pradesh,-,-,-
JAGATGURU RAMBHADRACHARYA HANDICAPPED UNIVERSITY, ,Uttar Pradesh,-,-,-
Jagatpur Degree College, ,Uttar Pradesh,-,-,-
Jagdam College, ,Bihar,-,-,-
"Jagdamba Education Society S.N.D. Diploma College of Pharmacy , Nashik",NASHIK ,Maharashtra,02559-267213,snd_pharmacy@sancharnet.com,-
JAGDAMBA EDUCATION SOCIETYS, ,Maharashtra,-,-,-
Jagdamba Mahavidyalaya, ,Maharashtra,-,-,-
Jagdamba Mahavidyalaya Commerce, ,Maharashtra,-,-,-
Jagdamba Sanskrit Mahavidyalaya, ,Bihar,-,-,-
JAGDAMBA SARAN SINGH EDUCATIONAL INSTITUTE, ,Uttar Pradesh,-,-,-
Jagdish Prasad Pandey Smarak Mahavidyalaya, ,Uttar Pradesh,-,-,-
JAGDISH PRASAD PANDEY SMARK MAHAVIDYALAYA, ,Uttar Pradesh,-,-,-
Jagiroad College,MARIGAON ,Assam,"03678-242308,244453",-,-
Jagjit Singh Sachdeva Asha kiran Special School,HOSIARPUR ,Punjab,01882-272460,jssashakiranschool@gmail.com,-
Jagjivan Ram Law College,BHUBANESWAR ,Orissa,-,-,-
Jagjiwan Mahavidyalaya, ,Bihar,-,-,-
Jagjiwan Ram Sharmik College, ,Bihar,-,-,-
Jaglal Chaudhary College, ,Bihar,-,-,-
"Jagmohan Institute Of Nursing , Bhind",BHIND ,Madhya Pradesh,-,-,-
JAGPAT SINGH SINGRAUR DEGREE COLLEGE, ,Uttar Pradesh,-,-,-
Jagran Institute of Communication and Management, ,Madhya Pradesh,+917553040721/26,admission@jicm.edu.in,http://jicm.edu.in
Jagran Lakecity University, ,Madhya Pradesh,"0755-3917370,3917371",mohit.kamble@jsws.org.in,www.jlu.edu.in
JAGRATI DEGREE COLLEGE, ,Uttar Pradesh,-,-,-
JAGRATI TEACHERS TRAINING COLLEGE, ,Himachal Pradesh,-,-,-
JAGRITI INSTITUTE OF HIGHER EDUCATION, ,Haryana,-,-,-
JAGRITI SHIKSHAK PRASHIKSHAN MAHAVIDYALAYA, ,Rajasthan,-,-,-
"Jagruthi Degree & Pg College, Narayanaguda",NARAYANGUDA ,Andhra Pradesh,"24751451,24751670",office@jagruthi.net,www.jagruthi.net
Jagruthi Degree College,KARIMNAGAR ,Andhra Pradesh,0878–2259336,-,-
"Jagruthi Degree College, Huzurabad",HUZURABAD ,Andhra Pradesh,-,-,-
"Jagruthi Degree College, Mahabubnagar",MAHABUBNAGAR ,Andhra Pradesh,-,-,-
"Jagruthi Degree College, Medak",ZAHEERABAD ,Andhra Pradesh,-,-,-
"Jagruthi Degree College, Nalgonda",BHONGIR ,Andhra Pradesh,08685–244745,-,-
Jagruti Institute of Engineering and Technologys, ,Andhra Pradesh,040-27672474,chairman@jagruti.ac.in,http://www.jagruti.ac.in/
Jagta Arts college, ,Maharashtra,-,-,-
JAGWANT SINGH BHADORIA DEGREE COLLEGE, ,Uttar Pradesh,-,-,-
Jahnavi Degree College,NARAYANGUDA ,Andhra Pradesh,040–27562282,-,-
"Jahnavi Degree College, Secunderabad",SECUNDERABAD ,Andhra Pradesh,-,-,-
"Jahnavi School Of Nursing , Bangalore",BANGALORE ,Karnataka,-,-,-
Jahnavi Womens Degree College,NARAYANGUDA ,Andhra Pradesh,-,-,-
"Jai Ambey Education Society, School Of Nursing , Hoshiarpur",HOSIARPUR ,Punjab,-,-,-
JAI ARIHANT ACADEMIC INSTITUTE, ,Uttaranchal,-,-,-
JAI BAJRANG COLLEGE OF PHYSICAL EDUCATION, ,Maharashtra,-,-,-
Jai Bajrang Shiv Gulam Mahavidyalaya, ,Uttar Pradesh,-,-,-
JAI BHAGWAN COLLEGE OF EDUCATION, ,Maharashtra,-,-,-
JAI BHARAT TEACHER TRAINING COLLEGE, ,Haryana,-,-,-
JAI BHARATH TRAINING COLLEGE, ,Kerala,-,-,-
Jai Bharati College, ,Madhya Pradesh,-,-,-
JAI DURGA BHAWANI KRIDA MANDAL, ,Maharashtra,-,-,-
"Jai Durga College Of Nursing,Jaipur",JAIPUR ,Rajasthan,-,-,-
"Jai Durga College Of Nursing,Jaipur",JAIPUR ,Rajasthan,-,-,-
JAI GANESH EDUCATIONAL FOUNDATION, ,Maharashtra,-,-,-
JAI GEETAANJALI TEACHER TRAINING COLLEGE, ,Haryana,-,-,-
JAI HIND COLLEGE, ,Karnataka,-,-,-
Jai Hind Defence College of Law,BHOPAL ,Madhya Pradesh,-,"director@jhdcollege.org,neerajvedi@gmail.com",-
Jai Hind Education Trusts Arts Science And Commerce College, ,Maharashtra,-,-,-
Jai Hind Educational Trusts Zulal Bhilajirao Patil College, ,Maharashtra,-,-,-
JAI HIND VISMIL EDUCATION COLLEGE, ,Madhya Pradesh,-,-,-
"Jai Institute Of Nursing & Research , Gwalior",GWALIOR ,Madhya Pradesh,-,-,-
"Jai Institute Of Nursing And Research Centre , Gwalior",GWALIOR ,Madhya Pradesh,-,-,-
JAI JAWAN JAI KISAN SHIKSHAN PRASARAK MANDAL, ,Maharashtra,-,-,-
JAI JYOTHI EDUCATION SOCIETY, ,Karnataka,-,-,-
JAI KARNATAKA D.ED COLLEGE, ,Karnataka,-,-,-
JAI KISAN SHIKSHAN SANSTHAS COLLEGE OF PHYSICAL EDUCATION, ,Maharashtra,-,-,-
Jai Mahakali Shikshan Sanstha Agnihotri Polytechnic, ,Maharashtra,240440,apnag_1190@rediffmail.com,www.agnihotrigroup.org
Jai Mahakali Shikshan Sanstha Law College,WARDHA ,Maharashtra,"07152-254785,95",jmssgeneralinfo@yahoo.com,www.jmsswardha.org/index.htm
JAI MAHAKALI SHIKSHAN SANSTHA RANIBAI AGNIHOTRI INSTITUTE OF COMPUTER  IN FORMATION TECHNOLOGY,WARDHA ,Maharashtra,(0)(07152)-241075/309219/254795,-,-
JAI MAHAKALI SHIKSHAN SANSTHAS, ,Maharashtra,-,-,-
Jai Mahakali Shikshan Sansthas Agnihotri College of Law,WARDHA ,Maharashtra,"07152-241075,07152-243575",-,-
JAI MARUDHAR KESARI TEACHER TRAINING COLLEGE, ,Rajasthan,-,-,-
"Jai Mata School Of Nursing & Medical Sciences,Hisar",HISSAR ,Haryana,-,-,-
JAI MATA TEACHER TRAINING COLLEGE, ,Haryana,-,-,-
Jai Narain Samarak Degree College, ,Uttar Pradesh,-,-,-
JAI NARAIN SMARAK DEGREE COLLEGE, ,Uttar Pradesh,-,-,-
Jai Narain Vyas University,JODHPUR ,Rajasthan,91029133733,regjnvu@sancharnet.in,www.jnvu.edu.in/
Jai Narain Vyas University,JODHPUR ,Rajasthan,-,-,-
"Jai Narayan College of Tech. & Sc., JNCTS",BHOPAL ,Madhya Pradesh,0755-2854639,inctjobs@rediffmail.com,-
"Jai Narayan Vyas School of Pharmacy , Barmer", ,Rajasthan,+91-2982-225405,-,-
JAI NARAYAN VYAS UNIVERSITY, ,Rajasthan,0291-2724019,-,http://www.jnvu.edu.in
"Jai Polytechnic, Shahabad", ,Haryana,09466070479,-,-
JAI PRAKASH DEGREE COLLEGE, ,Uttar Pradesh,-,-,-
Jai Prakash Mahavidyalaya Umarhan, ,Uttar Pradesh,-,-,-
Jai Prakash Vishwavidyalaya,CHAPRA ,Bihar,[06152]-243898,dpramendra_jc@rediffmail.com,www.jpv.bih.nic.in
JAI RUPA COLLEGE OF EDUCATION, ,Tamil Nadu,"04257-245577,245597",info@jairupa.com,-
JAI SAI TRAINIG COLLEGE, ,Tamil Nadu,-,-,-
JAI SAKTHI COLLEGE OF EDUCATION, ,Tamil Nadu,-,-,-
JAI SHANTHI COLLEGE OF EDUCATION, ,Tamil Nadu,-,-,-
"JAI SHREE DAYAL TEACHERS TRAINING COLLEGEKAIRWALI, POST - PUPNBAS TEHSIL - NEEMKA THANA", ,Rajasthan,-,-,-
JAI SHRI TEACHER S TRAINING INSTITUTE, ,Tamil Nadu,-,-,-
JAI SHRIRAM B.ED. COLLEGE, ,Madhya Pradesh,-,-,-
JAI SRI VENKATESHWARA COLLEG OF EDUCATION, ,Tamil Nadu,-,-,-
Jaideo Education Society, ,Maharashtra,2023002,-,www.jdpoly.in
Jain Asthanak Vasi Girls Degree College, ,Uttar Pradesh,-,-,-
JAIN BALIKA VIDVAPEETH, ,Uttar Pradesh,-,-,-
JAIN BHARTI INSTITUTE OF HIGHER EDUCATION, ,Delhi,-,-,-
Jain College Of Education, ,Madhya Pradesh,-,-,-
JAIN COLLEGE OF EDUCATION, ,Madhya Pradesh,-,-,-
"Jain College of Engineering, Bangalore", ,Karnataka,+918027577200,-,www.jainuniversity.ac.in/‎
Jain College of MCA and MBA, ,Karnataka,08312411072,info@jcmm.in,http://jcmm.in/
Jain Degree College, ,Madhya Pradesh,-,-,-
Jain Girls Degree College, ,Uttar Pradesh,-,-,-
JAIN INSTITUTE, ,Madhya Pradesh,-,-,-
Jain Jawan College, ,Madhya Pradesh,-,-,-
JAIN MAHILA MANDAL WOMENS COLLEGE OF EDUCATION, ,Karnataka,-,-,-
Jain Pathshala Walchand Institute of Technology,SHOLAPUR ,Maharashtra,(0217)-2651388/2653040,walchand@rediffmail.com,www.walchandsangli.org
JAIN TEACHER TRAINING COLLEGE, ,Punjab,-,-,-
Jain University, ,Karnataka,+918043431000,admissions@jainuniversity.ac.in,www.jainuniversity.ac.in
Jain Vishva Bharati University, ,Rajasthan,91-1581-222110,registrar@jvbi.ac.in,www.jvbi.ac.in
JAIN VISHWA SHARTI INSTITUTE LADNUN, ,Rajasthan,-,-,-
"Jainee College Of Nursing , Dindigul",DINDIGUL ,Tamil Nadu,-,-,-
"Jainee School Of Nursing ,Dindigul",DINDIGUL ,Tamil Nadu,-,-,-
"Jaipur College Of Nursing And Hospital,Jaipur",JAIPUR ,Rajasthan,-,-,-
"Jaipur College of Pharmacy , Jaipur",JAIPUR ,Rajasthan,"91-141-2770377,91-141-2701067,098282296",jcpjaipur@ymail.com,www.jcpjaipur.com
"Jaipur College Of Post Basic Nursing, , Jaipur",JAIPUR ,Rajasthan,-,-,-
"Jaipur Dental College , Jaipur",JAIPUR ,Rajasthan,"01426-234175,234176,234407",-,www.jdc.ac.in
Jaipur Engineering College,JAIPUR ,Rajasthan,"01426-247345,247350",jeckukas@yahoo.com,-
Jaipur Engineering College and Research Centre,JAIPUR ,Rajasthan,"0141-2770120,2770232",info@jecrcmail.com,-
"Jaipur Hospital College Of Nursing,Jaipur",JAIPUR ,Rajasthan,-,-,-
"Jaipur Hospital College Of Nursing,Jaipur",JAIPUR ,Rajasthan,-,-,-
"Jaipur Hospital School Of Nursing , Jaipur",JAIPUR ,Rajasthan,-,-,-
Jaipur Institute of Polytechnic & Technology, ,Rajasthan,80940-66601,jiptjaipur@gmail.com,-
Jaipur Law College,JAIPUR ,Rajasthan,0141-2594675,-,-
JAIPUR NATIONAL UNIVERSITY, ,Rajasthan,"0141-2753377,2754399,9351288101",info@jnujaipur.ac.in/seedlingacademy@hotmail.com,www.jnujaipur.ac.in
Jaipur National University, ,Rajasthan,"0141-2753377,2754399",info@jnujaipur.ac.in,www.jnujaipur.ac.in
"Jaipur Nursing College , Jaipur",JAIPUR ,Rajasthan,-,-,-
Jaipur Polytechnic College, ,Rajasthan,99298-20965,jpr.polytechnic@gmail.com,-
"Jaipur School Of General Nursing & Midwifery , Jaipur",JAIPUR ,Rajasthan,-,-,-
JAIPURA INSTITUTE OF MANAGEMENT,LUCKNOW ,Uttar Pradesh,"91-522-2394296,97,2398096",jimlko@jiml.ac.in,www.jiml.ac.in
Jaipuria Institute of Management, ,Uttar Pradesh,-,placements.indore@jaipuria.ac.in,www.jaipuria.ac.in
Jaipuria Institute of Management Indore, ,Madhya Pradesh,"917316464009,6461009",indore@jaipuria.ac.in,http://www.jaipuria.ac.in
"Jaipuria Institute of Management, Jaipur", ,Rajasthan,+911414771300,jaipur@jaipuria.ac.in,http://www.jaipuria.ac.in
Jairam Arts And Science College,SALEM ,Tamil Nadu,0427-2421919/3091988/2210499,principal@jairamcollege.org,www.jairamcollege.org
JAIRAM COLLEGE OF EDUCATION, ,Tamil Nadu,-,-,-
Jairuppa College Of Engineering, ,Tamil Nadu,04257245577,jairupa2007@gmail.com,www.jairupa.org
Jaisingpur College, ,Maharashtra,-,-,-
"Jaiswal College Of B Sc Nursing,Kota",KOTA ,Rajasthan,-,-,-
"Jaiswal College Of Nursing ,Kota",KOTA ,Rajasthan,-,-,-
"Jaiswal School Of Nursing,Kota",KOTA ,Rajasthan,-,-,-
"Jaiswal School Of Nursing,Kota",KOTA ,Rajasthan,-,-,-
"Jaju School Of Nursing,Ajmer",AJMER ,Rajasthan,-,-,-
"Jakh Institute Of Nursing , Shimla",SHIMLA ,Himachal Pradesh,-,-,-
Jakir Hussa in B.Ed. College, ,West Bengal,-,-,-
JAL PRAKASH INSTITUTE OF EDUCATION, ,Uttar Pradesh,-,-,-
JAL PRAKASH INSTITUTE OF EDUCATION, ,Uttar Pradesh,-,-,-
Jalagamvengalrao Government College,KHAMMAM ,Andhra Pradesh,-,-,-
Jalangi B.Ed. College, ,West Bengal,-,-,-
Jaleswar College,GOALPARA ,Assam,-,-,-
Jaleswar Womens College, ,Orissa,-,-,-
"Jalna Education Society, Institute of Pharmacy , JALNA",JALNA ,Maharashtra,(02482)236214,"Jespharma_jln@Sancharnet.in,principal_es@bsnl.in",www.jespharmajalna.com
"Jalna Nursing School,jalna",JALNA ,Maharashtra,-,-,-
Jalpaiguri Dooars Primary Teacher TrainingInstitute, ,West Bengal,-,"jdpttirediffmail.com,infojalpaiguridooarsptti.org",http://jalpaiguridooarsptti.org
jalpaiguri Government Engineering College, ,West Bengal,03561-255131/255132/255137,pricipal@jgec.in,www.jgec.org
Jalpaiguri Law College,BEGUNTARY ,West Bengal,03561–230905,info@jalpaigurilawcollege.orgYou,www.jalpaigurilawcollege.org
Jalpaiguri Polytechnic Institute, ,West Bengal,(03561)256474,-,-
JAMAL MOHAMED COLLEGE OF TEACHER EDUCATION, ,Tamil Nadu,-,-,-
Jamal Mohammed College,TRICHY ,Tamil Nadu,"(0431)2331135,2331235",princi@jmc.edu,http://www.jmc.edu/
Jamalpur College, ,Bihar,-,-,-
"Jamanlal Goenka Dental College & Hospital , Akola",AKOLA ,Maharashtra,"0724-2450803,2459350,9823041895",jgdch@rediffmail.com,www.jgdch.com
JAMEELA BEEVI MEMORAL CENTRE FOR TEACHER EDUCATION, ,Kerala,-,-,-
James College Engineering Technology,KANYAKUMARI ,Tamil Nadu,"04652-299812,2998123",jamesenggcollege@yahoo.co.in,http://www.jamesinstitutions.org
JAMES COLLEGE OF EDUCATION, ,Tamil Nadu,-,-,-
"Jamia College of Pharmacy , Nandurbar",NANDURBAR ,Maharashtra,(91-11)26059688,-,www.jamiahamdard.edu
Jamia Hamdard Deemed University,DELHI ,Delhi,(91-11)26059688,aakhan_mo@jamiahamdard.ac.in,http://www.jamiahamdard.edu
JAMIA ISLAMIA ISHAATUL ULOOMS JAMIA COLLEGE OF EDUCATION, ,Maharashtra,-,-,-
"Jamia Milia Islamia, Institute of Advanced Studies in Education", ,Delhi,"+91-11-26921265,26921264",jrajan@jmi.ac.in,www.jmi.ac.in
Jamia Millia Islamia University,DELHI ,Delhi,"011-26983281,26983296",mm_cdol@rediffmail.com,www.jmi.ac.in
JAMIA NADAWIYYA TEACHERS TRAINING INSTITUTE, ,Kerala,-,-,-
"Jamia Salafiya Pharmacy College , PULIKKAL",MALAPPURAM ,Kerala,0483-2790108,jamiacllg@yahoo.co.in,www.jamiasalafiya.com
JAMIA SALAFLA PRE PRIMARY TEACHER TRAINING INSTITUTE, ,Kerala,-,-,-
JAMIA TRAINING COLLEGE, ,Kerala,-,-,-
Jamini RayCollege, ,West Bengal,-,-,-
JAMIUL FIRDHAUS TEACHER TRAINING INSTITUTE, ,Tamil Nadu,-,-,-
Jamiya Islamiya Ishatul Olu Jamiya Polytechnic Akkalkuwa, ,Maharashtra,+91-2567-252256,hgvakk@gmail.com,http://www.jamiyaakkalkuwa.com/
JAMIYA SALAFIYA TEACHER TRAINING INSTITUTE, ,Kerala,-,-,-
Jamkhed Mahavidyalaya, ,Maharashtra,-,-,-
Jammu Law College,JAMMU ,Jammu and Kashmir,0191-2597868,-,-
JAMNA GIRLS TEACHER TRAINING COLLEGE, ,Rajasthan,-,-,-
Jamna Lal Ram Lal Keemti Girls College, ,Madhya Pradesh,-,-,-
JAMNALAL BAJAJ INSTITUTE OF MANAGEMENT STUDIES,MUMBAI ,Maharashtra,022-22024052,director@jbims.edu,www.jbims.edu
Jamshedpur Co Operative College, ,Jharkhand,-,-,-
Jamshedpur Cooperative College, ,Jharkhand,"657-2228176,2228009",-,-
Jamshedpur Cooperative Law College,JAMSHEDPUR ,Jharkhand,0651-313131,-,-
Jamshedpur Women'S College, ,Jharkhand,-,-,-
Jamshedpur Women's College, ,Jharkhand,2249105,jsrwomenscollege@gmail.com,http://www.jsrwomenscollege.ac.in/
Jamshedpur Womens College, ,Jharkhand,-,-,-
Jamshedpur Womens College, ,Jharkhand,-,-,-
Jamshedpur Workers College, ,Jharkhand,-,-,-
Jamtara College, ,Jharkhand,-,-,-
JAMUNA DEVI NBARESH CHANDRA MAHAVIDYALAYA, ,Uttar Pradesh,-,-,-
Jamuna Prasad Bhagwan Das Mahajan Degree College, ,Uttar Pradesh,-,-,-
Jamuna Prasad Bhagwan Das Mahajan Mahila Mahavidyalaya, ,Uttar Pradesh,-,-,-
Jamuni Lal College, ,Bihar,-,-,-
JAMWA MATA TEACHERS TRAINING INSTITUTE, ,Rajasthan,-,-,-
Jamwamata College of Polytechnic, ,Rajasthan,99282-38921,jmcpjamwaramgarh@gmail.com,-
"Jan Kalyan Institute of Technical Education , Lucknow",LUCKNOW ,Uttar Pradesh,"9335308871,9415580890,9454323529",jkitelko@gmail.com,www.jankalyan.org
JAN KALYAN SHIKSHA SAMITI, ,Delhi,-,-,-
Jan Nayak Ch Devi Lal Memorial College of Engineering, ,Haryana,"01666-238106,299151",engineering@jcdv.org,www.jcdv.org
"Jan Nayak Ch. Devi Lal Dental College , Sirsa",SIRSA ,Haryana,01666-238110,dental@jcdv.org,www.jcdv.org
Jan Nayak Ch. Devi Lal Polytechnic, ,Haryana,"01666-238117,09416490235",jnmcpsrs@hry.nic.in,-
JAN NAYAK CH. DEVI LAL TEACHER TRAINING COLLEGE, ,Haryana,-,-,-
"Jan Nayak Ch. Devilal Diploma College of Pharmacy , Sirsa",SIRSA ,Haryana,01666-238114,pharmacy@jcdv.org,www.jcdv.org
"Jan Sewa Rugnalay , Hausangabad", ,Madhya Pradesh,-,-,-
"Jan Swasthya Sahyog,Bilaspur",BILASPUR ,Chhattisgarh,-,-,-
"Jana Hitha Degree College, Vizianagaram",PARVATHIPURAM ,Andhra Pradesh,-,-,-
JANAK RAJ MAHAJAN TEACHER TRAINING COLLEGE, ,Himachal Pradesh,-,-,-
"Janakalyan School Of Nursing , Kendrapara",KENDRAPARA ,Orissa,-,-,-
"Janaki Mahiladhar Pratishthan,Pune",PUNE ,Maharashtra,-,-,-
Janardan Rai Nagar Rajasthan Vidyapeeth, ,Rajasthan,"+912942490040,+912942490040,2429441,249110",info@jrnrvu.edu.in,www.jrnrvu.edu.in
Janarth Shikshan Prasarak Mandal,BEED ,Maharashtra,-,-,-
Janaseva Shikshan Mandal College of Arts & Commerce, ,Maharashtra,-,-,-
Janata College, ,Orissa,-,-,-
Janata College, ,Orissa,-,-,-
Janata College, ,Assam,-,-,-
Janata College Assam,KOKRAJHAR ,Assam,03661-225121,-,-
"Janata Nursing School,Wardha",WARDHA ,Maharashtra,-,-,-
"Janata Shikshan Baba Sahib Naik College of Engineering, Pusad",PUSAD ,Maharashtra,(07233)-248817/246410,principal@bncoepusad.com,www.bncoepusad.com
JANATA SHIKSHAN PRASAR SANGH COLLEGE OF EDUCATION., ,Karnataka,-,-,-
JANATA SHIKSHAN PRASARAK MANDAL, ,Maharashtra,-,-,-
JANATA SHIKSHAN PRASARAK MANDAL, ,Maharashtra,-,-,-
Janata Shikshan Prasarak Mandals Dr.N.P.Hirani Polytechnic, ,Maharashtra,07233-247025,jspmpoly@rediffmail.com,http://www.jspmpoly.ac.in/
JANATA SHIKSHAN SANGHA JANATA SHIKSHAN SANGHA, ,Karnataka,-,-,-
JANATA VIDYAVARDHAKA SANGHAS D.ED COLLEGE, ,Karnataka,-,-,-
"Janatha Education Society Vivekananda College of Pharmacy , Bangalore",BANGALORE ,Karnataka,080-3371952080-3473144,secretary@vivekananda-jes.com,www.vivekananda-jes.org
"Janatha Hospital , School Of Nursing,Kozhikode",KOZHIKODE ,Kerala,-,-,-
"Janatha School Of Nursing , Hassan",HASSAN ,Karnataka,-,-,-
JANATHA SEVA SHIKSHANA SAMSTHE, ,Karnataka,-,-,-
JANATHA TEACHER TRAINING INSTITUTE, ,Karnataka,-,-,-
Jancy Centre for Special Education,KOCHI ,Kerala,0484-2779920/50,janeycenter@vsnl.com,www.rakshasociety.org
"Jangaon Institute of Pharmaceutical Sciences , Warangal",WARANGAL ,Andhra Pradesh,08716-309602,-,-
JANGI DEGREE COLLEGE, ,Uttar Pradesh,-,-,-
Jangi Mahavidyalaya, ,Uttar Pradesh,-,-,-
Jangipur College, ,West Bengal,-,-,-
"Janhavi School Of Nursing , Chitradurga",CHITRADURGA ,Karnataka,-,-,-
Janhit College of Law,NOIDA ,Uttar Pradesh,-,janhitlaw@janhit.in,-
JANHIT INSTITUTE OF EDUCATION, ,Uttar Pradesh,-,-,-
JANHIT INSTITUTE OF EDUCATION & INFORMATION,NOIDA ,Uttar Pradesh,-,janhitjiei@janhit.in,-
JANHIT INSTITUTE OF EDUCATION & INFORMATION, ,Uttar Pradesh,-,-,-
"Jankalyan Vikas Mandal Swargiya Lilawati Satish Award D.Pharmacy College , Nanded",NANDED ,Maharashtra,-,shaikh_hamza@rediffmail.com,-
Janki Devi Memorial College,DELHI ,Delhi,91-11-25787754,jdmcollege@hotmail.com,jdm.du.ac.in
JANKI JI TEACHER TRAINING COLLEGE, ,Haryana,-,-,-
JANKI PRASAD CHOUDHARY MAHILA MAHAVIDYALAYA, ,Uttar Pradesh,-,-,-
JANKIDAS KAPUR TEACHER TRAINING COLLEGE, ,Haryana,-,-,-
Jankidevi Bajaj College of Science, ,Maharashtra,-,-,-
JANKIDEVI BAJAJ INSTITUTE OF MANAGEMENT STUDIES,MUMBAI ,Maharashtra,022-26606626,jdbims@rediffmail.com,www.jbims.net
JANKIJI TEACHER TRAINING COLLEGE, ,Haryana,-,-,-
JANKIJI TEACHER TRAINING COLLEGE, ,Haryana,-,-,-
Jannayak Karpuri Thakur Vidhi Mahavidyalay, ,Bihar,9006048915,jktlawcol_lege@yahoo.com,www.jktlawcollege.com
Janseva Mandals Sai Homoeopathic Medical College,THANE ,Maharashtra,-,-,-
JANSEVA SHIKSHAN MANDALS COLLEGE OF EDUCATION, ,Maharashtra,-,-,-
Jansons Institute of Technology, ,Tamil Nadu,0091-421-2264900,info@jit.ac.in,http://www.jit.ac.in/
JANSONS SCHOOL OF BUSINESS,COIMBATORE ,Tamil Nadu,-,info@jsb.ac.in,-
Janta College, ,Madhya Pradesh,-,-,-
Janta College Of Education, ,Maharashtra,-,-,-
"Janta College of Pharmacy , Sonepat",SONIPAT ,Haryana,01263-324048,-,www.jspbutana.org
Janta Degree College, ,Uttar Pradesh,-,-,-
Janta Degree College, ,Uttar Pradesh,-,-,-
Janta Degree College, ,Uttar Pradesh,-,-,-
JANTA JUNIOR COLLEGE OF EDUCATION, ,Maharashtra,-,-,-
Janta Kala Vanijya Mahavidyalaya, ,Maharashtra,-,-,-
Janta Koshi College, ,Bihar,-,-,-
Janta Mahavidalaya, ,Maharashtra,-,-,-
Janta Mahavidyalaya, ,Maharashtra,-,-,-
Janta Mahavidyalaya, ,Maharashtra,-,-,-
JANTA MAHAVIDYALAYA, ,Uttar Pradesh,-,-,-
Janta Mahavidyalaya, ,Uttar Pradesh,-,-,-
Janta Mahavidyalaya, ,Uttar Pradesh,-,-,-
Janta Mahavidyalaya, ,Madhya Pradesh,-,-,-
Janta Mahavidyalaya (PG) College, ,Uttar Pradesh,-,-,-
Janta Mahavidyalaya (PG) College, ,Uttar Pradesh,-,-,-
Janta Polytechnic Butana, ,Haryana,"01263-324850,287350,09812072008",jpsnp@hry.nic.in,www.jcdv.org
"Janta Polytechnic, Jahangirabad",BULANDSHAHAR ,Uttar Pradesh,-,-,www.jantapolytechnic.com
"Janta Polytechnic, Jhangirabad (Bulandshar)", ,Uttar Pradesh,05734-260205,info@jantapolytechnic.in,http://www.jantapolytechnic.in/
Janta Raja Sahu Maharaj Special Training Centre,PUNE ,Maharashtra,-,jantaraja@yahoo.co.in,-
JANTA SHIKSHAN PRASARAK MANDALS COLLEGE OF PHYSICAL EDUCATION, ,Maharashtra,-,jspmpoly@rediffmail.com,-
Janta Shivratri College, ,Jharkhand,-,-,-
JANTA TEACHER TRAINING COLLEGE, ,Haryana,-,-,-
Janta Vedic College, ,Uttar Pradesh,-,-,-
JANTA VEDIC COLLEGE, ,Uttar Pradesh,-,-,-
Janta Vidhi Mahavidyalaya,SHAHDOL ,Madhya Pradesh,-,-,-
Janta Vidya Mandir G R R College, ,Haryana,"01250-223645,221277",jvmgrrica@yahoo.com,-
Japfu Christain College, ,Nagaland,-,-,-
Jasdev Singh Sandhu Institute of Engineering, ,Punjab,"0175-2663122,3296429",-,-
JASDEV SINGH SANDHU TEACHER TRAINING COLLEGE, ,Punjab,-,-,-
Jashbhai Maganbhai Patel College of Commerce, ,Maharashtra,-,-,-
Jashipur College, ,Orissa,-,-,-
"Jaslok College Of Nursing , Mumbai",MUMBAI ,Maharashtra,-,-,-
JASMIN COLLEGE, ,Karnataka,-,-,-
"Jasmine School of Nursing , Bidar",BIDAR ,Karnataka,-,-,-
JASMINE TEACHER TRAINING INSTITUTE, ,Tamil Nadu,-,-,-
JASODA DEVI COLLEGE, ,Rajasthan,-,dear_me79@yahoo.com,-
"Jasoda Devi Polytechnic College, Dudu", ,Rajasthan,0141-2717079,jdci@gmail.com,-
JASODA DEVI TEACHERS TRAINING COLLEGE, ,Rajasthan,-,-,-
JASPAL RANA INSTITUTE OF EDUCATION AND TECHNOLOGY, ,Uttaranchal,01352102176,info@jaspalrana.com,http://www.jaspalrana.com
JASRANA DEGREE COLLEGE, ,Uttar Pradesh,-,-,-
Jat College of Polytehnic, ,Haryana,098968-09889,-,-
"Jat Education Society, Chhotu Ram Institute of Law",ROHTAK ,Haryana,-,-,-
JAT TEACHER TRAINING COLLEGE, ,Haryana,-,-,-
Jatadhari Degree College, ,Uttar Pradesh,-,-,-
JATADHARI MAHAVIDYALAYA, ,Uttar Pradesh,-,-,-
Jatan Swarup Degree College, ,Uttar Pradesh,-,-,-
Jatindra Rajendra Mahavidyalaya, ,West Bengal,-,-,-
Jatipita College of Engineering,ADILABAD ,Andhra Pradesh,-,-,-
Jatiya Kabi Birakishore College, ,Orissa,-,-,-
Jawahar Arts Science & Commerce College, ,Maharashtra,-,-,-
Jawahar Bharathi College,KAVALI ,Andhra Pradesh,-,-,-
JAWAHAR BHARATHI EDUCATIONAL AND CHARITABLE TRUST, ,Kerala,-,-,-
Jawahar Bharati Degree College, ,Andhra Pradesh,08626-243548,-,http://jawaharbharati.edu.in/
Jawahar College Education, ,Karnataka,-,-,-
JAWAHAR COLLEGE OF EDUCATION, ,Karnataka,-,-,-
Jawahar E.Soc's Annasaheb C.Patel Col Of Eng,THANE ,Maharashtra,(022)-24952925/24905034,acpcoe@bom4.vsnl.net.in,www.acpce.edu
JAWAHAR EDUCATION SOCIETYS COLLEGE OF PHYSICAL EDUCATION, ,Maharashtra,-,-,-
Jawahar Engineering College, ,Tamil Nadu,"044-23763281,23760636",jec_chennai@yahoo.com,www.jecchennai.in
"Jawahar Lal Darda Institute of Engineering, Gandhi Bhavan",GANDHI BHAVAN ,Maharashtra,(07232)249460/249378,jdiet@nagpur.dot.net.in,www.jdiet.org
JAWAHAR LAL NEHARU TEACHERS TRAINING COLLEGE, ,Rajasthan,-,-,-
Jawahar Lal Nehru College Of Education, ,Madhya Pradesh,-,-,-
Jawahar Lal Nehru Degree College, ,Uttar Pradesh,-,-,-
JAWAHAR LAL NEHRU DEGREE COLLEGE, ,Uttar Pradesh,-,-,-
"Jawahar Lal Nehru Hospital, School Of Nursing, Ajmer",AJMER ,Rajasthan,-,-,-
Jawahar Lal Nehru Medical College, ,Bihar,"0641-2401078,2400903",jlnmcbgp@gmail.com,www.jlnmcbgp.org
"Jawahar Lal Nehru Polytechnic, Mehmudabad, Sitapur", ,Uttar Pradesh,05864-252262,jlnp_mahmudabad@yahoo.co.in,www.jlnpmahmudabad.com
JAWAHAR LAL NEHRU TEACHER TRAINING COLLEGE, ,Haryana,-,-,-
JAWAHAR LAL NEHRU TEACHERS TRAINING COLLEGE, ,Rajasthan,-,-,-
JAWAHAR LAL SMARAK POST GRADUATE COLLEGE, ,Uttar Pradesh,-,-,-
Jawahar Law College,GULBARGA ,Karnataka,08473-252582,-,-
Jawahar Science College,NEYVELI ,Tamil Nadu,-,jsc_neyveli@yahoo.co.in,-
JAWAHAR SHIKSHAN PRASARAK SANSTHAS COLLEGE OF EDUCATION, ,Maharashtra,-,-,-
JAWAHAR VIDHYAPEETH TEACHERS TRAINING COLLEGE, ,Rajasthan,-,-,-
Jawaharlal College of Engineering and Technology, ,Kerala,"4884-281670,282070",ncerc@rediffmail.com,http://jcet.co.in
"Jawaharlal Institute Of Post Graduate Medical Education And Research J I P M E R , Pondicherry",PONDICHERRY ,Pondicherry,-,-,-
"Jawaharlal Institute of Postgraduate Medical Education & Research, Puducherry", ,Pondicherry,"0413-/2277277,227238-89",director@jipmer.edu.in,www.jipmer.edu.in
Jawaharlal Institute of Technology,BORAWAN ,Madhya Pradesh,"07285-277710,277862",principal_jit@rediffmail.com,www.jitechno.com
Jawaharlal Instt of PG Medical Edu & Research, ,Pondicherry,-,-,-
Jawaharlal Instt. of P.G. Medical Edu. & Research,PONDICHERRY ,Pondicherry,0413-2372380-2372390/2372901/2277277,jipmer@pondy.pon.nic.in,www.jipmer.edu
Jawaharlal Nehru Architecture and Fine Arts University, ,Andhra Pradesh,040-23321226,registrar@jnafau.ac.in,www.jnafau.ac.in
Jawaharlal Nehru Centre for Advanced Scientific Research, ,Karnataka,91-80-22082750,academic@jncasr.ac.in,www.jncasr.ac.in/admin@jncasr.ac.in
Jawaharlal Nehru College,KAMRUP ,Assam,282333,-,-
JAWAHARLAL NEHRU COLLEGE, ,Madhya Pradesh,-,-,-
Jawaharlal Nehru College, ,Jharkhand,-,-,-
JAWAHARLAL NEHRU COLLEGE OF EDUCATION, ,Madhya Pradesh,-,-,-
Jawaharlal Nehru College of Technology, ,Madhya Pradesh,07662-230399,vcjntu@yahoo.com,http://www.jncpasighat.org/
Jawaharlal Nehru Degree College,KARIMNAGAR ,Andhra Pradesh,"08723–238088,238099",-,-
Jawaharlal Nehru Homoeopathic Medical College,VADODARA ,Gujarat,2668-263355,jnhmc@parul.ac.in,www.parul.ac.in/inst_jnhmc.html
"Jawaharlal Nehru Institute of Medical Sciences,Porompet,Imphal", ,Manipur,"0385-2443144(Dir),0385-2443142(office)","jnims.2009@gmail.com,jnims.imphal@yahoo,com",http://jnims.edu.in
Jawaharlal Nehru Institute of Technology,IBRAHIMPATNAM ,Andhra Pradesh,-,-,-
Jawaharlal Nehru Krishi Vishwavidyalaya, ,Madhya Pradesh,"0761-2353314,0761-2681608",skjain_jnau@yahoo.com,http://www.jnkvv.org/#
Jawaharlal Nehru Law College,NIZAMABAD ,Andhra Pradesh,-,-,-
Jawaharlal Nehru Medical College, ,Rajasthan,-,-,-
Jawaharlal Nehru Medical College and Associated Group of Hospital,AJMER ,Rajasthan,0145-265500,sandeep.aud@gmail.com,-
"Jawaharlal Nehru Medical College, Ajmer",AJMER ,Rajasthan,0145-2431842,medicalcollegeajmer@yahoo.co.in,www.medicaleducation
"Jawaharlal Nehru Medical College, Aligarh",ALIGARH ,Uttar Pradesh,0571-2701165,registraramu@yahoo.co.in,-
"Jawaharlal Nehru Medical College, Belgaum", ,Karnataka,"0831-2471350,2471701",principal@jnmc.edu,www.jnmc.edu
"Jawaharlal Nehru Medical College, Sawangi (Meghe), Wardha", ,Maharashtra,"07152-245967,24808,240129",medical_wda@sancharnet.in,www.dmims.org
Jawaharlal Nehru Memorial Postgraduate College, ,Uttar Pradesh,-,-,-
Jawaharlal Nehru National College of Engineering, ,Karnataka,"+91-8182-270450,+91-8182-276707",principal@jnnce.ac.in,www.jnnce.ac.in/‎
"Jawaharlal Nehru School Of Nursing , Imphal",IMPHAL ,Manipur,-,-,-
JAWAHARLAL NEHRU SMARK (PG) COLLEGE, ,Uttar Pradesh,-,-,-
JAWAHARLAL NEHRU SMRUTI MAHAVIDYALAYA, ,Madhya Pradesh,-,-,-
JAWAHARLAL NEHRU SMRUTI MAHAVIDYALAYA, ,Madhya Pradesh,-,-,-
JAWAHARLAL NEHRU TEACHER TRAINING INSTITUTE, ,Karnataka,-,-,-
Jawaharlal Nehru Teachers' Training College, ,Rajasthan,-,-,-
Jawaharlal Nehru Technological University, ,Andhra Pradesh,040-3318055,vcjntu@yahoo.com,www.jntu.ac.in
Jawaharlal Nehru Technological University Kakinada, ,Andhra Pradesh,0884-2300900,vc@jntuk.edu.in,http://jntuk.edu.in
Jawaharlal Nehru University,DELHI ,Delhi,"91-11-26742676,26742575,26741557",adatta@jnuniv.ernet.in,www.jnu.ac.in
Jawaharlal Nehur Arts Commerce & Science College, ,Maharashtra,-,-,-
Jawharlal Nehru College, ,Orissa,-,-,-
JAY BAJRANG MAHILA MAHAVIDYALAYA, ,Uttar Pradesh,-,-,-
"Jay Bajrang Yuvak Education Charitable Trust , Rajkot",RAJKOT ,Gujarat,-,-,-
JAY HIND DEFENCE COLLEGE, ,Madhya Pradesh,-,-,-
"Jay Hind Nursing School,Hingoli", ,Maharashtra,-,-,-
"Jay Institute Of Nursing,Pune",PUNE ,Maharashtra,-,-,-
JAY MURTI COLLEGE, ,Uttar Pradesh,-,-,-
Jay Prakash Degree Mahavidyalaya, ,Orissa,-,-,-
Jay Shriram Group Of Institutions, ,Tamil Nadu,04212313335,jay.shriram@yahoo.com,www.jayshriram.edu.in
"Jay Siya The College Of Nursing , Gwalior",GWALIOR ,Madhya Pradesh,-,-,-
"Jay Somnath Institute Of Nursing Education , Rajkot",RAJKOT ,Gujarat,-,-,-
Jaya Chandra (Jc) Degree College,MANDAPETA ,Andhra Pradesh,08855–233746,-,-
Jaya College Of Arts And Science,TIRUVALLUR ,Tamil Nadu,"044-26390808,044-26300251","vc@jetsb.ac.in,info@jec.ac.in",http://www.jayagc.org
"Jaya College Of B Sc Nursing,warangal",WARANGAL ,Andhra Pradesh,9866079141,-,-
JAYA COLLEGE OF EDUCATION, ,Tamil Nadu,-,info@jayace.in,-
Jaya College Of Hotel And Catering Management, ,Tamil Nadu,"044-26390682,26300707",info@jec.ac.in,www.jayagc.org
"Jaya College Of Nursing , Warangal",WARANGAL ,Andhra Pradesh,-,-,-
"Jaya College Of Nursing, Secunderabad",SECUNDERABAD ,Andhra Pradesh,"27990645,9441126730",-,-
Jaya College of Pharmacy,CHENNAI ,Tamil Nadu,"+91-44-28155531,26340953",vc@jetsb.ac.in,http://jayagc.org
Jaya College of Physiotherapy,CHENNAI ,Tamil Nadu,"044-26390982,26390682,26300707",info@jec.ac.in,www.jayagc.org
Jaya Degree College,HANAMAKONDA ,Andhra Pradesh,0870–2757554,-,-
Jaya Institute of Business Management, ,Andhra Pradesh,9247408882,-,-
Jaya Institute Of Technology, ,Tamil Nadu,"044-27874444,27874123",lcrcet_jayagp@yahoo.co.in,www.lcrcet.ac.in
Jaya Nanda College, ,Bihar,-,-,-
Jaya Polytechnic College,TIRUNELVELI ,Tamil Nadu,"044-26340707,044-64522271,9444158593",officejpc567@yahoo.co.in,www.jaya.org.ac.in
Jaya Polytechnic College, ,Tamil Nadu,"044-26340707,044-64522271,9444158593",officejpc567@yahoo.co.in,www.jaya.org.ac.in
Jaya Prakash Narayan College of Engineering, ,Andhra Pradesh,"+91-8542-275313,275585,86",inquiry@jpnce.ac.in,www.jpnce.ac.in
Jaya School of Nursing,CHENNAI ,Tamil Nadu,044-26390982,info@jec.ac.in,www.jayagc.org
"Jaya School Of Nursing , Hanumakonda",HANAMAKONDA ,Andhra Pradesh,-,-,-
"Jaya School of Nursing , Hyderabad",HYDERABAD ,Andhra Pradesh,-,-,-
"Jaya School of Nursing , Secunderabad",SECUNDERABAD ,Andhra Pradesh,-,-,-
"Jaya School Of Nursing,Gwalior", ,Madhya Pradesh,-,-,-
"Jaya School Of Nursing,Warangal",WARANGAL ,Andhra Pradesh,-,-,-
Jaya Suriya Engineering College, ,Tamil Nadu,04427680286,jayasuriyaengg@yahoo.com,www.jayasuriyaengineering.org
JAYA VIGNESH TEACHERS TRAINING INSTITUTE, ,Tamil Nadu,-,-,-
Jayagovind Harigopal Agarwal Agarsan College,CHENNAI ,Tamil Nadu,-,-,-
Jayalakshmi Institute Technology, ,Tamil Nadu,914342246256/246666,"jit.thoppur@gmail.com,principal@jit.net.in",www.jit.net.in
JAYALAKSHMI NARAYANA SWAMI COLLEGE OF EDUCATION, ,Tamil Nadu,"044-22351656,044-22354103,044-65904850",-,http://www.jnceducation.in
JAYAM COLLEGE OF EDUCATION, ,Tamil Nadu,-,-,-
Jayam College of Engineering & Technology, ,Tamil Nadu,"04342-235235,235532",collegejayam@jcet.ac.in/principal@jcet.ac.in/info@,www.jcet.ac.in		
Jayam Polytechnic College, ,Tamil Nadu,04342-294920,	jayampoly678@yahoo.in,-
"Jayam School Of Nursing , Thanjavur",THANJAVUR ,Tamil Nadu,-,-,-
Jayamatha Engineering College,KANYAKUMARI ,Tamil Nadu,"04652-27263844,27263845,40,41,47","jayamathacollege@yahoo.com,jecoffice@yahoo.com",http://www.jayamatha.org
Jayamukhi Institute of Technology Science, ,Andhra Pradesh,"08718-222568,222570,208586","jayamukhic4@yahoo.co.in,jayadevgyani@yahoo.com,a",http://www.jits.in/
JAYANTHI COLLEGE OF EDUCATION, ,Tamil Nadu,-,-,-
JAYANTHI PADMANABA TEACHER TRAINING INSTITUTE, ,Tamil Nadu,-,-,-
Jayaraj Annapackiam College for Women,THENI ,Tamil Nadu,-,-,-
Jayaraj Annapackiam CSI College Of Engineering, ,Tamil Nadu,"04639-279905,279906,278513",jacsiprincipalce@gmail.com,www.jacsice.in
Jayaraj Annapackiam CSI Polytechnic College, ,Tamil Nadu,"04639277117,04639279119,9443496460",jacsipoly501@rediffmail.com,www.jacsipoly.com
Jayaraj Challadurai College,THENI ,Tamil Nadu,-,-,-
Jayaram College Of Engineering & Technology,TRICHY ,Tamil Nadu,"04327-230260,230270",jcetnet@yahoo.com,www.jcet.in
Jayaram College of Engineering and  Technology, ,Tamil Nadu,04327-230260,-,-
JAYARAM COLLEGE OF TEACHER TRAINING NURSERY, ,Tamil Nadu,-,-,-
Jayaram Polytechnic College, ,Tamil Nadu,"04327-230253,9750981087",jayarampoly@gmail.com,jayarampoly.edu.in
JAYASHANTHI TEACHER TRAINING INSTITUTE, ,Tamil Nadu,-,-,-
JAYASIMHAN CHARITABLE TRUST, ,Tamil Nadu,-,-,-
Jayasree Degree College,KARIMNAGAR ,Andhra Pradesh,08722–240965,-,-
JAYAVIGNESH TEACHER TRAINING INSTITUTE, ,Tamil Nadu,-,-,-
JAYAWANT INSTITUTE OF MANAGEMENT STUDIES, ,Maharashtra,020-2933423,jims@vsnl.net,www.jspm.edu.in
Jayawant Mahavidyalaya, ,Maharashtra,-,-,-
"Jayawantrao Sawant Institute of Pharmacy , Pune",PUNE ,Maharashtra,"(020)-22933423,22934344,22934347,22934084,+91-20-",jspmtrust@jspm.edu.in,www.jspm.edu.in
JAYBEES TRAINING COLLEGE OF B.ED, ,Kerala,-,-,-
JAYBHARATH PRE PRIMARY TEACHER TRNG INSTITUTE, ,Kerala,-,-,-
JAYE JOTHI TEACHER TRAINING INSTITUTE, ,Tamil Nadu,-,-,-
JAYENDRA COLLEGE, ,Karnataka,-,-,-
Jayoti Vidyapeeth Womens University, ,Rajasthan,9001140140,admission@jvwomensuniv.com,www.jvwomensuniv.com
JAYPEE COLLEGE OF EDUCATION, ,Madhya Pradesh,07662-229281,jpeducollege@rediffmail.com,www.jaypeecoe.co.in
Jaypee Institute Of Information Technology University, ,Uttar Pradesh,0120-2400980,"jp.gupta@jiit.ac.in,vijay.kumar@jiit.ac.in",http://www.jiit.ac.in
"Jaypee Polytechnic and Training Centre, Rewa", ,Madhya Pradesh,07662229810	,jptc.rewa@jalindia.co.in,-
Jaypee University of Engineering & Technology, ,Madhya Pradesh,"+91-7544-267051,267310-314",contact[AT]juet.ac.in,http://www.jiet.ac.in/
Jaypore Law College,JAYPORE ,Orissa,-,-,-
Jaypore Law College, ,Orissa,-,-,-
Jaypur Panchanan Roy College, ,West Bengal,-,-,-
Jayvantrai Harrai Desai Polytechnic, ,Gujarat,2622-264231,jaypolytech@gmail.com,www.jaypolytec.org
Jaywant Institute Of Management, ,Maharashtra,(02164)263500/600,-,http://www.kfjim.com
JAYWANT SHIKSHAN PRASARAK MANDAL ABACUS INSTITUTE OF COMPUTER APPLICATION,PUNE ,Maharashtra,(0)(020)-26822842,jscoehadapsar@rediffmail.com,www.jspm.edu.in
JAYWANT SHIKSHAN PRASARAK MANDAL ENIAC INSTITUTE OF COMPUTER APPLICATION,PUNE ,Maharashtra,(0)020-27051170/75,eicamca@rediffmail.com,www.jspm.edu.in
JAYWANTRAO SAWANT COLLEGE OF EDUCATION, ,Maharashtra,-,-,-
Jaywantrao Sawant College Of Engineering,PUNE ,Maharashtra,(020)22933423,jscoehadapsar@rediffmail.com,www.jspmengg.com
JAYWANTRAO SAWANT INST OF MANAGEMENT & RESEARCH,PUNE ,Maharashtra,-,-,www.jspm.edu.in
JB Institute of Engineering & Technology, ,Andhra Pradesh,08413-235127,krishnarao_jv@rediffmail.com,http://www.jbiet.edu.in/
JB Institute of PG Courses, ,Andhra Pradesh,"+9108772271806,6562800",-,http://www.jbgroup.org.in/
JB Knowledge Park, ,Haryana,9999888321,webmasterjbcollege@gmail.com,http://www.jbcollege.in/
JBaruah Law College, ,Assam,-,-,-
JBTC Institute of Management, ,Delhi,8800718283,jbtcinstitute@gmail.com,http://jbtcinstitute.yolasite.com/
JBTC Institute of Management, ,Delhi,8800718283,jbtcinstitute@gmail.com,www.jbtcinstitute.edu.in
JD Institute Of Fashion Technology, ,Madhya Pradesh,022-26154949,jdbombay@gmail.com,http://www.jdindia.com/
"JD Institute Of Fashion Technology,bangalore", ,Karnataka,9480323232,jdinstituteoffashiontechnology@gmail.com,http://www.jdindia.com
Jdmvp Co Op Samajs Sh.S.S.Patil Arts S.B.T.T.S Commerce & G.R.Pandit Science, ,Maharashtra,-,-,-
JDS TEACHER TRAINING COLLEGE, ,Punjab,-,-,-
"JDT Islam College of Pharmacy , CALICUT",CALICUT ,Kerala,-,jdt_pharmacy@rediffmail.com,www.jdtislam.org
"Jeev Seva Sansthan Group of Institutions for Women-Faculty of Management, Bhopal", ,Madhya Pradesh,"(0755)4245340,4247775",contact@jssgiwfom.com,http://jssgiwfom.com
"Jeeva College Of Nursing , Krishnagiri",KRISHNAGIRI ,Tamil Nadu,-,-,-
"Jeeva School Of Nursing , Krishnagiri",KRISHNAGIRI ,Tamil Nadu,-,-,-
Jeevan,DHANBAD ,Jharkhand,-,-,-
JEEVAN CHANAN TEACHER TRAINING COLLEGE, ,Haryana,-,-,-
JEEVAN COLLEGE OF EDUCATION, ,Tamil Nadu,-,-,-
"Jeevan Jot Nursing Institute , Ludhiana",LUDHIANA ,Punjab,-,-,-
"Jeevan Jyot Nursing College,Osmanabad",OSMANABAD ,Maharashtra,-,-,-
"Jeevan Jyothi B Sc Nursing College,Guntur",SECUNDERABAD ,Andhra Pradesh,-,-,-
"Jeevan Jyothi Hospital School Of Nursing , Anantapur",ANANTAPUR ,Andhra Pradesh,-,-,-
JEEVAN JYOTHI INSTITUTE OF EDUCATION, ,Haryana,-,-,-
Jeevan Jyoti College Of Nursing,CHHATTARPUR ,Madhya Pradesh,-,-,-
JEEVAN JYOTI D.ED COLLEGE, ,Karnataka,-,-,-
Jeevan Jyoti School for the Blind,VARANASI ,Uttar Pradesh,-,-,-
"Jeevan Jyoti School Of Nursing , Jamshedpur",JAMSHEDPUR ,Jharkhand,-,-,-
JEEVAN JYOTI TEACHER TRAINING COLLEGE, ,Haryana,-,-,-
Jeevan Polytechnic College, ,Tamil Nadu,"04332-293400,9626092212",jeevanpolyedu@gmail.com,	www.jeevanpolyedu.org
"Jeevan Rekha School Of Nursing , Mandi",MANDI ,Himachal Pradesh,-,-,-
"Jeevan Rekha School Of Nursing,Yavtmal",YAVATMAL ,Maharashtra,-,-,-
Jeevan Vikas Mahavidyalaya, ,Maharashtra,-,-,-
Jeevan Vikas Pratishthan,LATUR ,Maharashtra,02382-223081/221214/09422468397,jvpspedu@rediffmail.com,-
JEEVANA SHIKSHANA SAMI, ,Karnataka,-,-,-
JEEVANDEEP INSTITUTE OF MANAGEMENT & TECHNOLOGY, ,Uttar Pradesh,0542-2290862-64,-,-
JEEVANDEEP MAHILA MAHAVIDYALAYA, ,Uttar Pradesh,-,-,-
"Jeevandeep School Of Nursing, , Varnasi",VARANASI ,Uttar Pradesh,-,-,-
"Jeevas Polytechnic College,Myleripalayam", ,Tamil Nadu,04222638777,	jeevaspolytechnic@gmail.com,www.jpccollege.com
Jeevoday College of Special Education,NAGPUR ,Maharashtra,-,-,-
Jehlum Education Trust College Of Education, ,Jammu and Kashmir,-,-,-
Jei Mathaajee College of Engineering, ,Tamil Nadu,044-67270880,jmce.bose@yahoo.com/jmce.bose@gmail.com,www.jeimathaajeeengg.org
JEI MATHAJHI TEACHER TRAINING INSTITUTE, ,Tamil Nadu,-,-,-
JEI MATHAJI TEACHER TRAINING INSTITUTE, ,Tamil Nadu,-,-,-
Jengraimukh College, ,Assam,-,-,-
Jenneys Academy of Tourism and Hotel Management, ,Tamil Nadu,"0431-2690920,2690921,9443258582",jenneysacademy@yahoo.co.in,www.jenneysacademy.in
Jenneys Academy Of Tourism And Hotel Management, ,Tamil Nadu,"0431-2690920,0431-2690921,9443258582",	jenneysacademy@yahoo.co.in,	www.jenneysacademy.in
JENNEYS COLLEGE OF EDUCATION, ,Tamil Nadu,-,-,-
"Jennys College Of Nursing , Trichirapalli",TRICHY ,Tamil Nadu,-,-,-
Jeppiaar Engineering College, ,Tamil Nadu,"044-24502818,24502816",office@jeppiaarcollege.org,www.jeppiaarcollege.org
Jeppiaar Institute of Technology, ,Tamil Nadu,044-27159000,office@jeppiaarinstitute.org,www.jeppiaarinstitute.org
Jerusalem College Of Engineering,CHENNAI ,Tamil Nadu,"044-22461404,22460131","jcengg@vsnl.com,jerusalemengg@gmail.com",http://www.jerusalemengg.ac.in
JESI ADAM TEACHER TRAINING INSTITUTE, ,Tamil Nadu,-,-,-
Jesus & Mary College,DELHI ,Delhi,"26110041/102,26875800",info@jmcdelhi.com;jmc@ndb.vsnl.net.in,www.jmcdelhi.com
JESUS CHRIST TEACHER TRAINING INSTITUTE, ,Tamil Nadu,-,-,-
JESUS PEACE COLLEGE OF EDUCATION, ,Tamil Nadu,-,-,-
JESUS PG COLLEGE,KEESARA ,Andhra Pradesh,"08418-264272,27660202",-,-
JESUS TRAINING COLLEGE, ,Kerala,-,-,-
Jethabhai Jhaverbhai College Science, ,Gujarat,-,-,-
Jeya Polytechnic College, ,Tamil Nadu,"04612264453,04612264455,9150684282",	jeyapolytechnic@gmail.com,www.jeyapolytechnic.com
Jeyaraj Annapackiam C.S.I. Polytechnic College,TIRUVALLUR ,Tamil Nadu,-,-,-
Jeyaraj Chelladurai College Of Arts And Science,THENI ,Tamil Nadu,-,-,-
JEYASURIYA EDUCATIONAL TRUST, ,Tamil Nadu,-,-,-
"Jeypore College of Pharmacy , Jaypore",JAYPORE ,Orissa,(06854)246966,"admin@pharmajeypore.org,pharmajeypore@yahoo.co.in",www.pharmajeypore.org
Jeypore Law College,JAYPORE ,Orissa,-,-,-
Jeypore School of Engineering & Technology, ,Orissa,-,-,-
JG COLLEGE OF EDUCATION (PG), ,Karnataka,-,-,-
"JGI iDEA, School for Leadership and Entrepreneurial Excellence", ,Karnataka,+918043430170,-,http://www.jgiidea.org
Jhabbu Singh Memorial College, ,Jharkhand,-,-,-
Jhadeswar Institute of Enginering & Technology, ,Orissa,"06782-254090,254091",	jhadeswarietbls@gmail.com	,www.jietorissa.org
"Jhalawar Medical College, Jhalawar",JHALAWAR ,Rajasthan,07432-233233,jhalwarmedical@yahoo.com,-
JHAM BABA DEGREE COLLEGE, ,Uttar Pradesh,-,-,-
Jham Baba Degree College, ,Uttar Pradesh,-,-,-
Jhamman Lal Degree College, ,Uttar Pradesh,-,-,-
Jhanji Hem Nath Sarma College, ,Assam,-,-,-
JHANKAR TEACHER TRAINING COLLEGE, ,Haryana,-,-,-
"Jhanvi School Of Nursing ,Lucknow",LUCKNOW ,Uttar Pradesh,-,-,-
"Jhanvi School Of Nursing ,Lucknow",LUCKNOW ,Uttar Pradesh,-,-,-
Jhargram Raj College, ,West Bengal,-,-,-
Jharkhand College, ,Jharkhand,-,-,-
Jharkhand Teacher's Training College, ,Jharkhand,-,-,-
Jharkhand Vidhi Mahavidyalaya, ,Jharkhand,06534-226492,-,www.jharkhandvidhi.org
"Jharsuguda Engineering  School,  Jharsuguda", ,Orissa,06645-272605,contact@jesjsg.org.in,http://www.jesjsg.org.in/
"Jharsuguda Gnm Training College , Jharsuguda", ,Orissa,-,-,-
Jhulelal Institute Of Technology, ,Maharashtra,91-712-2023130,limayess@jit.org.in,http://jit.org.in
"Jhulka Institute Of Nursing & Health Sciences , Gurdaspur",GURDASPUR ,Punjab,-,-,-
JhunJhunwala Mahila Mahavidyalaya, ,Uttar Pradesh,-,-,-
JHUNJHUNWALA P.G.COLLEGE, ,Uttar Pradesh,-,-,-
Jiadhal College, ,Assam,-,-,-
Jiaganj Institute of Education & Training, ,West Bengal,-,-,-
Jialal Institute of Education, ,Rajasthan,-,-,-
JIBRAN QUADRI INSTITUTE OF MANAGEMENT SCIENCE & RESEARCH,AURANGABAD ,Maharashtra,0240-2601070,contact@everesteducationalsociety.org,www.contact@everesteducationalsociety.org
JIET School of Engineering & Technology for Girls,JODHPUR ,Rajasthan,-,info@jietjodhpur.com,-
"Jija Mata Govt. Polytechnic College, Burhanpur", ,Madhya Pradesh,07325241126	,gwpbpr@rediffmail.com,-
JIJAMATA BAH-UDDESHIYA SHIKSHAN PRASARAK MANDAL, ,Maharashtra,-,-,-
JIJAMATA EDUCATION SOCIETY, ,Maharashtra,-,-,-
Jijamata Education Societys Arts Science & Commerce, ,Maharashtra,-,-,-
Jijamata Education Societys Arts Science & Commerce, ,Maharashtra,-,-,-
"Jijamata Foundation Vidyapeeth Shri P.E. Tatya Patil Institute of Pharmacy, Jalgaon",JALGAON ,Maharashtra,-,-,-
"Jijamata School Of Nursing,Beed",BEED ,Maharashtra,-,-,-
JIJAMATHA TEACHER TRAINING INSTITUTE D.ED, ,Karnataka,-,-,-
JIJAU SHIKSHAN MAHAVIDYALAYA, ,Maharashtra,-,-,-
JIMARS (Jyoti Institute of Medical & Rehabiltiation Sciences) Viklang Kendra,ALLAHABAD ,Uttar Pradesh,-,-,-
Jind Institute of Engineering and Technology, ,Haryana,"01681-246466,248301,247714",jietprincipal@gmail.com,http://www.jiet-jind.com
Jind Polytechnic College, ,Haryana,01681-255960,-,-
JINDAL INSTITUTEO OF EDUCATION, ,Uttar Pradesh,-,-,-
Jindal School of Hotel Management, ,Gujarat,+91-9925001751,jshmvadodaragujarat@gmail.com,http://jshm.co.in
JINDAL TEACHER TRAINING COLLEGE, ,Haryana,-,-,-
Jiral College, ,Orissa,-,-,-
Jiri College, ,Manipur,-,-,-
JIS College of Engineering,KOLKATA ,West Bengal,033-25822138/25635298,info.jiscollege@jisgroup.org,www.jiscollege.ac.in
Jitendra Chauhan College of Law,MUMBAI ,Maharashtra,(022)-26142346,chandra_jccl@yahoo.com,www.jccl.svkm.ac.in
"Jitendra Chauhan College of Law,",MUMBAI ,Maharashtra,26142346,"jccl@svkm.ac.in,jccloffice@gmail.com",www.svkm.ac.in
Jiwach Mahavidyalaya, ,Bihar,-,-,-
Jiwaji University, ,Madhya Pradesh,+917512442712,Registrar@jiwaji.edu,http://www.jiwaji.edu
JIWANI SHIKSHAK PRASHIKSHAN SANSTHAN, ,Rajasthan,-,-,-
JIWANI TEACHER TRAINING COLLEGE, ,Rajasthan,-,-,-
"JJM Medical College, Davangere", ,Karnataka,"08192-231388,08192-253850-59",principal@jjmmc.org,www.jjmmc.org
JK Business School, ,Haryana,01242014091,admissions@jkbschool.org,http://jkbschool.org
JK Institute of Management and Technology, ,Haryana,"+91-9355562118,9355562119,",jkinstitutemba@gmail.com,http://www.jkinstitutes.com
JKK Munirajah School of Architecture, ,Tamil Nadu,04285-260263,jkkmsa@gmail.com,http://www.jkkmsa.org/
"JKK Natrajah Dental College & Hospital , Komarapalayam",NAMAKKAL ,Tamil Nadu,04288–260651,jkkncp@yahoo.com,www.jkknataraja.org
JKP Polytechnic, ,Haryana,"0130-2256839,09416054055",-,-
JM Sabva Institute of Engineering & Technology, ,Gujarat,+91-9408786048,jmsiet@gmail.com,http://www.jmsietbotad.in
Jnan Chandra Ghosh Polytechnic, ,West Bengal,2449-6015,-,-
"Jnan Chandra Ghosh Polytechnic , Kolkata",KOLKATA ,West Bengal,"24496015,24493816",jcgpoly@yahoo.co.in,www.wbdtet.gov.in
JNANA BHARATHI COLLEGE OF EDUCATION, ,Karnataka,-,-,-
JNANA BHARATHI COLLEGE OF EDUCATION, ,Karnataka,-,-,-
"Jnana Bharathi School Of Nursing , Tumkur",TUMKUR ,Karnataka,-,-,-
JNANA GANGA VIDYA PEE, ,Karnataka,-,-,-
"Jnana Jyothi School Of Nursing , Bangalore",BANGALORE ,Karnataka,-,-,-
JNANA SAGAR D.ED COLLEGE, ,Karnataka,-,-,-
JNANA VIKAS COLLEGE OF EDUCATION, ,Karnataka,-,principal@jvitedu.in,-
JNANABHARATHI SHIKSHARA TRAINING, ,Karnataka,-,-,-
JNANADHARA TEACHER TRAINING INSTITUTE, ,Karnataka,-,-,-
JNANAGANGA SHIKSHANA SAMSTHES, ,Karnataka,-,-,-
Jnanajyothi Polytechnic, ,Karnataka,-,-,-
Jnanavikasa Institute Of Technology,BANGALORE ,Karnataka,080-7282994/7828998,principaljvit@gmail.com,www.jvit.org
JNANAYOGI SIDDESSHWARA SIXAN SAMSTHAS D.ED COLLEGE, ,Karnataka,-,-,-
JNANAYOGI SRI.SIDDESHWA SWAMIJI COLLEGE OF EDUCATION, ,Karnataka,-,-,-
"Jnanesh Institute Of Nursing , Bangalore",BANGALORE ,Karnataka,-,-,-
JNANESH TEACHER TRAINING INSTITUTE, ,Karnataka,-,-,-
JNANODYA TEACHERS TRAINING D.ED COLLEGE, ,Karnataka,-,-,-
JNN Institute Of Engineering, ,Tamil Nadu,04427629611,jnnie@jnnie.in,www.jnnie.in
JNTU College of Engineering, ,Andhra Pradesh,08554-272433,"principaljntuacea@gmail.com,ak",www.jntua.ac.in/
JNTU College of Engineering Andhra Pradesh, ,Andhra Pradesh,+91-040-23158661to23158664,info@jntuceh.ac.in.,www.jntuh.ac.in/
JNTU College of Engineering Godavari, ,Andhra Pradesh,0884-2300900,registrar@jntuk.edu.in,http://www.jntuk.edu.in/
Joda Women's College, ,Orissa,-,-,-
Jodh Singh Namdhari Mahila College, ,Jharkhand,-,-,-
"Jodhpur Dental College & General Hospital , Jodhpur",JODHPUR ,Rajasthan,"+91-291-281551to557,9928819733",info@jodhpurnationaluniversity.com,www.jodhpurnationaluniversity.com
Jodhpur Engineering College and Research Center,JODHPUR ,Rajasthan,0291-2868152/53,info@jietjodhpur.com,http://engineering.jodhpurnationaluniversity.com/
Jodhpur Institute of Engineering & Technology,JODHPUR ,Rajasthan,0291-2868152/53,info@jietjodhpur.com,-
Jodhpur Institute of Law,JODHPUR ,Rajasthan,02931-281551-54,info@jodhpurnationaluniversity.com,www.jodhpurnationaluniversity.com
Jodhpur Law College and Research Centre,JODHPUR ,Rajasthan,2435412,-,-
Jodhpur National University, ,Rajasthan,+912931281551-557,info@jodhpurnationaluniversity.com,www.jodhpurnationaluniversity.com
"Jodhpur Pharmacy College , Jodhpur",JODHPUR ,Rajasthan,"02931-281551,02931-281552,02931-281557",info@kushaleducation.com,www.kushaleducation.com
JODHPUR TEACHERS TRAINING INSTITUTE, ,Rajasthan,-,-,-
Joe Suresh Engineering College, ,Tamil Nadu,"0462-2484314,2484315",jsecprincipal@yahoo.co.in,www.rajas.edu
Jogaiah Institute of Tech. and Science, ,Andhra Pradesh,08814-283799/283755/283700,info@jitspalakol.org,http://www.jitspalakol.org
Jogesh Chandra Chaudhari Law College,KOLKATA ,West Bengal,033-2417-5467/2422-4319,www.jcclawcollege.in,-
Jogesh Chandra Chaudhuri College, ,West Bengal,-,-,-
Jogesh Chandra Chaudhuri Law College,KOLKATA ,West Bengal,"033-24175467,033-24224319",-,http://www.jcclawcollege.in
Joginpally B.R. Engineering College, ,Andhra Pradesh,"+914023301523,23391979",principal@jbrec.edu.in,http://www.jbrec.edu.in/
Jogmaya Devi College, ,West Bengal,-,-,-
John Bosco Engineering College, ,Tamil Nadu,04427600666,chairmanjbc@gmail.com,www.johnbosco.ac.in
John Bosco Polytechnic College, ,Tamil Nadu,"04427691499,04427691303,9445252693",jbptvp@gmail.com,www.johnbosco.ac.in
"John Enoch College of Pharmacy , THIRUVANANTHAPURAM",TRIVANDRUM ,Kerala,0471-2343980,jecollege@gmail.com,www.chemistscollege.com/main/john%20enoch%20colleg
JOHN MEMORIAL TEACHER TRAINING INSTITUTE, ,Kerala,-,-,-
JOHN TEACHER TRAINING INSTITUTE, ,Tamil Nadu,-,-,-
"Joitiba College Of Nursing , Mehsana",MEHSANA ,Gujarat,-,-,-
Jorhat College Amulgumated, ,Assam,-,-,-
Jorhat Engineering College,JORHAT ,Assam,"0360320340,03762330134,91376330565","principaljec.bora@gmail.com,pabora@sancharnet.in",http://www.jecassam.in
Jorhat Kendriya Mahavidyalaya, ,Assam,-,-,-
Jorhat Law College, ,Assam,0376-2300405.,collegejorhatlaw@gmail.com,www.jorhatlawcollege.org.
"Jorhat Medical College & Hospital , Jorhat", ,Assam,0376-2370107,djbdoctor@hotmail.com;djbdoctor@yahoo.co.in,http://www.jmch.org.in/
"Josco College Of Nursing , Alappuzha",ALAPPUZHA ,Kerala,+91-477-0091-479-2374573,-,www.joscohospital.com
"Josco College Of Nursing , Bangalore",BANGALORE ,Karnataka,-,-,-
"Josco School Of Nursing,Alappuzha",ALAPPUZHA ,Kerala,-,-,-
Joseph Arts And Science College,VILLUPURAM ,Tamil Nadu,-,-,-
JOSEPH CHELLAMUTTU TEACHERTRAINING INSTITUTE, ,Tamil Nadu,-,-,-
"Joshi School Of Nursing , Bangalore",BANGALORE ,Karnataka,-,-,-
Jote Kanurangarh Mahatma Primary Teacher's Training Institute, ,West Bengal,-,-,-
Jothi College,VELLORE ,Tamil Nadu,-,-,-
JOTHI VALLUR COLLEGE OF EDUCATION, ,Pondicherry,-,-,-
Joyrambati Ramakrishna Sarada, ,West Bengal,-,-,-
JP College Of Engineering, ,Tamil Nadu,04633-268320,info@jpcollege.org,www.jpcollege.org
JP Institute of Management, ,Uttar Pradesh,"0121-2622477,2622577",rajuldatt@rediffmail.com,www.jpim.in
JP School of Business, ,Uttar Pradesh,+91-121-2623009,nfo@jpsob.com,www.jpsob.com
JPM BED COLLEGE, ,Kerala,-,-,-
"Jr Health Assistant F Trg Centre,Raichur",RAICHUR ,Karnataka,-,-,-
"Jr. Health Assistant F Trg. Centre,Mysore",MYSORE ,Karnataka,-,-,-
"Jr. Public Health Nurses Training Centre , Thiruvananthapuram",TRIVANDRUM ,Kerala,-,-,-
JRE Group of Institutions, ,Uttar Pradesh,-,admission@jre.edu.in,www.jre.edu.in
JRN Institute of Aviation Technology, ,Delhi,"11-25291002,32219402",jrniatnd@sify.com,-
JRS COLLEGE OF EDUCATION, ,Tamil Nadu,-,-,-
JRS Institute of Technical Education, ,Rajasthan,01572-513638,jrs.sikar@gmail.com,-
JRSET College of Law,NADIA ,West Bengal,03473-246898,jrs.education@yahoo.co.in,www.jrs_education.com
"JS S S Polytechnic, Mysore", ,Karnataka,08212517110,-,-
JSN College of Engineering & Technology,IBRAHIMPATNAM ,Andhra Pradesh,-,-,-
JSPM'S RAJARSHI SHAHU COLLEGE OF EDUCATION, ,Maharashtra,020-265731436,-,http://jspm.edu.in
Jspss Ajjappa Gadami Arts And Commerce College, ,Karnataka,-,-,-
JSR COLLEGE OF EDUCATION, ,Tamil Nadu,-,-,-
JSS Academy of Technical Education, ,Uttar Pradesh,"0120-2400098,2400115",	headplacements@gmail.com,www.jssaten.ac.in
JSS Academy of Technical Education Karnataka,BANGALORE ,Karnataka,080-28603702/28603425/2565/2575,contactus@jssateb.org,www.jssateb.org
JSS COLLEGE OF EDUCATION, ,Karnataka,-,-,-
JSS College of Nursing, ,Karnataka,-,-,-
JSS College of Physiotherapy, ,Karnataka,-,-,-
"JSS Dental College & Hospital , Mysore",MYSORE ,Karnataka,0821-2548392/2548393,jss_dch@yahoo.co.in,www.jssacad.orgwww.jssuni.edu.in
JSS INSTITUTE OF EDUCATION, ,Karnataka,-,-,-
JSS INSTITUTE OF EDUCATION, ,Karnataka,-,-,-
JSS INSTITUTE OF EDUCATION, ,Karnataka,-,-,-
"JSS Medical College, Mysore", ,Karnataka,"0821-2490732,2493667,2492957",principal@jssmedicalcollege.in,www.jssmedicalcollege.in
Jss Sakaari Law College, ,Karnataka,-,-,-
Jss Sakaari Law College, ,Karnataka,-,-,-
Jubilee College, ,Jharkhand,-,-,-
"Jubilee Mission College Of Nursing , Thrissur",TRICHUR ,Kerala,-,-,-
"Jubilee Mission College Of Nursing , Thrissur",TRICHUR ,Kerala,-,-,-
"Jubilee Mission Hospital , Thrissur",TRICHUR ,Kerala,-,-,-
"Jubilee Mission Medical College & Research Institute, Thrissur", ,Kerala,"0487-2421966,2421885",jmmcri@yahoo.com,www.jubileemissionmedicalcollege.org
"Jubin College Of Nursing,Sri Ganganagar", ,Rajasthan,-,-,-
"Jubin College Of Post Basic Bsc Nursing , Sri Ganganagar", ,Rajasthan,-,-,-
"Jubin Nursing School, Sriganganagar", ,Rajasthan,-,-,-
JUGAL KISHORE MAHAVIDYALAYA, ,Uttar Pradesh,-,-,-
JUGAL TEACHER TRAINING COLLEGE, ,Haryana,-,-,-
Juhari Devi Girls Postgraduate College, ,Uttar Pradesh,-,-,-
Jumma Masjid Charitable Trust''s Polytechnic, ,Maharashtra,0253-2237492,jmctpoly@gmail.com,www.jmctnashik.org
"Junior Health Asstt F Training Centre,Chickmagalur",CHIKMAGALUR ,Karnataka,-,-,-
"Jupiter College Of Nursing , Bangalore",BANGALORE ,Karnataka,"09341220446,080-23441818,23362528",jupitermurcha@gmail.com,-
Jupiter Degree College,GUNTUR ,Andhra Pradesh,"0863–2237987,2237987",-,-
"Jupiter School Of Nursing , Bangalore",BANGALORE ,Karnataka,-,-,-
JUPITER TEACHER TRAINING COLLEGE, ,Himachal Pradesh,-,-,-
Juria College,NAGAON ,Assam,245596,-,-
Justice Basheer Ahmed Syed College For Women,CHENNAI ,Tamil Nadu,"(44)24364152,24364140,24350395",jbascompsc@dataone.com,www.jbascollege.com
Justice Kumaryya College of Law,KARIMNAGAR ,Andhra Pradesh,"0878-2262128,2262060,9866463394",-,-
"JV Mandal Polytechnic, Terdal Bagalkot", ,Karnataka,08353-256177,-,-
JVS TEACHER TRAINING INSTITUTE, ,Tamil Nadu,-,-,-
Jwala Devi Vidya Mandir (PG) Degree College, ,Uttar Pradesh,-,-,-
Jyothi Engineering College,TRICHUR ,Kerala,04884-274777/274198,info@jeccthrissur.org,www.jeccthrissur.org
Jyothi Engineering College Andhra Pradesh,MEDAK ,Andhra Pradesh,-,-,-
"Jyothi School Of Nursing , Nalgonda",NALGONDA ,Andhra Pradesh,-,-,-
Jyothishmathi College of Engineering and Technology, ,Andhra Pradesh,"9849302525,8897111222",jcetech@yahooo.co.in,http://www.jcetech.in/
Jyothishmathi Institute of Tech & Science, ,Andhra Pradesh,"0878-2223716,2223717.",jitswebmasters@gmail.comsysadmin@jits.ac.in,http://www.jits.ac.in/
Jyoti Bhushan Pratap Singh Law College,KORBA ,Chhattisgarh,07759-248432,-,-
JYOTI COLLEGE OF MANAGEMENT SCIENCE & TECHNOLOGY, ,Uttar Pradesh,-,-,-
"Jyoti College Of Management Science & Technology , Bareilly",BAREILLY ,Uttar Pradesh,-,-,-
JYOTI COLLEGE OF MANAGENENT AND SCLNCE AND TECHNOLOGY, ,Uttar Pradesh,9219459111,contact@iyoticollege.com,http://jcmstbed.com/
"Jyoti Hospital A N M Training Center,Allahabad",ALLAHABAD ,Uttar Pradesh,-,-,-
JYOTI KRISHAK PRASHIKSHAN MAHAVIDYALAYA, ,Rajasthan,-,-,-
JYOTI SHIKSHA PRASHIKSHAN VIDYALAYA, ,Rajasthan,-,-,-
JYOTI TEACHER TRAINING COLLEGE, ,Punjab,-,-,-
Jyoti Vikash Degree College, ,Orissa,-,-,-
JYOTIBA SHIKSHAN SANSTHAS NTS COLLEGE OF EDUCATION, ,Maharashtra,-,-,-
JYOTINIVAS COLLEGE, ,Karnataka,080-25530137080-25533886,info@jyothinivas.org,-
Jyotinivas College, ,Karnataka,-,-,-
Jyotirmoy Schol of Business, ,West Bengal,+91(3218)260064/65/68/74/75,admissions@jsb.org.in,www.jsb.org.in
Jyotirmoy School of Law, ,West Bengal,"+913324748282,24852229",info@jsl.org.in,www.jsl.org.in
