L B S Memorial College, ,Jharkhand,-,-,-
L C Bharali College, ,Assam,-,-,-
"L Chaobi Nursing Institute , Imphal",IMPHAL ,Manipur,-,-,-
"L D H T Nursing School,Hingoli", ,Maharashtra,-,-,-
"L G B Regional Institute Of Mental Health , Tezpur",TEZPUR ,Assam,-,-,-
L K C Jagdamba Andh Vidyalaya Samiti,HANUMANGARH ,Rajasthan,0154-2464458/2464077,"lkcsjavs@lkcjagdamba.com,ranjana_sethi@lkcjagdamba.com",-
"L M R College Of Nursing , Gwalior",GWALIOR ,Madhya Pradesh,-,-,-
L N College, ,Bihar,-,-,-
L N D College, ,Bihar,-,-,-
L N Gupta College Science Commerce,HYDERABAD ,Andhra Pradesh,24414149,lngsc@yahoo.com,-
L N Janta College, ,Bihar,-,-,-
L N K College Education, ,Gujarat,-,-,-
L N Mishra B Jha Mahila College, ,Bihar,-,-,-
L N Mishra Memorial College, ,Bihar,-,-,-
"L N Nursing College , Bhopal",BHOPAL ,Madhya Pradesh,-,-,-
L N Nursing School,BHOPAL ,Madhya Pradesh,-,-,-
L N Rameshwar Sanskrit Mahavidyalaya, ,Bihar,-,-,-
L N T COLLEGE OF EDUCATION, ,Haryana,-,lntcollege@ymail.com,-
L N T Mahavidyalaya, ,Bihar,-,-,-
L R Valia Arts And P R Mehta Commerce College, ,Gujarat,-,-,-
L S College, ,Bihar,-,-,-
L T K College, ,Assam,-,-,-
"L,J Polytechnic", ,Gujarat,(079)29096539,ljiet@ljinstitutes.org,www.ljinstitutes.org
L. B. S. Law College, ,Madhya Pradesh,"07594-20436,07594-21169",-,-
L. M. G. Memorial Law College, ,Manipur,-,-,-
L. M. S. Law College,IMPHAL ,Manipur,-,-,-
L. Patel Centre for Science and Technology,ANAND ,Gujarat,-,-,www.istar.ac.in
L. R. Institute of Legal Studies,SOLAN ,Himachal Pradesh,94180-20707,-,-
L.A.S.E.DEPARTMENT OF EDUCATION, ,Uttar Pradesh,-,-,-
L.B.S College of Engineering, ,Kerala,"04994-250290,04994-250400",principal@lbsce.org,www.lbsce.org
L.B.S. INSTITUTE OF MANAGEMENT STUDIES & RESEARCH,CHANDIGARH ,Chandigarh,07752-260025,dms_ggu@rediffmail.com,www.ggu.ac.in
L.B.S. P.G COLLEGE, ,Uttar Pradesh,05262-232994,-,http://www.lbspgcollege.org.in
L.B.S. P.G. COLLEGE, ,Uttar Pradesh,-,-,-
L.B.S. TEACHER TRAININGINSTITUTE, ,Rajasthan,-,-,-
L.C.R.T. TEACHER TRAINING COLLEGE, ,Haryana,-,-,-
L.E.S. Smt. K. Mirji Arts And Commerce College, ,Karnataka,-,-,-
L.G. TEACHER TRAINING COLLEGE, ,Haryana,-,-,-
L.J. Institute of Computer Applications, ,Gujarat,079-29097283,-,http://www.ljinstitutes.org/institutes/l-j-inst-of
L.J. Institute of Engineering & Technology,AHMEDABAD ,Gujarat,"079-26890371,26891718",Ljiet7@yahoo.com,www.ljinstitutes.org.
L.J. INSTITUTE OF MANAGEMENT STUDIES, ,Gujarat,-,-,http://www.ljinstitutes.org/contact-us/
"L.J. Institute of Pharmacy , Ahmedabad",AHMEDABAD ,Gujarat,+91-79-26890512.,-,www.ljinstitutes.org
L.L.R.M. Medical College, ,Uttar Pradesh,"+91-9897141429(M),2760888",medllrm@yahoo.com,-
"L.L.R.M.Medical College, Meerut",MEERUT ,Uttar Pradesh,"0121-276088,2760555",medllrm@yahoo.com,www.llrmmedicalcollege.nic.in
"L.M. College of Pharmacy , ,AHMEDABAD",AHMEDABAD ,Gujarat,+91-79-26302746,mukeshgohel@hotmail.com,www.lmcp.in
L.M.S. Law College, ,Manipur,-,-,-
L.N COLLEGE, ,Uttar Pradesh,-,-,-
"L.N. Medical College and Research Centre,Bhopal",BHOPAL ,Madhya Pradesh,+91(755)4049610/14/16/20,"lnmcbhopal@lnctgroup.in,jkhospital@lnctgroup.in",www.lnctgroup.in
L.N.INSTITUTE OF TEACHER EDUCATION, ,Rajasthan,-,-,-
L.N.M. COLLEGE OF BUSINESS MANAGEMENT,BHAGALPUR ,Bihar,0621-2255905,kmishra_3@rediffmail.com,-
L.N.M. Institute Of Economic Development & Social Change,PATNA ,Bihar,"0612-2207500,9431602255",kahsubra@rediffmail.com,-
L.N.Mishra College of Business Management, ,Bihar,"0621-2255905,2250204",info@lnmcbm.org,http://www.lnmcbm.org/
L.N.T. TEACHER TRAINING COLLEGE, ,Haryana,-,-,-
L.P. POST GRADUAT COLLEGE, ,Uttar Pradesh,-,-,-
L.R. COLLEGE OF ADVANCED STUDIES, ,Delhi,-,-,-
L.R. INSTITUTE OF EDUCATION, ,Himachal Pradesh,-,-,-
L.R. Institute of Engineering and Technology, ,Himachal Pradesh,"01792-252851,252852",	lakhwinder.singh@lrinstitutes.com,http://www.lrinstitutes.com
L. R. Institute of Legal Studies,SOLAN ,Himachal Pradesh,94180-20707,-,-
L.R. INSTITUTE OF MANAGEMENT, ,Himachal Pradesh,01792-252524,lrcpharmacy@rediffmail.com,-
L.R. Polytechnic, ,Himachal Pradesh,01792304802,lrpolytechnic2010@gmail.com,http://www.lrinstitutes.com/
L.R.G. Government Arts & Science College For Women,COIMBATORE ,Tamil Nadu,-,lrggctop@sanchar.net.in,-
L.T.R. INSTITUTE OF TECHNOLOGY, ,Uttar Pradesh,-,-,-
L.V.H. Arts Science & Commerce College, ,Maharashtra,-,-,-
L.V.R. NAIDU COLLEGE OF EDUCATION, ,Tamil Nadu,-,-,-
LABOUR INDIA COLLEGE OF TEACHER EDUCATION, ,Kerala,-,-,-
Lachoo Memorial College Of Science, ,Rajasthan,"91-291-431238,433919",office@lachoomemorial.org,www.lachoomemorial.org
"Lachoo Memorial College of Science & Technology , Jodhpur", ,Rajasthan,-,-,-
LAD and Smt. SRP College for Women, ,Maharashtra,"0712-6464146,2246623,2247192",ladcollegebiotechnagpur@yahoo.co.in,www.ladcollege.org
LADWA TEACHER TRAINING COLLEGE, ,Haryana,-,-,-
Lady Barabourne College, ,West Bengal,-,-,-
Lady Doak College, ,Tamil Nadu,-,info@ladydoak.org,-
Lady Harding Medical College & Hospital, ,Delhi,-,-,-
"Lady Hardinge Medical College, New Delhi",DELHI ,Delhi,011-23343984,pmslhmc@mail.com,http://www.lhmc.in/
"Lady Health Visitors School , Patna",PATNA ,Bihar,-,-,-
Lady Irwin College,DELHI ,Delhi,-,-,-
"Lady Irwin College, New Delhi",DELHI ,Delhi,"23711222,23321635Ext.113/118",-,www.ladyirwin.edu.in
Lady Kean Girls College, ,Meghalaya,-,-,-
"Lady Reading Health School , Delhi",DELHI ,Delhi,-,-,-
Lady Reid Basic Training Centre, ,Meghalaya,-,-,-
"Lady Shri Ram College For Women, New Delhi",DELHI ,Delhi,"	26434459,26460400,26460413",lsrc@vsnl.com,www.lsrcollege.org
LADY WILLINGDON INSTITUTE OF ADVANCED STUDY IN EDUCATION, ,Tamil Nadu,-,principallwiase@yahoo.co.in,-
Lady Willingdon Training College,CHENNAI ,Tamil Nadu,-,-,-
LAHERI TEACHERS TRAINING COLLEGE, ,Rajasthan,-,-,-
Lahoti Degree College,KONDANAGULA ,Andhra Pradesh,-,-,-
"Lajjawati Jain Memorial Nursing Institute , Ludhiana",LUDHIANA ,Punjab,-,-,-
"Lajjiawati Jain Memorial Nursing Institute , Ludhiana",LUDHIANA ,Punjab,-,-,-
Lajpat Rai College, ,Uttar Pradesh,-,-,-
Lajpat Rai D.A.V. College, ,Punjab,-,-,-
Lajpat Rai Law College,SAMBALPUR ,Orissa,-,-,-
"Lake Side College Of Nursing , Bangalore",BANGALORE ,Karnataka,-,-,-
"Lake Side Medical Centre & Hosp Sch Of Nsg., Bangalore",BANGALORE ,Karnataka,-,-,-
LAKHAN LAL SAHRAN SINGH MAHAIDAYALYA, ,Uttar Pradesh,-,-,-
LAKHAN LAL SHARAN SINGH MAHAVIDYALAYA, ,Uttar Pradesh,-,-,-
Lakhdhirji Engineering College, ,Gujarat,-,-,-
Lakhimpur Commerce College, ,Assam,-,-,-
Lakhimpur Girls College, ,Assam,-,-,-
Lakhimpur Kendriya Mahavidyalaya, ,Assam,-,-,-
Lakhimpur Post Graduate Training College, ,Assam,"+91-03752-223026(O),223165(R)",college.lpgt@gmail.com,www.lpgtcollege.org
Lakhipur College,LAKHIMPUR ,Assam,03663-283429,-,-
Lakhmi Chand Institute of Technology, ,Chhattisgarh,"+9179080002,3,4,9630052722,9179080042","info@lcitbilaspur.com,lcit.bsp@gmail.com",http://www.lcitbilaspur.com/
LAKHMI CHAND PATWARI COLLEGE OF EDUCATION, ,Uttar Pradesh,9412631054,-,-
LAKHMI CHAND PATWARI COLLEGE OF EDUCATION, ,Uttar Pradesh,-,-,-
Lakireddy Bali Reddy College of Engineering, ,Andhra Pradesh,"08659-222933,222934,223936",lbcemym@lbrce.ac.in,http://www.lbrce.ac.in/
Lakshay College of Hotel Management, ,Haryana,"98964-13400,90348-08088",admission@lakshay.edu.in,http://lchm.lakshay.edu.in/
LAKSHAY INSTITUTE OF EDUCATION, ,Himachal Pradesh,-,-,-
LAKSHAY INSTITUTE OF MGT. STUDIES,PANIPAT ,Haryana,0180-4001948/9896766601/9416008866,info@lakshaycollege.com,http://www.lakshaycollege.com/
LAKSHAY TEACHER TRAINING COLLEGE, ,Haryana,-,-,-
LAKSHMI AMMAL COLLEGE OF EDUCADTION, ,Tamil Nadu,-,-,-
Lakshmi Ammal Polytechnic College,TRICHY ,Tamil Nadu,-,lap352@sancharnet.in,-
"Lakshmi Ammal School Of Nursing, Chengalpattu", ,Tamil Nadu,-,-,-
Lakshmi Bai Batra College Of Nursing,DELHI ,Delhi,-,-,-
Lakshmi Bai College,DELHI ,Delhi,"27418598,27308598",principal@lb.du.ac.in,-
Lakshmi Bai National College of Physical Education, ,Kerala,-,-,-
LAKSHMI COLLEGE OF EDUCATION, ,Tamil Nadu,-,ggmtrust@sify.com,-
"Lakshmi Devi School Of Nursing , Bangalore Rural",BANGALORE ,Karnataka,-,-,-
"Lakshmi M P H W F Trg Institute,Hyderabad",HYDERABAD ,Andhra Pradesh,-,-,-
Lakshmi Narain College Of Technology, ,Madhya Pradesh,"07321-2722099,224332,0751-2660930",cecbsp@rediffmail.com,http://lnctgroup.in
Lakshmi Narain College of Technology & Science, ,Madhya Pradesh,07553985300	,lnctbhopal@lnctgroup.in,-
LAKSHMI NARAYAN MAHAVIDYALAYA, ,Uttar Pradesh,-,-,-
Lakshmi Narayanan Visalakshi College Of Arts And Science,COIMBATORE ,Tamil Nadu,-,-,-
"Lakshmi School Of Nursing , Hyderabad",HYDERABAD ,Andhra Pradesh,2331-9999,-,-
"Lakshmi School Of Nursing,Ernakulam",ERNAKULAM ,Kerala,-,-,-
Lakshmi Subramaniyan Poltechnic College, ,Tamil Nadu,04543293034,lspc886@gmail.com,-
LAKSHMI TEACHER TRAINING INSTUTUTE, ,Tamil Nadu,-,-,-
"Lakshmi Venkatesh T G College Of Nursing,kurnool",KURNOOL ,Andhra Pradesh,-,-,-
LAKSHMIAMMAL COLLEGE OF EDUCATION, ,Tamil Nadu,-,-,-
Lakshmiammal Polytechnic College, ,Tamil Nadu,"04632228724,04632222506,	9443261506",lap352@sancharnet.in,lakshmiammalpolytechnic.com
LAKSHMIAMMAL TEACHER TRAINING INSTITUTE, ,Tamil Nadu,-,-,-
Lakshmibai National Institute Of Physical Education, ,Madhya Pradesh,910751340553,info@lnipe.net,www.lnipe.net
LAKSHMIBAI NATIONAL INSTITUTE OF PHYSICAL EDUCATION, ,Madhya Pradesh,-,-,-
LAKSHYA DEEP SHIKSHAK PRASHIKSHAN SANSTHAN, ,Rajasthan,-,-,-
Lakshya Institute Of Nursing,GWALIOR ,Madhya Pradesh,-,-,-
LAKSSHMI AMMAL COLLEGE OF EDUCATION FOR WOMEN, ,Tamil Nadu,-,-,-
Lal Baba College, ,West Bengal,-,-,-
LAL BAHADHUR D.ED COLLEGE, ,Karnataka,-,-,-
LAL BAHADHUR SHASTRI STC SCHOOL, ,Rajasthan,-,-,-
Lal Bahadur Arts Science And S.B. Selabanna Setty Comm. Co, ,Karnataka,-,-,-
Lal Bahadur College, ,Andhra Pradesh,"0870-2420818,2429192",ibccsdpt@hd2.net.in,http://lbcollege.org/
"Lal Bahadur College, Hyderabad", ,Andhra Pradesh,23532479,adminpg@lbcollege.org,http://lbcollege.org
Lal Bahadur Memorial Mahila College, ,Punjab,-,-,-
LAL BAHADUR SHASHTRI POST GRADUTE COLLEGE, ,Uttar Pradesh,-,-,-
LAL BAHADUR SHASHTRI TEACHER TRAINING COLLEGE, ,Rajasthan,-,-,-
LAL BAHADUR SHASTRI, ,Uttar Pradesh,-,-,-
LAL BAHADUR SHASTRI, ,Uttar Pradesh,-,-,-
Lal Bahadur Shastri College, ,Rajasthan,-,-,-
Lal Bahadur Shastri College Of Arts Science & Commerce, ,Maharashtra,-,-,-
"Lal Bahadur Shastri College Post Graduate , jaipur",JAIPUR ,Rajasthan,"91-141-2622793,2624410",-,www.lbscollege.com
Lal Bahadur Shastri Degree College, ,Uttar Pradesh,-,-,-
Lal Bahadur Shastri Degree College, ,Uttar Pradesh,-,-,-
Lal Bahadur Shastri Government College, ,Rajasthan,-,-,-
Lal Bahadur Shastri Government Degree College, ,Himachal Pradesh,-,-,-
lal bahadur shastri government first grade college, ,Karnataka,-,-,-
Lal Bahadur Shastri Homoeopathic Medical College, ,Madhya Pradesh,9300844675,-,-
LAL BAHADUR SHASTRI INST. OF MANAGEMENT,DELHI ,Delhi,"91-11-26191081,26186153,26172407",info@lbsim.ac.in,www.lbsim.ac.in
LAL BAHADUR SHASTRI INSTITUTE OF MANAGEMENT DELVELOPENT STUDIES, ,Uttar Pradesh,"0522-2361938,2750712",info@lbsimds.ac.in,-
Lal Bahadur Shastri Institute of Management Studies and Research,BILASPUR ,Chhattisgarh,07752-260025,dms_ggu@rediffmail.com,www.ggu.ac.in
Lal Bahadur Shastri Mahavidyalaya, ,Maharashtra,-,-,-
Lal Bahadur Shastri Mahavidyalaya(ARTSSC&COM), ,Maharashtra,-,-,-
Lal Bahadur Shastri National Academy of Administration, ,Uttaranchal,"0135-2222000,2632236,2632489",-,www.lbsnaa.gov.in
"Lal Bahadur Shastri School Of Nursing , Yamuna Nagar",YAMUNANAGAR ,Haryana,-,-,-
Lal Bahadur Shastri Smarak Degree College, ,Uttar Pradesh,-,-,-
LAL BAHADUR SHASTRI TECHNICAL INSTITUTE, ,Uttaranchal,-,-,-
LAL BAHADUR SHASTRI VYAVSAYIK ADHYAPAN MAHAVIDYALAYA, ,Madhya Pradesh,-,-,-
Lal Bahadur Shastri Vyavsayik Adhyayan Mahavidyalaya, ,Madhya Pradesh,-,-,-
"Lal Bahadur Shastri, Sch. Of Nsg,Yamunanagar",YAMUNANAGAR ,Haryana,-,-,-
LAL BAHADUR SINGH SMARAK MAHAVIDYALAYA, ,Uttar Pradesh,-,-,-
LAL BHADUR SHASHTRI SMARK P.G. COLLEGE, ,Uttar Pradesh,-,-,-
LAL BHADUR SHASTRI MAHILA SHIKSHAK PRASSHIKSHAN MAHAVIDYALAYA, ,Rajasthan,-,-,-
LAL BHADUR SHASTRI TEACHER TRAINING COLLEGE, ,Haryana,-,-,-
LAL BHAHADUR SHASTRI TECHNICAL EDUCATION INSTITUTE, ,Uttaranchal,-,-,-
Lal Bhai Dalpathbhai Arts College, ,Gujarat,-,-,-
LAL CHAND MAL TEACHER TRAINING COLLEGE, ,Haryana,-,-,-
Lal Gee Polytechnic, ,Himachal Pradesh,01905-247177,lalsgee_edu@yahoo.com,http://www.lalgeecollege.com/
"Lal Memorial Hospital,Thrissur",TRICHUR ,Kerala,-,-,-
Lal Singh Tyagi Gramin College, ,Bihar,-,-,-
Lal Singh Tyagi Gramin Mahavidyalaya, ,Bihar,-,-,-
Lala Ami Chand Monga Memorial College of Law,AMBALA ,Haryana,01731-289827,-,-
LALA AMI CHAND MONGA MEMORIAL TEACHER TRAINING COLLEGE, ,Haryana,-,-,-
LALA HANS RAJ MEMORIAL TEACHER TRAINING COLLEGE, ,Punjab,-,-,-
Lala Hans Raj Phutela College of Law,SIRSA ,Haryana,01666-241712,lhplawsirsa@gmail.com,www.lhplawcollege.com
LALA JAGAT NARAYAN EDUCATION COLLEGE, ,Punjab,-,-,-
LALA JAGAT NARAYAN EDUCATION COLLEGE, ,Punjab,-,-,-
Lala Lajpat Rai College of Law, ,Maharashtra,-,info@llim.edu,-
"Lala Lajpat Rai College of Pharmacy , Moga",MOGA ,Punjab,"01636-501067,01636-501069,09872734441",-,www.llrcp.ac.in
Lala Lajpat Rai Government College, ,Punjab,-,-,-
Lala Lajpat Rai Institute of Engineering & Technology, ,Punjab,"01636-265068,265315,265216",llrmimt@sify.com,http://www.llriet.ac.in/
"Lala Lajpat Rai Institute Of Nsg Education ,School Of Nursing , Jalandhar",JALANDHAR ,Punjab,-,-,-
"Lala Lajpat Rai Institute Of Nursing , Moga",MOGA ,Punjab,-,info@llrnursing.org,-
"Lala Lajpat Rai Institute Of Nursing Education , Jalandhar",JALANDHAR ,Punjab,-,-,-
LALA LAJPAT RAI MEMORIAL TEACHER TRAINING COLLEGE, ,Punjab,-,-,-
"Lala Lajpat Rai School Of Nursing , Moga",MOGA ,Punjab,-,-,-
Lala Lajpat Rai University of Veterinary, ,Haryana,+911662289332,vc@llruvas.edu.in,http://www.llruvas.edu.in/
Lala Lajpatrai College of Commerce & Economics, ,Maharashtra,-,-,-
LALA LAJPATRAI INSTITUTE OF MANAGEMENT, ,Maharashtra,022-24980874,llim@vsnl.com,www.llim.edu
LALA LAXMI NARAIN DEGREE COLLEGE, ,Uttar Pradesh,-,-,-
Lala Mahadev Prasad Verma Balika Mahavidyalaya, ,Uttar Pradesh,-,-,-
LALA MALTADEO PRASAD VERMA BALIKA DEGREE COLLEGE, ,Uttar Pradesh,-,-,-
Lala Mangat Ram Mahavidyalaya, ,Delhi,-,-,-
LALA MANGAT RAM MAHAVIDYALAYA, ,Uttar Pradesh,-,-,-
"Lala Munshi Ram Institue Of Health Sciences , Gurdaspur",GURDASPUR ,Punjab,-,-,-
Lala Rural College, ,Assam,-,-,-
LALAMAUGAT RAM MAHAVIDYALAYA, ,Uttar Pradesh,-,-,-
Lalbhai Dalpatbhai College of Engineering,MEHSANA ,Gujarat,"079-6306752,26304118",ldce_ciiilp@yahoo.com,www.ldceindia.org
LALGEE TEACHER TRAINING COLLEGE, ,Himachal Pradesh,-,-,-
Lalgudi Co Operative Polytechnic College, ,Tamil Nadu,"0431-2912372,0431-2912373,9524526145",lcpcplacement@yahoo.co.in,-
Lalgudi Co Operative Polytechnic College,MADURAI ,Tamil Nadu,"0431-2912372,0431-2912373,9524526145",lcpcplacement@yahoo.co.in,-
Lalit Chandra Bharali College Guwahati,GUWAHATI ,Assam,"0361-2570465,2675259","principal@lcbcollege.org.in,lcbghy@yahoo.co.in",http://www.lcbcollege.org.in/
Lalit Narayan Mishra College Business Mana, ,Bihar,-,-,-
Lalit Narayan Mishra Institute of Economic Development And Social Change, ,Bihar,"0612?2505200,2504500",lnmipat@gmail.com,http://www.lnmipat.ac.in/
Lalit Narayan Mithila University,DARBHANGA ,Bihar,"06272-222463,06272-222186",vc_lnmu@indiatimes.com,http://lnmu.bih.nic.in
LALITA DEVI INSTITUTE OF MANAGEMENT & SCIENCE, ,Himachal Pradesh,-,-,-
Lalita Naryan Mishra Institute Economic Development Social Change, ,Bihar,-,-,-
Laliteshwar Prasad Shahi College, ,Bihar,-,-,-
"Lalitha College Of Nursing,Eastgodavari",KAKINADA ,Andhra Pradesh,-,-,-
"Lalitha College Of Nursing,Guntur",GUNTUR ,Andhra Pradesh,-,-,-
"Lalitha College of Pharmacy , Ghatkesar",GHATKESAR ,Andhra Pradesh,"+91-8415255311,+91-9866308606/9849014284,+9",-,www.lalithapharmacy.ac.in
Lalitha Degree & Pg College,NAMPALLY ,Andhra Pradesh,23202311,lalitha@rediffmail.com,www.lalithacollege.com
"LALITHA DEGREE & PG COLLEGE, GHATKESAR",GHATKESAR ,Andhra Pradesh,-,-,-
"Lalithaa School Of Nursing , Coimbatore",COIMBATORE ,Tamil Nadu,-,-,-
Lalji Rai Degree College, ,Uttar Pradesh,-,-,-
Lalta Singh Government Girls P.G. College, ,Uttar Pradesh,-,-,-
Laluk College, ,Assam,-,-,-
Lamka College, ,Manipur,-,-,-
Lamp Degree College,EAST GODAVARI ,Andhra Pradesh,"08856–270464,248494",-,-
Langta Baba College, ,Jharkhand,-,-,-
Lanka Mahavidyalaya, ,Assam,-,-,-
Laqsha College Of Computer Studies,KHAMMAM ,Andhra Pradesh,-,-,-
Laqshya Institute of Technology & Sciences, ,Andhra Pradesh,9866129793;9849529793,laqshya2008@gmail.com,http://www.laqshya.edu.in
Larambha College, ,Orissa,-,-,-
Larn Edutech, ,West Bengal,03323990126,seo@letindia.org,www.edutech.com
LATA MANGAT RAM MAHAVIDYALAYA, ,Uttar Pradesh,-,-,-
LATE A.M.PATIL PUBLIC EDUCATION SOCIETYS MANKARANABAI VINAYAKRAO MARATHI COLLEGE OF EDUCATION, ,Maharashtra,-,-,-
Late Ahilyabai Kakade Bahuuddeshiya Shikshan Prasarak Mandal, ,Maharashtra,07202-238633,info@ahilyabspm.com,www.ahilyabspm.com
Late Amrutrao Patil Pratishthan Khed,YAVATMAL ,Maharashtra,"07234-266568,09823770460",-,-
LATE ANIL RAMDAS KAMBE B.ED. COLLEGE, ,Maharashtra,-,-,-
Late Appasaheb R.B. Garud Arts And Commerce College, ,Maharashtra,-,-,-
Late Babasaheb Deshmukh Gorthekar Mahavidyalaya, ,Maharashtra,-,-,-
Late Babu Singh Balika Mahavidyalaya, ,Uttar Pradesh,-,-,-
LATE BAHADUR SINGH MAHAVIDYALAYA, ,Uttar Pradesh,-,-,-
Late Bhagwant Patel Panmati Devi Mahavidyalaya, ,Uttar Pradesh,-,-,-
LATE BHAUSAHEB HIRAY S.S. TRUST INSTITUTE OF COMPUTER APPLICATIONS,MUMBAI ,Maharashtra,(0)(022)-26570986/26570892/26573181,mca@ibhsst.org,www.ibhsst.org.in
LATE DADARAO ADSAD SHARIRIK SHIKSHAN MAHAVIDHYALAYA, ,Maharashtra,-,-,-
"Late Dadasaheb Chavan Memorial Institute of Pharmacy , Karad",KARAD ,Maharashtra,02164252690,dcpmasur@rediffmail.com,www.dcpmasur.com
Late Dattatraya Pusadkar Arts College, ,Maharashtra,-,-,-
LATE DILEEP KUMAR SMARAK MAHAVIDYALAYA, ,Uttar Pradesh,-,contact@dksm.org,-
Late Dr. Haribhau Admane Arts & Commerce College, ,Maharashtra,-,-,-
Late Dr. Shankar Rao Satav College, ,Maharashtra,-,-,-
Late Freedom Fighter Manikraoji Muley Special Teachers Training Institute for Mental Retardation,LATUR ,Maharashtra,-,-,-
Late Freedom Fighter Ramchndraraoji Muley Teachers Training Institute (DSEHI),LATUR ,Maharashtra,"02384-245728,09822377685,9403012991",-,-
LATE GOVINDRAO PATIL COLLEGE OF EDUCATION, ,Maharashtra,-,-,-
LATE GULABBAI SMRUTI LATE GULABBAI YADAV S.S.M, ,Madhya Pradesh,-,-,-
LATE H.G. ALIAS BALASAHEB KHARADE COLLEGE OF EDUCAtion, ,Maharashtra,-,-,-
Late Karamveer Dr. P.R. Ghogrey Science College, ,Maharashtra,-,-,-
LATE KHATIJA COLLEGE OF EDUCATION, ,Maharashtra,-,-,-
LATE KUMARI LAXMI BADHALA MAHILA TEACHERS TRAINING COLLEGE, ,Rajasthan,-,-,-
LATE LALA SAHEB DESHMUKH D.ED. COLLEGE, ,Maharashtra,-,-,-
LATE MADHAVRAO TIDKE SHARIRIK SHIKSHAN MAHAVIDYALA, ,Maharashtra,-,-,-
LATE MADHURIBAI DESHMUKH SHARIRIK SHIKSHAN MAHAVIDHYALAYA, ,Maharashtra,-,-,-
"Late Maharudra Bappa Mote College of Pharmacy , Osmanabad",OSMANABAD ,Maharashtra,02478-260046,-,-
Late Minaben Kundalia Mahila Arts And Commerce College, ,Gujarat,-,-,-
Late MLC Vasantraoji Kale Law College,AURANGABAD ,Maharashtra,"0240-2356565,0240-368182,9422207475",-,-
"Late Mrs Anusaya & Savitri Thakur Memorial School Of Nursing,Pune",PUNE ,Maharashtra,-,-,-
LATE NARAYAN SINGH UIKEY SHARIRIK SHIKSHAN MAHAVIDYALAYA, ,Maharashtra,-,-,-
"Late Narayandas Bhawandas Chhabada School Of Nursing,Satara",SATARA ,Maharashtra,-,-,-
Late Narayanrao Amrutrao Deshmukh Arts and Commerc, ,Maharashtra,-,-,-
LATE NIRDHANRAO PATIL WAGHAYE ADHYAPAK MAHAVIDYALAYA, ,Maharashtra,-,-,-
Late Panchfulabai Pawade Arts & Commerce, ,Maharashtra,-,-,-
Late Panchfulabai Pawade Arts & Commerce Mahila Mahavidyalaya, ,Maharashtra,-,-,-
"Late Pandurang Patil Nursing College , Akola",AKOLA ,Maharashtra,-,-,-
LATE PT. SURYA NARAYAN RAJ MISHRA TEACHERS TRAINING COLLEGE, ,Rajasthan,-,-,-
LATE PUNDLIKRAO TIRPUDE COLLEGE OF EDUCATION, ,Maharashtra,-,-,-
"Late Raghunathrao Mundhe Institute Of Nursing,Beed",BEED ,Maharashtra,-,-,-
"Late Raghunathraoji Kendre Nursing School,Beed",BEED ,Maharashtra,-,-,-
LATE RAM PRASAD YADAV DEGREE COLLEGE, ,Uttar Pradesh,-,-,-
Late Ram Prasad Yadav Mahavidyalaya, ,Uttar Pradesh,-,-,-
LATE RAMRAOJI DUDHE COLLEGE OF EDUCATION, ,Maharashtra,-,-,-
LATE RAMSWAROOP YADAV MAHAVIDYALAYA, ,Uttar Pradesh,-,-,-
"Late Ratibhai Prabhudas Patel Nursing College,Anand",ANAND ,Gujarat,-,-,-
LATE SANJAY TOMPE & LATE SAMEER DESHMUKH B.ED.COLLEGE OF EDUCATION, ,Maharashtra,-,-,-
Late Sh.Madan Gopalji Mundhada Kala And Vanijya Mahavidyalaya, ,Maharashtra,-,-,-
LATE SHIVRAMJI HIWSE B.ED. COLLEGE, ,Maharashtra,-,-,-
Late Shri G. W. College of Law,NAGPUR ,Maharashtra,"0712-2747853,0712-2753917,0712-2742308,0712-",-,-
"Late Shri Ganpatrao Deshmukh Trg College Of Nsg , Nagpur",NAGPUR ,Maharashtra,-,-,-
LATE SHRI GOVINDRAO WANJARI COLLEGE OF EDUCATION, ,Maharashtra,-,-,-
LATE SHRI LAXMANJI MOTGHARE CHARITABLE TRUST, ,Maharashtra,-,-,-
Late Shri N R Boricha Education Trust Sanchalit, ,Gujarat,-,-,-
Late Shri Yashwantrao Chavan Memorial Medical & Rural Development Foundations Dental College & Hosp,AHMEDNAGAR ,Maharashtra,"0241-2779111,6450365",yash_dental@rediffmail.com,www.yashdental.org.in
LATE SHRIMATI B.F. KADRI COLLEGE OF WOMENS EDUCATION, ,Daman and Diu,-,-,-
Late Sou Kamal Tai Jamkar Mahila Mahavidyalaya, ,Maharashtra,-,-,-
Late Sow Sheshabai Sitaram Mundhe Arts College, ,Maharashtra,-,-,-
LATE VASANTRAO NAIK COLLEGE OF PHYSICAL EDUCATION, ,Maharashtra,"(0712)712965,711803",-,-
Late Wali Mohammad Islamiya Degree College, ,Uttar Pradesh,-,-,-
Latha Madhavan Engineering College,MADURAI ,Tamil Nadu,"0452-6454125,2093354,3208876","impcc@yahoo.com,lmecmdu@yahoo.co.in,info@lmec.ac.in",http://www.lmec.ac.in/
Latha Mathavan Polytechnic College,DHARMAPURI ,Tamil Nadu,0452-2470570,lmpcc@yahoo.com,www.lathamathavanpolytechnic.com
Latha Mathavan Polytechnic College, ,Tamil Nadu,0452-2470570,lmpcc@yahoo.com,www.lathamathavanpolytechnic.com
"Latur College of Pharmacy , Latur",LATUR ,Maharashtra,"02382-223199,223299","dayanandedu@rediffmail.com,principal@dayanandpharmacy.com",www.dayanandpharmacy.com
LAVANYA COLLEGE OF EDUCATION, ,Karnataka,-,-,-
Law College,JUNAGADH ,Gujarat,-,-,-
Law College,GODHRA ,Gujarat,-,-,-
Law College,HIMMATNAGAR ,Gujarat,-,-,-
Law College, ,Madhya Pradesh,-,-,-
Law College,BETUL ,Madhya Pradesh,-,-,-
Law College,SATNA ,Madhya Pradesh,-,-,-
Law College,MOTIHARI ,Bihar,-,-,-
Law College,DURGAPUR ,West Bengal,-,-,-
Law College, ,Kerala,-,-,-
Law College, ,Kerala,-,-,-
Law College, ,Madhya Pradesh,-,-,-
Law College, ,Maharashtra,-,-,-
Law College Dehradun,DEHRADUN ,Uttaranchal,"0135-2771461,0135-2771405,0135-2771421",-,-
Law School,JAMMU ,Jammu and Kashmir,2455395(R),-,-
Laxmanrao Mankar College Of Polytechnic, ,Maharashtra,225145,dksanghi@gmail.com,www.mankargroups.com
"Laxmanrao Umak Moemorial Nursing School,Amrvati",AMRAVATI ,Maharashtra,-,-,-
"Laxmi Bai Batra College of Nursing , Delhi",DELHI ,Delhi,-,-,-
"Laxmi Bai Shahuji, College of Pharmacy , Jabalpur",JABALPUR ,Madhya Pradesh,0761-2905344,-,-
LAXMI BAL MAHILA SANSKRIT TEACHERS TRAINNG INSTITUTE, ,Rajasthan,-,-,-
Laxmi Barah College, ,Orissa,-,-,-
LAXMI CHARAN HUBBLAL MAHAVIDYALAYA, ,Uttar Pradesh,-,-,-
LAXMI COLLEGE OF EDUCATION, ,Haryana,"01263-2679405,9416313607",-,www.laxmicollege.com
"Laxmi College Of Nursing , Hyderabad",HYDERABAD ,Andhra Pradesh,-,-,-
Laxmi College Of Nursing Sciences,GWALIOR ,Madhya Pradesh,-,-,-
Laxmi Devi Arya Kanya Girls Degree College, ,Uttar Pradesh,-,-,-
Laxmi Devi Institute of Engg & Technology, ,Rajasthan,0144-2883476,directorliet@gmail.com,-
Laxmi Devi Institute of Engineering and Technology, ,Rajasthan,"0144-2883473,76,77,9414018474",lietalw@sancharnet.in,http://www.liet.org
"Laxmi Institute of Management, Sarigam", ,Gujarat,+91-260-2786661/2/3,info@laxmividyapeeth.com,http://www.lims.org.in/
"Laxmi Meghal College Of Nursing , Kasaragod",KASARAGOD ,Kerala,-,-,-
"Laxmi Memorial College Of Nursing , Mangalore",MANGALORE ,Karnataka,-,-,-
"Laxmi Memorial College Of Nursing , Mangalore",MANGALORE ,Karnataka,-,-,-
"Laxmi Memorial Instt Of Nursing , Mangalore",MANGALORE ,Karnataka,-,-,-
"Laxmi Memorial Instt Of Nursing , Mangalore",MANGALORE ,Karnataka,-,-,-
"Laxmi Memorial Instt Of Nursing , Mangalore",MANGALORE ,Karnataka,-,-,-
Laxmi Narayan Degree College, ,Orissa,-,-,-
Laxmi Narayan Mahavidyalaya, ,Uttar Pradesh,-,-,-
"LAXMI NARAYAN TIWARI TEACHER TRAINING COLLEGE,", ,Rajasthan,-,-,-
"Laxmi Narayana College of Pharmacy , Dharmapuri",DHARMAPURI ,Tamil Nadu,-,-,-
Laxmi Narayana Mahavidyalaya, ,Orissa,-,-,-
Laxmi Narayana Polytechnic College, ,Tamil Nadu,04342-296296,lnp_542@yahoo.co.in,www.lnptco.com
"Laxmi Narayana School Of Nursing, , Dharmapuri",DHARMAPURI ,Tamil Nadu,-,-,-
"Laxmi Polytechnic College, Jaipur", ,Rajasthan,98295-38005,sumitbudania@yahoo.com,-
LAXMI RATAN SHAH B.ED COLLEGE, ,Maharashtra,-,-,-
"Laxmi School Of Nursing , Samadhanapeta", ,Andhra Pradesh,-,-,-
"Laxmi School Of Nursing , Vizianagaram",VIZIANAGARAM ,Andhra Pradesh,-,-,-
"Laxmi School Of Nursing Sciences , Gwalior",GWALIOR ,Madhya Pradesh,-,-,-
Laxmi Venkatesh Desai College, ,Karnataka,-,-,-
Laxmi Yadunandan Degree College, ,Uttar Pradesh,-,-,-
"Laxmibai College Of Nursing , Bhandara",BHANDARA ,Maharashtra,-,-,-
LAXMIBAI MAHILA TEACHERS TRAINING COLLEGE, ,Rajasthan,-,-,-
"Laxmibai Waghaye Nursing School,Bhandara",BHANDARA ,Maharashtra,-,-,-
LAXMICHAND KATORI DEVI MAHAVIDYALAYA, ,Uttar Pradesh,-,-,-
Laxmikanta College, ,Orissa,-,-,-
Laxminarayan College, ,Orissa,-,-,-
Laxminarayan College of Technology, ,Madhya Pradesh,"0755-2852641,2852643,2660930",yenkiemskm@rediffmail.com,www.lnctgroup.in
Laxminarayan Institute Of Technology, ,Maharashtra,-,-,http://litnagpur.org/
Laxminarayan Institute Of Technology, ,Maharashtra,-,-,-
Laxminarayan Institute Of Technology, ,Maharashtra,-,-,-
Laxminarayana Polytechnic College,CHENNAI ,Tamil Nadu,-,-,-
"Laxmipati Institute of Science and Technology, Bhopal", ,Madhya Pradesh,"0755-2751802,2751803",laxmipati_ist@yahoo.com,http://www.laxmipatigroup.org
Laxshmipuram College of Arts & Science,KANYAKUMARI ,Tamil Nadu,-,-,-
"Layola Polytechnic,Pulivendula", ,Andhra Pradesh,-,-,-
"Lazarus School Of Nursing , Visakhapatnam",VISAKHAPATNAM ,Andhra Pradesh,"0891-3251395,2780780",-,-
LBS Institute of Technology for Women,TRIVANDRUM ,Kerala,0471-2349232,info@lbsitw.ac.in,www.lbsitw.ac.in
LBS Polytechnic College, ,Rajasthan,01593-234794,vpsashoksingh@gmail.com,-
"LBS Polytechnic College, Jodhpur", ,Rajasthan,0291-2544667,slbseducation@ymail.com,-
LC Institute of Technology, ,Gujarat,"02765-287145,287945",principal@lcit.org,www.lcit.org
LCRT TEACHER TRAINING COLLEGE, ,Haryana,-,-,-
LDC Institute of Technology Studies,ALLAHABAD ,Uttar Pradesh,0535-282050,info@dcinstitute.com,-
Lead College Of Management, ,Kerala,"04912523693,2533693",info@promptgroup.in,www.lead.ac.in
Leas Hurakadli Ajja Law College, ,Karnataka,-,-,-
Ledo College, ,Assam,-,-,-
"Leela College Of Nursing,Hubli",HUBLI ,Karnataka,-,-,-
"Leela Degree College, Huzurabad",HUZURABAD ,Andhra Pradesh,-,-,-
LEELA KALYAN TEACHER TRAINING INSTITUTE, ,Tamil Nadu,-,-,-
"Leela Krishna Babuji Polytechnic,Ravulapalem", ,Andhra Pradesh,-,-,-
LEELA WATI WELFARE SOCIETY, ,Madhya Pradesh,-,-,-
"Leelabai Thackersey College Of Nursing , Mumbai",MUMBAI ,Maharashtra,-,-,-
Leelaben Dashrathbhai Ramdas Patel Institute of Technology,GANDHI NAGAR ,Gujarat,+91-079-23241492,info@ldrp.ac.in,http://www.ldrp.ac.in
Leeladevi Parasmal Sancheti Kanya Mahavidyalaya, ,Rajasthan,-,-,-
LEELAVATHI SHETTY COLLEGE OF EDUCATION, ,Karnataka,-,-,-
"Lendy Degree College, Nellore",NELLORE ,Andhra Pradesh,0861–2346485,-,-
Lenora College of Engineering, ,Andhra Pradesh,08864-243434,info@lce.ac.in,www.lce.ac.in
Lenora College of Engineering, ,Andhra Pradesh,"+919490707594,+919494211112","principal@lce.ac.in,principal.lenora@gmail.com",http://www.lce.ac.in
"Lenora Institute of Dental Sciences , Rajahmundry",RAJAHMUNDRY ,Andhra Pradesh,(0883)2440550,"lids@lids.ac.in,principal@lids.ac.in",www.lids.ac.in
"Lepakshi Degree College, Proddatur",PRODDATUR ,Andhra Pradesh,08564–250255,-,-
LESIEUX INSTITUTE OF PRE SCHOOL TEACHER EDUACATION, ,Kerala,-,-,-
Let. Sh. Jagat narayan training College for Mentally Handicapped,ALLAHABAD ,Uttar Pradesh,-,-,-
Lexicon International School, ,Maharashtra,"+91-(20)27051818,65303160",ajay@lexiconedu.in,http://www.lexiconedu.in
"Leyamma Memorial Sn, Mandiram Hospital,Kottayam",KOTTAYAM ,Kerala,-,-,-
Liandig Puia Law College,AIZAWL ,Mizoram,-,-,-
Liberal College, ,Manipur,-,-,-
"Liberty Anm Institute,Jaipur",JAIPUR ,Rajasthan,-,-,-
"Liberty College Of Nursing, Jaipur",JAIPUR ,Rajasthan,-,-,-
"Liberty School Of Nursing,jaipur",JAIPUR ,Rajasthan,-,-,-
Libra College of Law,DEHRADUN ,Uttaranchal,"0135-3242555,0135-3253646,9897035444",libracollegeoflaw@yahoo.com,-
Licchavi Collegeof Teacher's Training, ,Bihar,-,-,-
"Life Guard Nursing Institute , Sangrur",SANGRUR ,Punjab,-,-,-
Life Help Centre for the Handicapped,CHENNAI ,Tamil Nadu,-,-,-
"Life Line School Of Nursing , Bangalore",BANGALORE ,Karnataka,-,-,-
"Life Line School Of Nursing , Hanamkonda",HANAMAKONDA ,Andhra Pradesh,-,-,-
"Life Line School Of Nursing,Raigad",RAIGAD ,Maharashtra,-,-,-
Light House Special teachers Training Centre,RAIGAD ,Maharashtra,-,suhitjeevantrust@gmail.com,-
Likmanya Senior College, ,Maharashtra,-,-,-
Lilong Haoreibi College, ,Manipur,-,-,-
Lincoln College of Law,FATEHGARH SAHIB ,Punjab,01763-325322,-,-
LINCON TEACHER TRAINING COLLEGE, ,Punjab,-,-,-
LINGAMMAL TEACHER TRAINING INSTITUTE, ,Tamil Nadu,-,-,-
Lingaraj College, ,Karnataka,-,-,-
Lingaraj Law College,BERHAMPUR ,Orissa,-,"mnpadhy@yahoo.com,controllerofexaminationsbu@yahoo.com",-
LINGAYA''S TEACHER TRAINING COLLEGE, ,Haryana,-,-,-
Lingaya's Institute of Management and Technology, ,Haryana,"0129-2202614,2202296,2201008",KDSHARMA@LIMAT.ORG,-
Lingaya's University, ,Haryana,"+91-129-2598200,01,02,03,04,05",-,http://lingayasuniversity.edu.in/
Lingayas Institute of Management and Technology, ,Andhra Pradesh,0866-2085299,principal.limat@gmail.com,www.svitech.org
Lions Charitable Trust,BHILAI ,Chhattisgarh,0788-2291528/2381293,-,-
Lions Juhu Nandalal Jalan Mahila Mahavidyalaya, ,Maharashtra,-,-,-
"Lisa School Of Nursing,Kozhikode",KOZHIKODE ,Kerala,-,-,-
Lisaa Delhi - School of Design, ,Delhi,9818882303,-,http://www.lisaadelhi.com/
"Lisie College Of Nursing , Ernakulam",ERNAKULAM ,Kerala,-,-,-
"Lisie College of Pharmacy , COCHIN",KOCHI ,Kerala,-,-,-
"Lisie Hospital, School Of Nursing,Ernakulam",ERNAKULAM ,Kerala,-,-,-
LISIEUX COLLEGE OF EDUCATION C, ,Tamil Nadu,-,-,-
LISIEUX CONVENT TEACHER TRAINING INSTITUTE, ,Kerala,-,-,-
"Lisieux School Of Nursing,Ernakulum",ERNAKULAM ,Kerala,-,-,-
LITT College Of Engineering, ,Punjab,-,-,-
Little Flower College, ,Kerala,-,-,-
"Little Flower College Of Nursing , Ernakulam",ERNAKULAM ,Kerala,-,-,-
Little Flower Convent Hr. Sec. School for the Deaf,CHENNAI ,Tamil Nadu,044-28265739/28312184,-,-
LITTLE FLOWER D ED COLLEGE, ,Karnataka,-,-,-
Little Flower Degree College,BURGHAMPHAD ,Andhra Pradesh,-,-,-
"Little Flower Degree College, Anantapur",ANANTAPUR ,Andhra Pradesh,08554–236341,info@littleflower.in,-
"Little Flower Degree College, Secunderadad",SECUNDERABAD ,Andhra Pradesh,27796571,hyd2-lfclfdc@snacharnet.in,www.littleflowercolleges.com
"Little Flower Degree College, Westgodavari",CHINTALAPUDI ,Andhra Pradesh,08823–222164,-,-
Little Flower Institute Of Social Sciences & Health,KOZHIKODE ,Kerala,"0495-2232085(O),0495-2235248(R)",fr.josekochy@gmail.com,-
LITTLE FLOWER PG COLLEGE,NANDYAL ,Andhra Pradesh,-,-,-
Little Flower Polytechnic College,PUDUKOTAI ,Tamil Nadu,04423821122,lfptc540@rediffmail.com,http://lfptc.com/
Little Flower Polytechnic College, ,Tamil Nadu,04423821122,lfptc540@rediffmail.com,http://lfptc.com/
"Little Flower School Of Nursing,Ernakulam",ERNAKULAM ,Kerala,-,-,-
"Little Flower School Of Nursing,Thiruvananthapuram",TRIVANDRUM ,Kerala,-,-,-
LITTLE FLOWER TEACHER TRAINING INSTITUTE FOR WOMEN, ,Tamil Nadu,-,-,-
"Little Lourdes School Of Nursing,Kottayam",KOTTAYAM ,Kerala,-,-,-
"Little Lourds Mission Hospital , Kottayam",KOTTAYAM ,Kerala,-,-,-
Little Rose Degree College,DRAKSHARAMA ,Andhra Pradesh,08857–252165,littlerose@yahoo.com,-
Little Step Science &Technology College, ,Madhya Pradesh,-,-,-
Lloyd Institute Of Management & Technology, ,Uttar Pradesh,"0120-3950947,3950966",limt_net@yahoo.co.in,www.lloydinstitute.org
Lloyd Law College,NOIDA ,Uttar Pradesh,91-0120-3250966/947,info@lloydlawcollege.com,www.lloydlawcollege.com
"LLRM Medical College, Merrut",MEERUT ,Uttar Pradesh,"0121-276088,2760555",medllrm@yahoo.com,www.llrmmedicalcollege.nic.in
"Lms Boys Brigade Hospital , Kundara", ,Kerala,-,-,-
LN Mishra College of Business Management, ,Bihar,0621-2255905,info@lnmcbm.org,http://www.lnmcbm.org/
Ln. G.V. Rao Modern Degree College,RAGHUNATHAPALEM ,Andhra Pradesh,"08857–242189,242489,245189",-,-
LNM Institute of Information Technology, ,Rajasthan,0141-5189211/2689011/12/18,info.lnmiit@lnmiit.ac.in,www.lnmiit.ac.in
LNT COLLEGE EDUCATION, ,Haryana,+91-180-6532031,lntcollege@ymail.com,http://www.lntcoe.org
LNT TEACHER TRAINING COLLEGE, ,Haryana,-,-,-
LOAD SHIVA TEACHER TRAINING COLLEGE, ,Haryana,-,-,-
LOED SHIVA TEACHER TRAINING COLLEGE, ,Rajasthan,-,-,-
LOGAMBAL TEACHER TRAINING INSTITUTE, ,Tamil Nadu,-,-,-
Loganatha Narayanasamy Government Arts College,TIRUVALLUR ,Tamil Nadu,-,-,-
Lohia College, ,Rajasthan,-,-,-
Lok Bandhu Raj Narain Vidhi Mahavidyalaya,VARANASI ,Uttar Pradesh,-,-,-
Lok Bhandhu Raj Narain Vidhi Mahavidyalaya,VARANASI ,Uttar Pradesh,-,-,-
Lok Bharati Lok Seva Mahavidyalaya, ,Gujarat,-,-,-
Lok Mahavidyalaya, ,Bihar,-,-,-
LOK MANGA TILAK COLLEGE OF EDUCATION, ,Rajasthan,-,-,-
LOK NATH MAHAVIDYALAYA, ,Uttar Pradesh,-,-,-
LOKAMANYA TILAK COLLEGE OF EDUCATION, ,Madhya Pradesh,-,-,-
Lokanayak Omeo Kumar Das College,SONITPUR ,Assam,244231,-,-
LOKESH TEACHER TRAINING COLLEGE, ,Rajasthan,-,-,-
LOKHIT COLLEGE OF PHYSICAL EDUCATION, ,Maharashtra,-,-,-
LOKHMANYA TILAK PG COLLEGE,IBRAHIMPATNAM ,Andhra Pradesh,-,-,-
"Lokmangal Nursing School,Sholapur",SHOLAPUR ,Maharashtra,-,-,-
Lokmani Sharma Swatantrata Sangram Senani Govt. Degree College, ,Uttar Pradesh,-,-,-
LOKMANYA EDUCATION SOCIETY, ,Madhya Pradesh,-,-,-
Lokmanya Mahavidyalaya, ,Maharashtra,-,-,-
LOKMANYA TIALK JANKALYAN SANSTHAN, ,Rajasthan,-,-,-
Lokmanya Tilak College Of Education, ,Madhya Pradesh,-,-,-
LOKMANYA TILAK COLLEGE OF TEACHER EDUCATION, ,Rajasthan,-,-,-
LOKMANYA TILAK INSTITUTE OF MANAGEMENT STUDIES & RESERCH,NAGPUR ,Maharashtra,0712-2230665,limsrvents@rediffmail.com,www.ltimsr.com
LOKMANYA TILAK JANKALYAN SHIKSHAN SANSTHA, ,Maharashtra,-,-,-
Lokmanya Tilak Jankalyan Shikshan Sanstha's College of Technology,THANE ,Maharashtra,(95712)2230665,principal@ltcoe.com,www.ltcoe.org
Lokmanya Tilak Mahavidyalaya, ,Maharashtra,-,-,-
"Lokmanya Tilak Municipal General Hospital, Mumbai",MUMBAI ,Maharashtra,-,-,-
Lokmanya Tilak Municipal Medical College, ,Maharashtra,-,-,-
"Lokmanya Tilak Municipal Medical College, Mumbai",MUMBAI ,Maharashtra,022-2407638/24074539,deanltmg@rediffmail.com,-
LOKMANYA TILAK STC COLLEGE, ,Rajasthan,-,-,-
Loknath Mahavidyalay, ,Uttar Pradesh,-,-,-
Loknayak Bapuji Aney Mahila Mahavidyalaya, ,Maharashtra,-,-,-
"Loknete Rajarambapu Patil Training College Of Nsg,Sangli",SANGLI ,Maharashtra,-,-,-
Lokniketan Mahavidyalaya, ,Gujarat,-,-,-
"Lokopriya Gopinath Bordoloi, School Of Nursing, , Tezpur",TEZPUR ,Assam,-,-,-
LOKSHAHI SHIKSHAN SANSTHA, ,Maharashtra,-,-,-
Lokvishwas Pratishthan Shantadurga Krupa Ashram,GOA ,Goa,0832-2314894,lokpra@goatelecom.com,www.lokvishwas.org
"Lombard Memorial Hospital c S I Hosp. , Dakshina Kannada",UDUPI ,Karnataka,-,-,-
Lonavla Education Trusts Arts and Commerce College, ,Maharashtra,-,-,-
London International College of Law Technology and Management, ,Delhi,9650690041,info@londoninternational.ac.in,www.londoninternational.ac.in
"Longowal Polytechnic & Pharmacy College , Patiala",PATIALA ,Punjab,"01762-281938,99151-58000,98781-32444,98760-0","principal@lppcderabassi.org,lppcderabassi@gmail.com",www.lppcderabassi.org
Lord Ayyappa Institute of Engineering and Technology, ,Tamil Nadu,044?27290702/27290565,laecollege@gmail.com/college@laiet.org,www.laiet.org
Lord Buddha College, ,Bihar,9771858693,-,http://www.lordbuddhacollege.com/
Lord Buddha Koshi Medical College & Hospital, ,Bihar,+916478205047,"management@lbkmc.com,sykalabs@yahoo.co.in",http://www.lbkmc.com/
"Lord Jagannath Missions College & School Of Nursing , Bhubaneswar",BHUBANESWAR ,Orissa,-,-,-
"Lord Jagannath Missions College Of Nursing, Bhubaneswar",BHUBANESWAR ,Orissa,-,-,-
"Lord Jagannath Missions School Of Nursing, P O Rasulgrh", ,Orissa,-,-,-
Lord Jegannath College Of Engineering & Technology,KANYAKUMARI ,Tamil Nadu,04652-293531,chairman@1jcet.net,-
LORD KISHANA TEACHER TRAINING COLLEGE, ,Haryana,"+91-1731283315,286768,98961.13138",lkcoe@rediffmail.com,http://lkcoe.com
LORD KRISHANA TEACHER TRAINING COLLEGE, ,Haryana,-,-,-
LORD KRISHANA TEACHER TRAINING COLLEGE, ,Haryana,-,-,-
Lord Krishna College of Engineering,GHAZIABAD ,Uttar Pradesh,0120-2757920,lkceghaziabad@yahoo.co.in,-
"Lord Krishna College Of Nursing , Datia",DATIA ,Madhya Pradesh,-,-,-
"Lord Krishna College of Pharmacy , Sangrur",SANGRUR ,Punjab,"+91-1676-278278,01676-210550,94632-56601,99150",sanjayklg@gmail.com,-
Lord Krishna College of Technology, ,Madhya Pradesh,"0731-4266104,4066143,0755-2660930",lnctchirman@gmail.com,http://lkctindore.net
LORD KRISHNA INSTITUTE, ,Uttar Pradesh,-,-,-
LORD KRISHNA INSTITUTE FOR EDUCATION, ,Uttar Pradesh,-,-,-
Lord Krishna Polytechnic Institute, ,Haryana,-,-,-
"Lord Krishna School Of Nursing , Sabarkantha", ,Gujarat,-,-,-
LORD KRISHNA TEACHER TRAINING COLLEGE, ,Haryana,-,-,-
LORD KRISHNA TEACHER TRAINING COLLEGE, ,Punjab,-,-,-
LORD KRISHNA TEACHER TRAINING COLLEGE, ,Punjab,-,-,-
"Lord Mahavira Bsc Nursing College,Solan",SOLAN ,Himachal Pradesh,-,-,-
Lord Mahavira College of Law,MORADABAD ,Uttar Pradesh,"0591-2390122,9997780095,9810877070",lord.mahavira.institute@gmail.com,-
Lord Mahavira Homoeopathic Medical College,LUDHIANA ,Punjab,-,-,-
"Lord Mahavira Institute Of Mphw anm , Chamba",CHAMBA ,Himachal Pradesh,-,-,-
"Lord Mahavira Paramedical Institute , Solan",SOLAN ,Himachal Pradesh,01792-2455197,-,-
LORD MAHAVIRA TEACHER TRAINING COLLEGE, ,Punjab,-,-,-
Lord Shiva College of Management, ,Haryana,01666-242565,-,lscm.in
Lord Shiva College of Pharmacy, ,Haryana,"01666-240795,09812290057",ordshiva1@rediffmail.com,www.lscp.ac.in
"Lord Shiva College of Pharmacy , SIRSA",SIRSA ,Haryana,"01666-240057,",info@lscp.ac.in,www.lscp.ac.in
LORD SHIVA INSTITUTE FOR HIGHER STUDIES, ,Uttar Pradesh,-,-,-
Lord Shiva School Of Nursing, ,Madhya Pradesh,-,-,-
"Lord Shiva School Of Nursing , Sangrur",SANGRUR ,Punjab,-,-,-
"Lord Shiva School Of Nursing , Sirsa",SIRSA ,Haryana,-,-,-
"Lord Shiva School Of Nursing,Jodhpur",JODHPUR ,Rajasthan,-,-,-
LORD SHIVA TEACHER TRAINING COLLEGE, ,Haryana,-,-,-
LORD SHIVA TEACHER TRAINING COLLEGE, ,Haryana,-,-,-
Lord Venkateshwara Engineering College,KANCHIPURAM ,Tamil Nadu,"044-37200413,14,15,37205579",college@ivengcol.com,www.lvengcol.com
LORD VENKATESWARA INSTITUTE TEACHER TRAINING, ,Tamil Nadu,-,-,-
Lord's Institute of Engineering and Technology, ,Andhra Pradesh,+91-040-65354839,principal.lords@gmail.com,http://www.lordsinstitute.in/
LORD'S INTERNATIONAL COLLEGE OF MANAGEMENT, ,Rajasthan,"0144-2883476,2883477",mkchachan@yahoo.co.in,-
LORDS INTERNATIONAL COLLEGE, ,Rajasthan,-,-,-
LORDS INTERNATIONAL COLLEGE FOR TEACHER TRAINING, ,Rajasthan,-,-,-
LORDS MAHAVIRA TEACHER TRAINING COLLEGE, ,Punjab,-,-,-
"Lords School Of Nursing,Trivandrum",TRIVANDRUM ,Kerala,-,-,-
Loreto College, ,West Bengal,-,-,-
Loreto College, ,West Bengal,-,-,-
Loreto College, ,West Bengal,91-3322640952,-,-
Loreto House Teacher Training, ,West Bengal,+913322640952,-,http://www.loretocollege.in
LORVEN COLLEGE OF SCIENCE & MANAGEMENT, ,Karnataka,080-7831666,info@lorven.org,http://www.lorven.org
LORVEN EDUCAITONAL CENTRE, ,Karnataka,-,-,-
Lorven Educational centre, ,Karnataka,-,-,-
"Lorven School Of Nursing , Bangalore",BANGALORE ,Karnataka,-,-,-
Lotus Business School, ,Maharashtra,020-65291082/97,office@lotuscentre.ac.in,http://www.lotuscentre.ac.in
"Lotus Medical Foundation, School Of Nursing,Kolhapur",KOLHAPUR ,Maharashtra,-,-,-
"Lotus Nursing Institute,nanded",NANDED ,Maharashtra,-,-,-
"Lourde College Of Nursing , Kannur",KANNUR ,Kerala,-,-,-
LOURDES COLLEGE OF EDUCATION, ,Karnataka,-,-,-
"Lourdes College Of Nursing , Ernakulam",ERNAKULAM ,Kerala,-,-,-
"Lourdes Hospital, School Of Nursing,Ernakulam",ERNAKULAM ,Kerala,-,-,-
Lourdes Matha College of Science & Technology, ,Kerala,0472-2853846/2853550,info@lmcst.com,www.lmcst.com
Lourdes Matha College of Science and Technology, ,Kerala,0472-28535500472-2851166,lourdesmatha@gmail.com,www.lmcst.ac.in
Lourdes Matha Institute of Hotel Management and Catering Technology, ,Kerala,0091-0472-2853330,info@lmihmct.org,http://www.lmihmct.org/
"Lourdes School Of Nursing,Kollam",KOLLAM ,Kerala,-,-,-
"Lovekush Institute Of Nursing,Ambikapur", ,Chhattisgarh,-,-,-
"Lovekush Institute Of Nursing,Chhattisgarh", ,Chhattisgarh,-,-,-
"Lovekush Institute Of Nursing,Koria", ,Chhattisgarh,-,-,-
LOVELY INSTITUTE OF EDUCATION, ,Punjab,-,-,-
LOVELY INSTITUTE OF EDUCATION, ,Punjab,-,-,-
LOVELY INSTITUTE OF EDUCATION, ,Punjab,-,-,-
Lovely Institute of Law,PHAGWARA ,Punjab,"01824-500701,9876740030(M),9815766677",info@lpu.co.in,www.lpu.in
LOVELY INSTITUTE OF MANAGEMENT LOVELY MALL,JALANDHAR ,Punjab,"+91-1824-501600,+91-1824-501228,+91-181-5071761",info@lovelyinstitutes.com,-
Lovely Institute of Technology, ,Punjab,"01824-240833,240832,240700",lovely@jla.vsnl.net.in,-
"Lovely Institute of Technology , Phagwara",PHAGWARA ,Punjab,+91-1824-404404,"info@lpu.co.in,admissions@lpu.co.in",www.lpu.in
Lovely Professional University,PHAGWARA ,Punjab,"91-1824-404404,91-181-5055555","counselling@ipu.co.in,info@lpu.co.in",www.lpu.in
LOVELY PROFESSIONAL UNIVERSITY, ,Punjab,-,-,-
LOVELY TEACHER TRAINING INSTITUTE, ,Delhi,-,-,-
LOWER LAKHWAR COLONY, ,Uttaranchal,-,-,-
LOWRY MEMORIAL TEACHER TRAINING INSTITUTE, ,Karnataka,-,-,-
Loyala Academy Degree College,SECUNDERABAD ,Andhra Pradesh,"040-27862363,27860077",lacademyinformation@yahoo.in,http://loyolaacademyugpg.ac.in
"LOYALA INSTITUTE OF BUSINESS ADMINISTRATION, CHENNAI",CHENNAI ,Tamil Nadu,914428175353/54/55/56/57,"info@liba.edu,admissions@liba.edu",www.liba.edu
LOYALA TEACHER TRAINING INSTITUTE, ,Tamil Nadu,-,-,-
Loyola - ICAM College of Engineering and  Technology, ,Tamil Nadu,+91-44-28178490,-,www.licet.ac.in
Loyola College,CHENNAI ,Tamil Nadu,+91-44-28178200,helpdesk@loyolacollege.edu,http://www.loyolacollege.edu/
LOYOLA COLLEGE, ,Tamil Nadu,-,-,-
LOYOLA COLLEGE, ,Tamil Nadu,-,-,-
Loyola College of Education, ,Jharkhand,-,-,-
Loyola College of Education, ,Sikkim,+913595263877,loyolanamchi@yahoo.com,www.loyolasikkim.com
Loyola College of Social Science, ,Kerala,"0471591018,592059",msw@loyolacollegekerala.edu.in,www.loyolacollegekerala.edu.in
Loyola Degree College,CUDDAPAH ,Andhra Pradesh,"08568–226372,226403",loyola_pul@yahoo.com,-
LOYOLA INSTITUTE OF TEACHER EDUCATION, ,Pondicherry,-,-,-
Loyola Institute of Technology, ,Tamil Nadu,"044-26811543,26810252,25022081",litchennai@yahoo.co.in,www.litchennai.in
Loyola Institute of Technology & Science,KANYAKUMARI ,Tamil Nadu,"04652–293571,572,573",lites2008@hotmail.com,www.lites.edu.inwww.lites.in
Loyola Institute of Technology And Managemen, ,Andhra Pradesh,"08641?214555,08641?214899,",litam@rediffmail.com,http://www.litam.ac.in/
LOYOLA TEACHER TRAINING INSTITUTE, ,Karnataka,-,-,-
LSN TEACHER TRAINING INSTITUTE, ,Kerala,-,-,-
LT SHRI JAMUNA PRASAD NAYAK SHIKSHA PRASAR SAMITI, ,Madhya Pradesh,-,-,-
"Lt. B.N. Saoji Academys Teachers Training Centre of HI, indore",NAGPUR ,Maharashtra,0712-2526552/540697,-,-
LT. COLLEGE, ,Uttar Pradesh,-,-,-
LT. KM. LAXMI BADHALA MAHILA PRIMARY TEACHER TRAINING SCHOOL, ,Rajasthan,-,-,-
LT. MAHIPAT SINGH TEACHER TRAINING COLLEGE, ,Haryana,-,-,-
LT.KUMARI LAXMI BADHALA EDUCATION & RESEARCH INSTITUTE, ,Rajasthan,-,-,-
LT.MAHIPAT SINGH TEACHER TRAINING COLLEGE, ,Haryana,-,-,-
LT.SARDAR SINGH SMRITI SHIKSHA SAMITEE, ,Madhya Pradesh,-,-,-
LTA School of Beauty, ,Maharashtra,9930313131,lta.schoolofbeauty2010@gmail.com,http://www.ltaschoolofbeauty.com
Lucknow Christian Degree College, ,Uttar Pradesh,-,-,-
Lucknow Institute of Technology, ,Uttar Pradesh,"+91-522-3207277,+91-9415105127,",contact@litlucknow.ac.in,	www.litlucknow.ac.in
Lucknow Law College,LUCKNOW ,Uttar Pradesh,0522-6568099,-,-
"Lucknow Polytechnic, Lucknow", ,Uttar Pradesh,0522-2436074,principalgpl1892@gmail.com,http://www.gplucknow.com
Lucknow University, ,Uttar Pradesh,910522-2740086,registrar@lkouniv.ac.in,www.lkouniv.ac.in
LUCKNOW UNIVERSITY, ,Uttar Pradesh,-,info@lkouniv.ac.in,-
LUCKY INSTITUTE OF PROFESSIONAL STUDIES, ,Rajasthan,-,-,-
"Ludhiana College Of Engineering And Technology,",LUDHIANA ,Punjab,"0161-2834307,2834750",lcet02ludhiana@rediffmail.com,-
"Ludhiana Institute Of Nursing , Ludhiana",LUDHIANA ,Punjab,-,-,-
Luipa Mahavidyalaya, ,Orissa,-,-,-
LUISE JAMES TEACHER TRAINING INSTITUTE, ,Tamil Nadu,-,-,-
Luitparia College Barpeta,BARPETA ,Assam,-,-,-
Lukhdhirji College Of Engineering, ,Gujarat,"02822-240743,240645",principal@lecollege.org,www.lecollege.org
Lumding College,NAGAON ,Assam,-,principal@lumdingcollege.org,-
Lunglei Government College, ,Mizoram,-,-,-
"Luqman College of Pharmacy , GULBARGA",GULBARGA ,Karnataka,08472-271269/250041,luqman.pharmacy@rediffmail.com,www.luqmanpharmacyglb.org
Luquman College Of Science & Arts, ,Karnataka,-,-,-
LUTAWAN DEGREE COLLEGE, ,Uttar Pradesh,-,-,-
LUTAWAN DEGREE COLLEGE, ,Uttar Pradesh,-,-,-
Lutheran Degree College For Women,RAJAHMUNDRY ,Andhra Pradesh,-,-,-
"Lutheran Degree College, Bhimavaram",BHIMAVARAM ,Andhra Pradesh,08816–234185,-,-
"Luxmi Bai Institute of Dental Sciences & Hospital , Patiala",PATIALA ,Punjab,"+91-175-2681113,2681116,2681117,2681118","info@ldbcpatiala.com,lbdp_patiala@yahoo.com",www.lbdcpatiala.com
"Luxmi Nursing Training Centre,Gadchiroli", ,Maharashtra,-,-,-
LVR TEACHERS TRAINING INSTITUTE, ,Karnataka,-,-,-
Lyallpur Khalsa College, ,Punjab,-,-,-
Lyallpur Khalsa College for Women, ,Punjab,-,-,-
LYALLPUR KHALSA TEACHER TRAINING COLLEGE FOR WOMEN, ,Punjab,+91-181-2241466-67,lkcjald@yahoo.com	,http://www.lkcjal.og
LYCEUM TEACHER TRAINING COLLEGE, ,Haryana,-,-,-
