QIS college of Engineering and Technology, ,Andhra Pradesh,091-94419-16190,qiscet@hotmail.com,http://www.qiscet.edu.in/
"Quadra School Of Nursing , Haridwar",HARIDWAR ,Uttaranchal,-,-,-
"Quadra School Of Nursing , Quadra Hospital,Haridwar",HARIDWAR ,Uttaranchal,-,-,-
Quaid-E-Millet Arts College,CHENNAI ,Tamil Nadu,-,-,-
QUAIDEA MILLATH TEACHERS TRAINING INSTITUTE, ,Kerala,-,-,-
"Quality Healthcare College Of Nursing,Bangalore",BANGALORE ,Karnataka,-,-,-
"Quality Healthcare School Of Nursing , Bangalore South",BANGALORE ,Karnataka,-,-,-
Quantum College Of Engineering, ,Uttaranchal,9319909777,-,http://quantum.edu.in
Quantum School Of Business,DEHRADUN ,Uttaranchal,+91-9319909777,-,www.quantumbschool.com
Quantum School of Technology,DEHRADUN ,Uttaranchal,+91-9319909777,-,www.quantum.edu.in
Quantum School of Technology., ,Uttaranchal,+91-132-2781728,-,www.quantum.edu.in
QUBA College of Engineering & Technology, ,Andhra Pradesh,0861-2383531,quba786@yahoo.co.in,http://www.qubacollege.in/
Queen Marys College,CHENNAI ,Tamil Nadu,-,info@qmc.ac.uk,-
"Queen Victoria School Of Nursing , Gulbarga",GULBARGA ,Karnataka,-,-,-
QUEENS COLLEGE OF EDUCATION, ,Maharashtra,-,-,-
QUEENS MARYS TEACHER TRAINING INSTITUTE, ,Tamil Nadu,-,-,-
Quest Group Of Institutions, ,Punjab,0160-5032525,admission@questgoi.org,www.questgoi.org
Quiad E Millet Government College For Women,CHENNAI ,Tamil Nadu,-,-,-
QUTUB SHAHI PG COLLEGE FOR MCA,RAJENDERNAGAR ,Andhra Pradesh,-,-,-
QIS college of Engineering and Technology, ,Andhra Pradesh,091-94419-16190,qiscet@hotmail.com,http://www.qiscet.edu.in/
"Quadra School Of Nursing , Haridwar",HARIDWAR ,Uttaranchal,-,-,-
"Quadra School Of Nursing , Quadra Hospital,Haridwar",HARIDWAR ,Uttaranchal,-,-,-
Quaid-E-Millet Arts College,CHENNAI ,Tamil Nadu,-,-,-
QUAIDEA MILLATH TEACHERS TRAINING INSTITUTE, ,Kerala,-,-,-
"Quality Healthcare College Of Nursing,Bangalore",BANGALORE ,Karnataka,-,-,-
"Quality Healthcare School Of Nursing , Bangalore South",BANGALORE ,Karnataka,-,-,-
Quantum College Of Engineering, ,Uttaranchal,9319909777,-,http://quantum.edu.in
Quantum School Of Business,DEHRADUN ,Uttaranchal,+91-9319909777,-,www.quantumbschool.com
Quantum School of Technology,DEHRADUN ,Uttaranchal,+91-9319909777,-,www.quantum.edu.in
Quantum School of Technology., ,Uttaranchal,+91-132-2781728,-,www.quantum.edu.in
QUBA College of Engineering & Technology, ,Andhra Pradesh,0861-2383531,quba786@yahoo.co.in,http://www.qubacollege.in/
Queen Marys College,CHENNAI ,Tamil Nadu,-,info@qmc.ac.uk,-
"Queen Victoria School Of Nursing , Gulbarga",GULBARGA ,Karnataka,-,-,-
QUEENS COLLEGE OF EDUCATION, ,Maharashtra,-,-,-
QUEENS MARYS TEACHER TRAINING INSTITUTE, ,Tamil Nadu,-,-,-
Quest Group Of Institutions, ,Punjab,0160-5032525,admission@questgoi.org,www.questgoi.org
Quiad E Millet Government College For Women,CHENNAI ,Tamil Nadu,-,-,-
QUTUB SHAHI PG COLLEGE FOR MCA,RAJENDERNAGAR ,Andhra Pradesh,-,-,-
QIS college of Engineering and Technology, ,Andhra Pradesh,091-94419-16190,qiscet@hotmail.com,http://www.qiscet.edu.in/
"Quadra School Of Nursing , Haridwar",HARIDWAR ,Uttaranchal,-,-,-
"Quadra School Of Nursing , Quadra Hospital,Haridwar",HARIDWAR ,Uttaranchal,-,-,-
Quaid-E-Millet Arts College,CHENNAI ,Tamil Nadu,-,-,-
QUAIDEA MILLATH TEACHERS TRAINING INSTITUTE, ,Kerala,-,-,-
"Quality Healthcare College Of Nursing,Bangalore",BANGALORE ,Karnataka,-,-,-
"Quality Healthcare School Of Nursing , Bangalore South",BANGALORE ,Karnataka,-,-,-
Quantum College Of Engineering, ,Uttaranchal,9319909777,-,http://quantum.edu.in
Quantum School Of Business,DEHRADUN ,Uttaranchal,+91-9319909777,-,www.quantumbschool.com
Quantum School of Technology,DEHRADUN ,Uttaranchal,+91-9319909777,-,www.quantum.edu.in
Quantum School of Technology., ,Uttaranchal,+91-132-2781728,-,www.quantum.edu.in
QUBA College of Engineering & Technology, ,Andhra Pradesh,0861-2383531,quba786@yahoo.co.in,http://www.qubacollege.in/
Queen Marys College,CHENNAI ,Tamil Nadu,-,info@qmc.ac.uk,-
"Queen Victoria School Of Nursing , Gulbarga",GULBARGA ,Karnataka,-,-,-
QUEENS COLLEGE OF EDUCATION, ,Maharashtra,-,-,-
QUEENS MARYS TEACHER TRAINING INSTITUTE, ,Tamil Nadu,-,-,-
Quest Group Of Institutions, ,Punjab,0160-5032525,admission@questgoi.org,www.questgoi.org
Quiad E Millet Government College For Women,CHENNAI ,Tamil Nadu,-,-,-
QUTUB SHAHI PG COLLEGE FOR MCA,RAJENDERNAGAR ,Andhra Pradesh,-,-,-
