"T & T V School Of Nursing , S D V S Ashaktashram Hospital, Surat",SURAT ,Gujarat,-,-,-
T B D S Janta College, ,Bihar,-,-,-
T D Abdul Khadar College For Women Ramanathapuram,RAMANATHAPURAM ,Tamil Nadu,-,-,-
"T D Institute Of Professional Studies ,Rewa",REWA ,Madhya Pradesh,-,-,-
"T D Medical College, Alleppey Allappuzha", ,Kerala,0477-282611/282015,tdmcalpy@md5.vsnl.net.in,www.keralauniversity.edu
T H B College, ,Assam,-,-,-
T J P S College,GUNTUR ,Andhra Pradesh,"0863–2230852,2224016",tjpscollege@yahoo.com,-
T J S Polytechnic College, ,Tamil Nadu,"9894936115,044-27967620",	tjspolytechniccollege@gmail.com,www.tjspc.in
"T John College Of Nursing , Bangalore",BANGALORE ,Karnataka,-,-,-
T John Institute Of Technology, ,Karnataka,+918028429126/624/65,-,www.tjohnit.com
"T John Institute of Technology, Bangalore", ,Karnataka,"+918025597817,25092057",-,http://www.tjohnit.com
"T John School Of Nursing , Bangalore",BANGALORE ,Karnataka,-,-,-
"T John School Of Nursing , Gulbarga",GULBARGA ,Karnataka,-,-,-
T K R College of Engineering and Technology, ,Andhra Pradesh,04065347536,tkrec@rediffmail.com,http://tkrec.ac.in
"T K R College Of Nursing , Hyderabad",HYDERABAD ,Andhra Pradesh,-,-,-
"T M A E S School Of Nursing , Bellary",BELLARY ,Karnataka,-,-,-
T M A E Society Polytechnic, ,Karnataka,08282-266348,-,-
"T M A E Societypolytechnic, Hospet", ,Karnataka,08394-265097,-,-
"T M M College Of Nursing , Pathanamthitta",PATHANAMTHITTA ,Kerala,-,-,-
"T M M College Of Nursing , Pathanamthitta",PATHANAMTHITTA ,Kerala,-,-,-
"T M S School Of Nursing ,Sheopur", ,Madhya Pradesh,-,-,-
T N B College, ,Bihar,-,-,-
T P College, ,Bihar,-,-,-
T P E V R Govt. Polytechnic College, ,Tamil Nadu,"0416-2266266,0416-2264265,9445721146",tpevr109@gmail.com,tpevrgpcvlr.org
T P S College, ,Bihar,-,-,-
T P V College, ,Bihar,-,-,-
T R Girls College, ,Haryana,-,-,-
T R R Government Degree College,KANDUKUR ,Andhra Pradesh,"08598–223546,232996",-,-
T S Bhama College, ,Bihar,-,-,-
T S Srinivasan Center For Polytechnic College And Advanced T, ,Tamil Nadu,"04424764393,04424764394,	9940079611",cvat@dataone.in,www.cpat-tvs.org
T V M COLLEGE OF EDUCATION, ,Tamil Nadu,-,-,-
"T V M Gurukul School Of Nursing , Ranchi",RANCHI ,Jharkhand,-,-,-
T. John College,BANGALORE ,Karnataka,"+918025597817,25092057",info@tjohncollege.com,http://new.tjohncollege.com
T. John College, ,Karnataka,"+918025597817,25092057",info@tjohncollege.com,http://new.tjohncollege.com
T. M. Government College, ,Kerala,-,-,-
T. R. C. Law College,BARABANKI ,Uttar Pradesh,"05248-272727,9415075311,9450745586",-,www.trclc007.org
T. R. S. Government College,REWA ,Madhya Pradesh,07662-252670,-,-
T. Romana College, ,Mizoram,-,-,-
T.A. PAI MGT. INSTITUTE,MANIPAL ,Karnataka,0820-2570162/257316208202-570699,tapmi@mail.tapmi.org,www.tapmi.org
T.B.Girwalkar Polytechnic, ,Maharashtra,02446-248992,principal@tbgpoly.org,http://www.tbgpoly.org/
T.B.M.L. College,PORAYAR ,Tamil Nadu,-,-,-
T.C. College Of Arts Science And Commerc, ,Maharashtra,-,-,-
T.C.L. Govt. Lead College, ,Chhattisgarh,-,-,-
T.C.M.T. Degree College,PRAKASAM ,Andhra Pradesh,"08592–233629,08646–244858",-,-
T.D. EDUCATION COLLEGE, ,Madhya Pradesh,-,-,-
"T.D. Medical College , ALAPPUZHA",ALLEPPEY ,Kerala,-,-,-
"T.D. Medical College, Alappuzha (Alleppy)",ALLEPPEY ,Kerala,0477-282611/282015,tdmcalpy@md5.vsnl.net.in,-
"T.D.M.N.S. College, T. Kallikulam",TIRUNELVELI ,Tamil Nadu,04637-220250,-,-
T.E THIYAGARAJA PILLAI I.A.S TEACHER TRAINING INSTITUTE, ,Tamil Nadu,-,-,-
T.E.S. ELEMENTARY TEACHER TRAINING INSTITUTE, ,Tamil Nadu,-,-,-
T.E.T. TEACHER TRAINING INSTITUTE FOR WOMEN, ,Tamil Nadu,-,-,-
T.JOHN COLLEGE, ,Karnataka,-,-,-
T.John college, ,Karnataka,"+918025597817,25092057",info@tjohncollege.com,http://new.tjohncollege.com/institutions/t-john-co
T.JOHN INSTITUTE OF MANAGEMENT & SCIENCE,BANGALORE ,Karnataka,080-28429229/28429623,drthomas@blr.vsnl.net.in,-
T.K. Madhava Memorial College,ALAPPUZHA ,Kerala,"0479-412659,0474-703236,766255",ku.release@gmail.com,-
T.K.M College of Engineering, ,Kerala,"0474-2712024,2712022,2713126",tkmengineering@md2vsnl.net.in,www.tkmce.ac.in
T.K.M. Institute of Arts & Science,KOLLAM ,Kerala,"0474-711817,712240,0476-681622",-,-
T.K.M. INSTITUTE OF MANAGEMENT,KOLLAM ,Kerala,0474-24835270474-2482465/66,tkmin@sancharnet.in,www.tkmim.org
T.K.R. INSTITUTE OF MGT. & SCIENCE,SAROORNAGAR ,Andhra Pradesh,040-24092324,tkrims.in@gmail.com,www.tkrims.edu.in
T.K.RAJA EDUCATIONAL CHARITAB TRUST, ,Tamil Nadu,-,-,-
T.M.A.E . SOCIETYS EDUCATION COLLEGE, ,Karnataka,-,-,-
T.M.A.E SOCIETY S COLLEGE OF EDUCATION, ,Karnataka,-,-,-
"T.M.A.E. Soceity S.C.S.College of Pharmacy, HARAPANAHALLI",DAVANAGERE ,Karnataka,-,-,www.scscop.org
"T.M.A.E. Society M.M.J.G. ,College of Pharmacy , Gadag",GADAG ,Karnataka,-,-,-
T.M.A.E. SOCIETY S COLLEGE OF EDUCATION, ,Karnataka,-,-,-
T.M.A.E. Societys College Of Education, ,Karnataka,-,-,-
T.M.A.E.s College Of Education, ,Karnataka,-,-,-
T.M.C.s Sideswar Arts College, ,Karnataka,-,-,-
T.M.G. College Of Arts And Science, ,Tamil Nadu,944408047,Tmgraja@live.in,http://www.miet.in/
T.M.S.S. Womens Degree College,RANGAREDDY ,Andhra Pradesh,-,-,-
T.N. RAO COLLEGE OF MANAGEMENT STUDIES,RAJKOT ,Gujarat,0281-360005,mail@tnrocollege.org,www.tnrocollege.org
T.N.B. Law College,BHAGALPUR ,Bihar,-,principal@tnbcollege.org,-
T.P.D.Malaw College, ,Punjab,-,-,-
T.R.R & S. Degree College,GUNTUR ,Andhra Pradesh,"08649–252938,252231",-,-
T.R.R & S.S.S. Degree College,PRAKASAM ,Andhra Pradesh,"08594–243803,243984",-,-
T.R.S. College,REWA ,Madhya Pradesh,-,trsrwa@yahoo.co.in,-
T.S. Narayanasamy Arts And Science College,CHENNAI ,Tamil Nadu,-,Charles_10th@hotmail.com,-
T.S. Paul Manipur Womens College, ,Manipur,-,-,-
T.S.M. COLLEGE OF EDUCATION, ,Tamil Nadu,-,-,-
T.S.M. Jain College of Technology, ,Tamil Nadu,04151-222451,-,www.tsmjain.com
T.S.P.S. Mandals Ltd. Sindgi C.M. Managuli A Arts College, ,Karnataka,-,-,-
T.S.R. & T.B.K. Womens Degree College,VISAKHAPATNAM ,Andhra Pradesh,"0891–2767566,2744498",tsrtbk@rediffmail.com,-
T.S.R. & T.B.K.R. College,VISAKHAPATNAM ,Andhra Pradesh,"0891–2744497,2744498",-,-
T.S.S.s S.S.R.G. Women College, ,Karnataka,-,-,-
T.T. Mahavidyalaya, ,Orissa,-,-,-
T.T. Narasimhan - Swami Dayananda College Of Arts And Science,THANJAVUR ,Tamil Nadu,-,-,-
T.T.KUNHAHAMMED MEMORIAL TEACHER TRAINING INSTITUTE, ,Kerala,-,-,-
"T.V.E.S. Instt. of Pharmacy , FAIZPUR",JALGAON ,Maharashtra,22236,-,-
T.V.R. TEACHERS COLLEGE, ,Pondicherry,-,-,-
"Tadikela Subbaiah College Of Nursing,Shimoga",SHIMOGA ,Karnataka,-,-,-
"Tadikela Subbaiah School Of Nursing , Shimoga",SHIMOGA ,Karnataka,-,-,-
"Tago Memorial Institute Of Health Science & Hospital , Papumpare", ,Arunachal Pradesh,-,-,-
Tagore Arts College,PONDICHERRY ,Pondicherry,0413-2618590,-,-
Tagore College Of Arts And Science,CHENNAI ,Tamil Nadu,044-22401352,"Tagore.arts@gmail.com,tagore.mail@yahoo.com",-
TAGORE COLLEGE OF EDUCATION, ,Tamil Nadu,-,-,-
"Tagore Dental College & Hospital, Chennai",CHENNAI ,Tamil Nadu,"9144-28175144,28173144","tagoredch@gmail.com,jmr-admission@yahoo.com",www.tagoredch.com
Tagore Engineering College, ,Tamil Nadu,044–27477008/27477017/27477306,principal@tagoreengineering.com,www.tec.ac.in
TAGORE GOVERNMENT COLLEGE OF EDUCATION, ,Andaman and Nicobar Islands,-,-,-
Tagore Institute of Engineering and Technology,SALEM ,Tamil Nadu,04282231374,tagoreiet@yahoo.in,www.tagoreiet.ac.in
"Tagore Medical College and Hospital, Chennai", ,Tamil Nadu,"044-69904863,",tagoremch@gmail.com,www.tagoremedicalcollegeandhospital.com
Tagore Memorila Polytechnic, ,Karnataka,-,-,-
"Tagore Nursing College,Jaipur",JAIPUR ,Rajasthan,-,-,-
Tagore Public Law College,JAIPUR ,Rajasthan,9983262513,-,-
TAGORE SHIKSHAK PRASHIKSHAN SANSTHAN, ,Rajasthan,-,-,-
TAGORE SHIKSHAN PRASHIKSHAN SANSTHAN, ,Rajasthan,-,-,-
TAGORE TEACHER TRAINING COLLEGE, ,Rajasthan,-,-,-
TAGORE TEACHER TRAINING COLLEGE, ,Rajasthan,-,-,-
TAGORE TEACHER TRAINING COLLEGE, ,Haryana,-,-,-
TAGORE TEACHER TRAINING COLLEGE, ,Haryana,-,-,-
TAGORE TEACHER TRAINING COLLEGE, ,Haryana,-,-,-
TAGORE TEACHER TRAINING COLLEGE, ,Punjab,-,-,-
TAGORE TEACHER TRAINING COLLEGE FOR WOMEN, ,Punjab,-,-,-
TAGORE TEACHERS TRAINING COLLEGE, ,Rajasthan,-,-,-
TAGORE TEACHERS TRAINING COLLEGE, ,Rajasthan,-,-,-
TAGORE WOMENS TEACHER TRAINING COLLEGE, ,Rajasthan,-,-,-
TAJ COLLEGE OF EDUCATION, ,Karnataka,-,-,-
TAJ MEMORIAL TEACHERS TRAINING COLLEGE, ,Rajasthan,-,-,-
TAK SHIKSHA NIKETAN TEACHERS TRAINING COLLEGE, ,Rajasthan,-,-,-
Takhatmal Srivallabh Homoeo Medical College, ,Maharashtra,-,-,-
Takhatmal Srivallabh Homoeo. Medical College, ,Maharashtra,-,-,-
Taki Government College, ,West Bengal,-,-,-
Taksha Shila Degree College,MAHABUBNAGAR ,Andhra Pradesh,08542–277177,-,-
Takshashila Mahavidyalaya, ,Maharashtra,-,-,-
TAKSHASHILA TEACHER TRAINING INSTITUTE, ,Karnataka,-,-,-
Takshila Institute Of Technology Tietch,JABALPUR ,Madhya Pradesh,"0761-2441352,2441353",takshshila_engg@yahoo.com,www.takshshila.org
Takshshila Institute of Engineering & Technology, ,Madhya Pradesh,0761-4026500,takshshila.engg@gmail.com,http://www.takshshila.org
TALASILA COLLEGE OF MANAGEMENT & INFORMATION TECH,KHAMMAM ,Andhra Pradesh,-,-,-
TALAT SHIKSHAN MANDAL, ,Maharashtra,-,-,-
Talchar College, ,Orissa,-,-,-
"Talegaon General Hosp & Convalescent Home S , Training School Of Nursing,Pune",PUNE ,Maharashtra,-,-,-
Talekchand Mayachand Shah Mahila Arts College, ,Gujarat,-,-,-
TALIMUDDIN NISWAN DEGREE COLLEGE, ,Uttar Pradesh,-,-,-
Taliparamba Arts & Science College, ,Kerala,"04985-248199(O),206313(R)",-,-
Talla Padmavathi College of Engineering, ,Andhra Pradesh,0870-6564531,-,http://www.tallapadmavathiengg.com/
"Talla Padmavathi College of Pharmacy , Warangal",WARANGAL ,Andhra Pradesh,0870-2434057,tpcp@tallapadmavathipharma.com,www.tallapadmavathipharma.org
TALUK VOKKALIGARA SANG SAHYADRI TEACHERS TRAINING INSTITUTE, ,Karnataka,-,-,-
TALUKA SHIKSHANA PRASARAK MANDALIS COLLEGE, ,Karnataka,-,-,-
"Taluka Vidyarthi Sahayyak Samitis College Of Nursing,Ahmednagar",AHMEDNAGAR ,Maharashtra,-,-,-
"Tam Bran School Of Nursing , Gwalior",GWALIOR ,Madhya Pradesh,-,-,-
Tamana  School of Hope Special School,DELHI ,Delhi,26151587,-,-
Tamanna Association (School of Hope),DELHI ,Delhi,-,-,-
"Tamanna Institute Of Allied Health Sciences, , Allahabad",ALLAHABAD ,Uttar Pradesh,-,-,-
"Tamanna Institute Of Allied Health Sciences, , Allahabad",ALLAHABAD ,Uttar Pradesh,-,-,-
Tamenglong College, ,Manipur,-,-,-
Tamil Nadu Agricultural University,COIMBATORE ,Tamil Nadu,91-422-6611200,registrar@tnau.ac.in,http://www.tnau.ac.in
Tamil Nadu Arts And Science College,CHENNAI ,Tamil Nadu,-,-,-
Tamil Nadu Dr Ambedkar Law University, ,Tamil Nadu,"91(44)24611364,044-24610813",registrar@tndalu.org,http://www.tndalu.ac.in/
Tamil Nadu Dr M G R Medical University,CHENNAI ,Tamil Nadu,"+91-44-22353093-94,+91-44-22301760-63",mail@tnmgrmu.ac.in,www.tnmgrmu.ac.in
Tamil Nadu Government Dental College & Hospital,CHENNAI ,Tamil Nadu,"044-25340441,25340681",-,http://www.tamilnadudentalcollege.com/
"Tamil Nadu Government Dental College & Hospital, Chennai",CHENNAI ,Tamil Nadu,"+91-44-25340441,25341342,25340343,+91-4",-,www.tamilnadudentalcollege.com
Tamil Nadu Institute Labour Studies,CHENNAI ,Tamil Nadu,28440102/28445778,rpsinstt@dte.vsnl.net.in,www.tn.gov.in
Tamil Nadu Open University,CHENNAI ,Tamil Nadu,91-44-22353522,vc@tnou.ac.in,http://www.tnou.ac.in/
Tamil Nadu Paramedical Institutions College of Physiotherapy,CHENNAI ,Tamil Nadu,-,-,-
Tamil Nadu Physical Education And Sports University, ,Tamil Nadu,"044-28252245,28252247",tnpesu@rediffmail.com,www.tnpesu.org
Tamil Nadu Polytechnic College,TIRUVANNAMALAI ,Tamil Nadu,-,-,-
Tamil Nadu Teachers Education University, ,Tamil Nadu,91-44-28447304,tnpesu@rediffmail.com,www.tnteu.in
Tamil Nadu Veterinary Animal Sciences University,CHENNAI ,Tamil Nadu,91044581886,hodahscamvc@tanuvas.org.in,http://www.tanuvas.tn.nic.in
Tamil University,THANJAVUR ,Tamil Nadu,"04362-227782,226720",-,www.tamiluniversity.ac.in
TAMIL UNIVERSITY, ,Tamil Nadu,-,-,-
Tamil Virtual University,CHENNAI ,Tamil Nadu,"22541010,22541012,22541013",tamilvu@vsnl.com,http://www.tamilvu.org
Tamilavel Uma Maheswarnar Karanthai Arts College,THANJAVUR ,Tamil Nadu,-,-,-
Tamilnadu College of Engineering,COIMBATORE ,Tamil Nadu,"0421-0421-2332544,2334944",tce@tnce.in,www.tnce.in
Tamilnadu School of Architecture, ,Tamil Nadu,0421-2911555,director@tnsa.ac.in,www.tnsa.ac.in
Tamizhan College of engineering & Technology,KANYAKUMARI ,Tamil Nadu,-,-,-
Tamralipta Mahavidyalaya, ,West Bengal,-,-,-
Tamralipta Mahavidyalaya, ,West Bengal,-,-,-
Tana Bhagat College, ,Jharkhand,-,-,-
Tangala College, ,Assam,-,-,-
TANISHK COLLEGE OF EDUCATION, ,Uttaranchal,-,-,-
TANZEEM EDUCATION SOCIETYS, ,Karnataka,-,-,-
Tapaswini Institute of Information Technology,ROURKELA ,Orissa,06624-280755/280855,rkl_tiitkbl@sancharnet.in,www.tiitrourkela.info
Tapasya Shiksha Samiti,BHOPAL ,Madhya Pradesh,-,-,-
TAPI VALLEY EDUCATION SOCIETYS WOMENS COLLEGE OF EDUCATION, ,Maharashtra,-,-,-
Tapindu Institute of Higher Studies, ,Bihar,-,director@tihspatna.com,-
"Tapovana Institute Of Nursing , Davangere",DAVANAGERE ,Karnataka,-,-,-
Tara Chand Vedic Putri Degree College, ,Uttar Pradesh,-,-,-
Tara Government College,SANGAREDDY ,Andhra Pradesh,08455–276507,-,-
Tara Tarini College, ,Orissa,-,-,-
Tarakeshwar Degree College, ,West Bengal,-,-,-
"Tarakeswar Vivekananda Pally Seva Kendra ,hooghly",HOOGHLY ,West Bengal,-,-,-
Tarapith College of B.Ed, ,West Bengal,-,-,-
Tarasankar Bandhya padhyay B.Ed. Institution, ,West Bengal,-,-,-
Tarasankar Bandhya padhyay Primary Teacher's Training Institute, ,West Bengal,-,-,-
"Tarini School Of Nursing , Mayurbhanj", ,Orissa,-,-,-
Tarkeshwar Narayan Agrawal Teacher's Training College, ,Bihar,-,enfo@tnabedcollege.com,-
TARUR COLLEGE OF PHYSICAL EDUCATION, ,Karnataka,-,-,-
"Tata Cancer Research Memorial Institute, Mumbai",MUMBAI ,Maharashtra,"91-22-24177000,24146750-55",info@tmcmail.org,http://www.tmcmail.org
TATA CMC Academy, ,Chandigarh,9988005027,industrialtraining123@gmail.com,http://www.cmcpanchkula.com
Tata College, ,Jharkhand,-,-,-
Tata College, ,Jharkhand,-,-,-
Tata Institute of Social Science,MUMBAI ,Maharashtra,022-25563290,linakash@tiss.edu,-
Tata Institute Of Social Sciences, ,Maharashtra,910225562912,sparasuraman@tiss.edu,www.tiss.edu
"Tata Main Hospital, School Of Nursing , Jamshedpur",JAMSHEDPUR ,Jharkhand,-,-,-
"Tata Memorial Hospital, College Of Nursing , Mumbai", ,Maharashtra,-,-,-
"Tathagat Goutam Budh Govt. Polytechnic, Srawasti", ,Uttar Pradesh,-,-,-
Tathagat Teacher's Training College, ,Jharkhand,-,-,-
Tatineni Gopaiah Triveni College,KRISHNA ,Andhra Pradesh,-,-,-
"Tatyasaheb Kore College of Pharmacy , Kolhapur",KOLHAPUR ,Maharashtra,(02328)223501,"tkcpwarana@yahoo.com,principal@tkcpdwarana.org",www.tkcpdwarana.org
"Tatyasaheb Kore Dental College & Research Centre , Kolhapur",KOLHAPUR ,Maharashtra,"+91-231-2477081,2477082",info@waranahealth.com,www.waranahealth.com
TAU DEVI LAL MEMORIAL TEACHER TRAINING COLLEGE, ,Haryana,-,-,-
TAVARAGERAS TEACHER EDUCATION INSTITUTION, ,Karnataka,-,-,-
TAVITE B.ED. TRAINING COLLEGE, ,Madhya Pradesh,"7622-268593,9630546004,9300510822",tavite_sukirti@yahoo.in,:tavitebedcollege.org
Taxila Business School, ,Rajasthan,0141-6500000,info@taxila.in,http://www.taxila.in
TAXSHILA VIDYAPEETH SANSTHAN, ,Rajasthan,-,-,-
Tayyib Muslim Polytechnic, ,Andhra Pradesh,9912342091,-,-
TCM College of Engineeering, ,Haryana,0130-3051250-52-53,tcmcollege@gmail.com,http://tcmengineering.com
TDTA COLLEGE OF EDUCATION, ,Tamil Nadu,-,-,-
Teacher Training College, ,Bihar,-,-,-
"TEACHER TRAINING COLLEGE FOR WOMEN,RAIKOT", ,Punjab,-,-,-
TEACHER TRAINING COLLEGE KUTANA, ,Haryana,-,-,-
"TEACHER TRAINING COLLEGE(FOR GIRLS),BIKHI", ,Punjab,-,-,-
"TEACHER TRAINING COLLEGE,FEROZEPUR", ,Punjab,-,-,-
TEACHER TRAINING INSTITUTE, ,Kerala,-,-,-
TEACHER TRAINING INSTITUTE, ,Kerala,-,-,-
TEACHER TRAINING INSTITUTE, ,Tamil Nadu,-,-,-
TEACHER TRAINING INSTITUTE KEEZHAMOONGILADI, ,Tamil Nadu,-,-,-
Teacher's Training College, ,Bihar,-,-,-
Teacher's Training College, ,Assam,-,-,-
Teacher's Training College, ,Assam,-,-,-
Teacher's Training College of India, ,Bihar,-,-,-
Teachers Law College, ,Karnataka,-,-,-
TEACHERS TRAINING INSTITUTE, ,Kerala,-,-,-
Teachers' Training College, ,Assam,-,-,-
Teachers' Training College Jharkahand, ,Jharkhand,-,-,-
Tech Vidhya Telecom Training Institute, ,Delhi,01141099913,openings@techvidhya.in,http://www.techvidhya.in
Tech. & Medical Education Society's J. T. Mahajan College of Engineering,JALGAON ,Maharashtra,(02585)-248179/248256,jtmcoef@rediffmail.com,www.jtmcoef.ac.in
TECHNIA INSTITUTE OF ADVANCED STUDIES,DELHI ,Delhi,-,info@tiasindia.org.,-
TECHNICAL INSTITUTE & RESEACH INSTITUTE, ,Uttar Pradesh,"0548-2222087,2220045",teripgc@rediffmail.com,-
Techno India, ,West Bengal,033-23575684/23575683/23575685,info@tictcollege.in,www.technoindiagroup.com
Techno India College of Technology,KOLKATA ,West Bengal,(033)23242050,info@tictcollege.in,www.tictenggcollege.org
Techno India University, ,West Bengal,09103325828690,info@technoindiauniversity.ac.in,www.technoindiauniversity.ac.in
TECHNO Institute of Management Sciences, ,Uttar Pradesh,+91522-3295245,-,www.tims.edu.in
Techno-Apex Polytechnic, ,Haryana,09813056720,-,-
"Technocarts Institute of Technology Diploma Pharmacy , Bhopal",BHOPAL ,Madhya Pradesh,"09981219330,09425380608",admission@titbhopal.net,www.titbhopal.net
Technocrats Institute of Technology,BHOPAL ,Madhya Pradesh,"0755-2751693,2751679,2685977",titbhopal@gmail.com,-
Technocrats Institute of Technology Excellence,BHOPAL ,Madhya Pradesh,0755-2751679,titbhopal@gmail.com,-
Technocrats Institute of Technology Science,BHOPAL ,Madhya Pradesh,"0755-2751247,1257",titbhopal@gmail.com,www.titbhopal.net
Technological Institute of Textile & Science, ,Haryana,01664-242561-64,info@titsbhiwani.ac.in,www.titsbhiwani.ac.in
Technological Institute of Textile & Sciences, ,Haryana,-,-,-
Technology Education & Research Institute, ,Haryana,"09996783001,02,03,04,9304392299",info@terii.in,www.terii.in
TECNIA INSTITUTE OF ADVANCED STUDIES, ,Delhi,011-27555121,director.tecniaindia@gmail.com,www.tecniaindia.org
TECNIA INSTITUTE OF TEACHER EDUCATION, ,Delhi,-,-,-
Teegala Krishna Reddy Engineering College, ,Andhra Pradesh,TeegalaKrishnaReddyEngineeringCollege,tkrec@rediffmail.com,www.tkrec.ac.in
TEERATH INSTITUTE, ,Madhya Pradesh,-,-,-
"Teerath Institute of Scienceand Technology , Bhopal",BHOPAL ,Madhya Pradesh,-,-,-
Teerthankar Mahaveer Institute Of Management And Technology,MORADABAD ,Uttar Pradesh,0591-2487111-222,mbdmimt@sify.com,-
"Teerthankar Mahaveer Medical College, Moorabad", ,Uttar Pradesh,"0591-2487111,222,333",tmimtgroup@sify.com,www.tmu.ac.in
Teerthanker Mahaveer College of Law and Legal Studies,MORADABAD ,Uttar Pradesh,0591-2360222,-,www.tmu.ac.in
"Teerthanker Mahaveer College Of Nursing , Moradabad",MORADABAD ,Uttar Pradesh,-,admission@tmu.ac.in,-
"Teerthanker Mahaveer Dental College & Research Centre , Moradabad",MORADABAD ,Uttar Pradesh,"9568216000,9568217000",admission@tmu.ac.in,www.tmu.ac.in
TEERTHANKER MAHAVEER INSTITUTE OF MANAGEMENT & TECHNOLOGY, ,Uttar Pradesh,-,-,-
Teerthanker Mahaveer University, ,Uttar Pradesh,-,-,www.tmu.ac.in
"Teerthanker Parshavnath School Of Nursing , Maradabad", ,Uttar Pradesh,-,-,-
"Tehmi Grant Institute Of Nursing Education , Pune",PUNE ,Maharashtra,-,-,-
Tejaa Shakthi Institute of Technology for Women,COIMBATORE ,Tamil Nadu,0421-2333161/162/163,mail@tejaashakthi.org,www.tejaashakthi.org
TEJASVI COLLEGE OF EDUCATION, ,Uttar Pradesh,-,-,-
Tejaswi Educational Academy,HYDERABAD ,Andhra Pradesh,91-40-55733223,info@tejaswi.org/tejaswi_society@rediffmail.com,http://www.tejaswi.org	
"Tejaswini Nursing School,Pune",PUNE ,Maharashtra,-,-,-
"Tejeswi School Of Nursing , Kukatpally",KUKATPALLY ,Andhra Pradesh,-,-,-
TEJU SINGH MEMORIAL DEGREE COLLEGE, ,Uttar Pradesh,-,-,-
Teju Singh Memorial Law College, ,Uttar Pradesh,"09411809455,09837258654",-,-
Telangana University,NIZAMABAD ,Andhra Pradesh,-,tunzb@rediffmail.com,-
TELC TEACHER TRAINING INSTITUTE FOR MEN, ,Tamil Nadu,-,-,-
TELC TEACHER TRAINING INSTITUTE FOR WOMEN, ,Tamil Nadu,-,-,-
Telengana University,NIZAMABAD ,Andhra Pradesh,08461-222216,registrar@telanganauniversity.ac.in,www.telanganauniversity.ac.in
TELLAKULA JPS COLLEGE,GUNTUR ,Andhra Pradesh,-,-,-
"Temi Grant Institute Of Nursing Education , Pune",PUNE ,Maharashtra,-,-,-
TempleCity Institute of Technology & Engineering, ,Orissa,"9337725364,9437105278,9437015619",mdmscm2013@gmail.com,http://www.tite.ac.in/
Tenali Engineering College, ,Andhra Pradesh,(08644)281736,principalteca@yahoo.com,http://www.tec.edu.in/
Tengakhat College, ,Assam,-,-,-
Tentulia Sasan Debasthan College, ,Orissa,-,-,-
TERASA COLLEGE OF EDUCATION, ,Tamil Nadu,-,-,-
Teresian College, ,Karnataka,-,-,-
Terfs Academy College Of Arts And Science,TIRUPUR ,Tamil Nadu,-,-,-
Teri University, ,Delhi,"911126122222,26139110,26139011",registrar@teri.res.in,www.teriuniversity.ac.in
"Terna Dental College & Hospital , Navi Mumbai",MUMBAI ,Maharashtra,022-27721839,-,-
TERNA JR. COLLEGE OF EDUCATION, ,Maharashtra,-,-,-
Terna Mahavidyalaya (Arts Science & Commerce), ,Maharashtra,-,-,-
"Terna Medical College, Navi Mumbai",MUMBAI ,Maharashtra,022-27720563/27721442,terna_medical@hotmail.cm,www.ternatrust.org
"Terna Nursing College , Navi Mumbai",MUMBAI ,Maharashtra,-,-,-
Terna Public Charitable Trust's  Engineering College, ,Maharashtra,(02472)-251646,osd_coeinfo@sancharnet.in,www.coeosmanabad.com
Terna Public Charitable Trust's Terna Engineering College,MUMBAI ,Maharashtra,(022)-30980917,principal@terna.org,www.terna.org
TES Polytechnic, ,Karnataka,-,-,-
test,CHENNAI ,Tamil Nadu,-,-,-
TET's Thakur College of Science & Commerce, ,Maharashtra,-,-,-
Tetri Chandravansi College of Education, ,Jharkhand,-,-,-
Texcity Arts And Science College,COIMBATORE ,Tamil Nadu,-,-,-
"Texcity College Of Nursing , Coimbatore",COIMBATORE ,Tamil Nadu,-,-,-
"Texcity College of Pharmacy , Coimbatore",COIMBATORE ,Tamil Nadu,+914222410854,"trustoffice@texcityinstitutions.com,texcity@hclinfinet.com",www.texcityinstitutions.com
"Texcity School Of Nursing , Coimbatore",COIMBATORE ,Tamil Nadu,-,-,-
Texila American University, ,Tamil Nadu,422-4559900,texila.univ1@gmail.com,www.tauedu.org
Tezpur College,TEZPUR ,Assam,-,-,-
Tezpur Law College,TEZPUR ,Assam,-,tezpurlawcollege@gmail.com,-
Tezpur University,NAPPAM ,Assam,3712-267007/8/9,"mkc@tezu.ernet.in,webmaster@tezu.ernet.in",http://www.tezu.ernet.in
"TGLG.Polytechnic,Adoni", ,Andhra Pradesh,9912342042,-,-
Th. Biri Singh Mahavidyalaya, ,Uttar Pradesh,-,-,-
Thadomal Shahani Engineering College,MUMBAI ,Maharashtra,022-22024361/22840095,tsec@tsec.edu,www.tsec.edu
"Thai Moogambigai Dental College & Hospital , Chennai",CHENNAI ,Tamil Nadu,+91-44-65479959,-,www.tmdch.ac.in
Thai Moogambigai Polytechnic College,MADURAI ,Tamil Nadu,"044-26532961,044-65493593,9444011856",ksnallu@yahoo.com,drmgrdu@ac.in
Thai Moogambigai Polytechnic College, ,Tamil Nadu,"044-26532961,044-65493593,9444011856",ksnallu@yahoo.com,drmgrdu@ac.in
Thaimoogambigai Dental College & Hospital, ,Tamil Nadu,-,-,-
Thakral College of Technology,BHOPAL ,Madhya Pradesh,"0755-2685015-16,2729472",oist_bpl@sancharnet.in,www.oistbpl.com
Thakur Aidal Singh Smriti Kanya Mahavidyalaya, ,Uttar Pradesh,-,-,-
Thakur Chhedilal Government College, ,Chhattisgarh,-,-,-
Thakur College of Engineering & Technology,MUMBAI ,Maharashtra,(022)-28873257/28874057,tcet@thakureducation.org,www.thakureducation.org
Thakur Dharam Singh Tds College Education, ,Jammu and Kashmir,-,-,-
THAKUR DIN PATHAK SMRITI MAHAVIDYALAYA, ,Uttar Pradesh,-,-,-
THAKUR DURG PAL SINGH MEMORIAL TEACHER TRAINING COLLEGE, ,Rajasthan,-,-,-
Thakur Hari Prasad Institute of Research & Rehabilitation for the Mentally Handicapped,HYDERABAD ,Andhra Pradesh,"040-24046733,24045454,24044735",thpihyd@hotmail.com,-
Thakur Institute of Management Studies and Research, ,Maharashtra,9819592018,timsr@thakureducation.org,www.timsrmumbai.in
Thakur Jagdev Chand Memorial Government Degree College, ,Himachal Pradesh,-,-,-
Thakur Kripal Singh Memorial Degree College, ,Uttar Pradesh,-,-,-
Thakur Nigamanada Mohavidyalaya, ,Orissa,-,-,-
Thakur Panchanan Mahila Mahavidyalaya, ,West Bengal,-,-,-
THAKUR SHYAMNARAYAN COLLEGE OF EDUCATION AND RESEARCH (B.ED. COLLEGE), ,Maharashtra,"91-22-28462077,91-22-28852269",tscer@thakureducation.org,http://www.thakureducation.org
THAKUR TEACHER TRAINING COLLEGE, ,Himachal Pradesh,-,-,-
THAKUR TEACHER TRAINING COLLEGE, ,Himachal Pradesh,-,-,-
Thakur Yugraj Singh Law College, ,Uttar Pradesh,"05180-226408,09415032715",-,-
THALAPATHY COLLEGE OF EDUCATION, ,Tamil Nadu,-,-,-
Thambal Marik College, ,Manipur,-,-,-
THAMIL THAI TEACHER TRAINING INSTITUTE, ,Tamil Nadu,-,-,-
Thamilavel Umamaheswaranar Karanthai Arts College,THANJAVUR ,Tamil Nadu,-,-,-
Thamirabharani Engineering College, ,Tamil Nadu,+91462-2301266,-,www.tec-edu.in
Thammi Naidu Degree College,PALAKONDA ,Andhra Pradesh,08941–221144,-,-
Thamminaidu Vidya Degree College,SRIKAKULAM ,Andhra Pradesh,-,-,-
Thanapandian Polytechnic College,CHENNAI ,Tamil Nadu,-,-,-
THANBEEHUL ISLAM TEACHERS TRAINING, ,Kerala,-,-,-
"Thandra Paparaya Degree College, Vizianagaram",BOBBILI ,Andhra Pradesh,"08944–254800,254911",-,-
Thandra Paparaya Institute of Science & Technology,BOBBILI ,Andhra Pradesh,-,-,-
Thane Municiple Councils Law College,THANE ,Maharashtra,-,lawcollegethane@hotmail.com,-
Thangal Kunju Musaliar College, ,Kerala,-,-,-
Thangam Muthu Polytechnic College, ,Tamil Nadu,"04546235234,9865165996",	tmpc343@yahoo.com,-
Thangam Muthu Polytechnic College,MADURAI ,Tamil Nadu,"04546235234,9865165996",	tmpc343@yahoo.com,-
Thangavelu College Of Science & Management,CHENNAI ,Tamil Nadu,"044-24501408,24501409,24501045,24501377",tec@satyam.net.in,www.thangavelucolleges.com
Thangavelu Engineering College,CHENNAI ,Tamil Nadu,"044-24501377,24501045",tec@satyam.net.in,http://www.thangavelucolleges.com
Thanjavur Medical College,THANJAVUR ,Tamil Nadu,04362-240851/240951/240124,libtmc@md4.vsnl.net.in,-
"Thanjavur Medical College Hospital , School Of Nursing, Thanjavur",THANJAVUR ,Tamil Nadu,-,-,-
Thanthai Hans Roever College,PERAMBALUR ,Tamil Nadu,-,office@roevercollege.ac.in,-
THANTHAI HANS ROEVER COLLEGE EDUCATION, ,Tamil Nadu,-,-,-
Thanthai Hans Roever Institute Of Management,TRICHY ,Tamil Nadu,-,-,-
Thanthai Hans Roever Institute Of Management, ,Tamil Nadu,621212,info@ingeniousdatasolutions.com,www.roevertech.ac.in
Thanthai Periyar E.V.R. Government Polytechnic College,MADURAI ,Tamil Nadu,-,tpevr109@gmail.com,-
Thanthai Periyar Government Institute of Technology, ,Tamil Nadu,0416-2227762,info@tpgit.edu.in,www.tpgit.edu.in
"Thanthai Roever College Of Nursing , Perambalur",PERAMBALUR ,Tamil Nadu,-,-,-
"Thanthai Roever College Of Nursing , Perambalur",PERAMBALUR ,Tamil Nadu,-,-,-
"Thanthai Roever College of Pharmacy , Perambalur",PERAMBALUR ,Tamil Nadu,91-4328-278114,-,-
Thanthai Roever Inst.of  Polytechnic College, ,Tamil Nadu,"04328-278320,04328-276405,9443179605",roeverspoly@yahoo.co.in&roeverspoly@gamil.com,www.roeverpolytechnic.ac.in
Thanthai Roever Inst.of  Polytechnic College, ,Tamil Nadu,"04328-278320,04328-276405,9443179605",roeverspoly@yahoo.co.in&roeverspoly@gamil.com,www.roeverpolytechnic.ac.in
Thanthai Roever Institute Of Polytechnic College,VELLORE ,Tamil Nadu,-,-,-
"Thanthai Roever School Of Nursing, , Perambalur",PERAMBALUR ,Tamil Nadu,-,-,-
Thanthai Rover College of Physiotherapy,TRICHY ,Tamil Nadu,-,-,-
"Thapar College of Pharmacy , Dr.Shyam Lal Thapar Nursing , Moga",MOGA ,Punjab,"+91-9646132501,+91-9646132502,+91-96",mail@thaparfoundation.org,www.thaparfoundation.org
Thapar Institute Of Engineering Technology, ,Punjab,91-175-6419164,info@tiet.ac.in,www.tiet.ac.in
Thapar University, ,Punjab,+91-175-2393021,registrar@thapar.edu,www.thapar.edu
"Thasiah College Of Nursing , Kanyakumari",KANYAKUMARI ,Tamil Nadu,-,-,-
Thassim Beevi Abdul Kadar College For Women,RAMANATHAPURAM ,Tamil Nadu,-,-,-
THATAVATI IT & BUSINESS SCHOOL,KRISHNA ,Andhra Pradesh,-,-,-
"Thatha School Of Nursing , Hyderabad",HYDERABAD ,Andhra Pradesh,-,-,-
THAVATHIRU KUNDRAKUDI ADIGALA COLLEGE OF EDUCATION FOR WOMEN, ,Tamil Nadu,-,-,-
Thavathiru Santhalinga Adigalar Arts Science And Tamil College,COIMBATORE ,Tamil Nadu,-,tsaastcollege@yahoo.com,-
"The Academy Of Nursing Science & Hospital , Kedarpur", ,Madhya Pradesh,-,-,-
"The Academy Of Nursing Science And Hospital ,Gwalior",GWALIOR ,Madhya Pradesh,-,-,-
"The Academy Of Nursing Sciences & Hospital , Gwalior",GWALIOR ,Madhya Pradesh,0751-2437080,-,-
"The Academy Of Nursing Sciences And Hospital , Gwalior",GWALIOR ,Madhya Pradesh,-,-,-
The Adoni Arts Science College,ADONI ,Andhra Pradesh,"08512–230582,253849,98497-06269",aase01@yahoo.com,-
"The Amalapuram Degree College, Amalapuram",AMALAPURAM ,Andhra Pradesh,08856-230303,-,-
The American College,MADURAI ,Tamil Nadu,"91-452-2530070,2530967,2530973",ProfessionalEducation@theamericancollege.edu,-
THE ASIAN SCHOOL FOR TERACHER EDUCATION, ,Uttaranchal,-,-,-
The Assam Kaziranga University, ,Assam,+913762351433,-,http://www.kazirangauniversity.in/
The Assembly of God Church Teacher's Training Junior College, ,West Bengal,-,agcttjc@yahoo.com,-
"The Badagara Co operative Institute Of Nursing,Kozhikode",KOZHIKODE ,Kerala,-,-,-
THE BERKLEY COLLEGE, ,Punjab,0172-5032033/9988920020,chairman@theberkleycollege.com,www.theberkleycollege.com
THE BEST COLLEGE OF EDUCATION, ,Tamil Nadu,-,-,-
"The Bhaskar Pandurang Hivale Education Society's Institute of Management Studies, Career Development & Research", ,Maharashtra,(0)(0241)-0-2346532,imscdr_anr@sancharnet.in,www.imscdr.in
THE BHOPAL SCHOOL OF SOCIAL SCIENCE, ,Madhya Pradesh,-,-,-
THE BIJAPUR DIST. MINORITY NATIONALEDUCATION SOCIETY, ,Karnataka,-,-,-
The C N S Bank Arts And Sh B A Patel Sh D B Vyas Commerce College, ,Gujarat,-,-,-
The Calcutta Homoeopathic Medical College and Hospital, ,West Bengal,-,-,-
"The Calcutta Medical Research Institute , Kolkata",KOLKATA ,West Bengal,-,-,-
The Calcutta Technical School, ,West Bengal,2244-9550/4413,-,-
"The Capitol College Of Nursing , Bangalore",BANGALORE ,Karnataka,-,-,-
"The Capitol School Of Nursing , Bangalore",BANGALORE ,Karnataka,-,-,-
The Chikitsak Samute Sir Sitram And Lady Shantabai Patkar College, ,Maharashtra,-,-,-
The Christian Institute For Technical Education,TRICHY ,Tamil Nadu,-,info@cimrajkot.edu.in,-
The Christian Institute for Technical Education, ,Tamil Nadu,04553240202,cptcodc1@yahoo.co.in,www.cfchcambilikkai.org
"The City School Of Nursing , Bhopal",BHOPAL ,Madhya Pradesh,-,-,-
"The Clarke School for the Deaf, Sadhna",CHENNAI ,Tamil Nadu,044-28572422/28544910,clarkskn@md2.vsnl.net.in,-
THE CO-OPERATIVE TEACHERS TRAINING INSTITUTE, ,Pondicherry,-,-,-
The College of Law and Legal Aid,SHAHDOL ,Madhya Pradesh,07652-240862,-,-
The College Of Law And Legal Ed, ,Madhya Pradesh,-,-,-
The College of Law and Legal Ed, ,Madhya Pradesh,-,-,-
"The College Of Medical Technology , School Of Nursing , Ongole",ONGOLE ,Andhra Pradesh,"08592233845,09849804564/62",veds_1985@yahoo.co.in,www.vignaninstitutes.com
THE COLLEGE OF PHYSICAL EDUCATION, ,Gujarat,-,-,-
THE COLLEGE OF PHYSICAL EDUCATION, ,Gujarat,-,-,-
THE CONGREGATION OF THE FRANCISCAN SISTER OF THE PRESENTATION OF THE BLESSED VIRGIN MARY, ,Tamil Nadu,-,-,-
The Deaf and Dumb Relief Association,AMRAVATI ,Maharashtra,"0721-2573385,2572897",-,-
THE DEPARTMENT OF PHYSICAL EDUCATION, ,Punjab,175-3046598,dept.phy.edu.@gmail.com,-
The Dharmapuri District Co-Op. Sugar Mills Polytechnic College, ,Tamil Nadu,-,-,-
"THE ERODE COLLEGE OF PHARMACY,Erode", ,Tamil Nadu,"0424-2339929,",ecperode@hotmail.com,www.ecperode.in
"THE ERODE COLLEGE OF PHARMACY,Erode",ERODE ,Tamil Nadu,"0424-2339929,",ecperode@hotmail.com,www.ecperode.in
"The Evangelical Mission Hospital , Raipur",RAIPUR ,Chhattisgarh,-,-,-
"The Excellence College Of Nursing ,Vidisha",VIDISHA ,Madhya Pradesh,-,-,-
"The Excellence School Of Nursing Sciences And Research Hospital, Vidisha",VIDISHA ,Madhya Pradesh,-,-,-
"The Gandhigram Institute Of Rural Health & Famil Welfare Trust ,Dindigul",DINDIGUL ,Tamil Nadu,-,-,-
"The Gandhigram Institute of Rural Health And Family Welfare Trust , Ambathurai",DINDIGUL ,Tamil Nadu,0451�2452346,girhfwt@sancharnet.in,http://www.winentrance.com
"The Gandhigram Institute of Rural Health And Family Welfare Trust , Ambathurai",DINDIGUL ,Tamil Nadu,0451�2452346,girhfwt@sancharnet.in,http://www.winentrance.com
The Global Open University,DIMAPUR ,Nagaland,09342409955,info@tgouonline.com,www.tgouonline.com
The Glocal University, ,Uttar Pradesh,+918192004293,-,www.theglocaluniversity.in
The Goa Eduation Society Dhempe College Arts Science, ,Goa,-,-,-
THE GOOD SAMARITAN ELEMENTAR TEACHER TRAINING INSTITUTE, ,Tamil Nadu,-,-,-
The Government Guru Teg Bahadur College, ,Punjab,-,-,-
The Graduate School College for Women, ,Jharkhand,-,-,-
The Graduate School College Woman, ,Jharkhand,-,-,-
THE GRANTHAM COLLEGE PHYSICAL VIDISHA, ,Madhya Pradesh,-,-,-
"The Gujarat Cancer & Research Institute, Ahmedabad", ,Gujarat,"+91-79-22681433,22688017",gcriad1@bsnl.in,http://www.cancerindia.org/
The Guru Nank Vidyak Societys College Of Arts Science & Commerce, ,Maharashtra,-,-,-
The H N S Bank Ltd Science College, ,Gujarat,-,-,-
THE HINDU COLLEGE,MACHILIPATNAM ,Andhra Pradesh,-,-,-
"The Hindu College, Guntur",GUNTUR ,Andhra Pradesh,-,-,-
"The Hitech College Of Nursing,Bhubaneswar",BHUBANESWAR ,Orissa,-,-,-
The Hotel School Haldwani, ,Uttaranchal,7055516606,thehotelschoolhaldwani@gmail.com,http://thehotelschool.in
The Ideal Fine Arts Society College Of Visual Art, ,Karnataka,-,-,-
The Indian Polytechnic College , ,Tamil Nadu,"04637-232042,04637-231810,9791503280",info@rajas.edutipc_2007@yahoo.com,www.rajas.edu
THE INSTITUTE OF CERTIFIED MANAGEMENT ACCOUNTANTS OF INDIA,JAIPUR ,Rajasthan,"0141-4202466,2205924",ksgautam@yahoo.cm,-
The Institute of Chartered Financial Analysts of India University, ,Mizoram,0389-2361231/32,aizawl@iumizoram.edu.in,www.iumizoram.edu.in
The Institute Of Education, ,Karnataka,-,-,-
The Institute of Engineering and Emerging Technologies,SUNDER NAGAR ,Himachal Pradesh,01795-247353/247886,emergetech@indiatimes.com,-
THE INSTITUTE OF MANAGEMENT FOR STUDIES, ,Uttar Pradesh,-,-,-
The Institute Of Mathematical Science, ,Tamil Nadu,"91-44-22543100,22541856",-,www.imsc.res.in
THE INSTITUTE OF PROFESSIONAL EDUCATION & TECHNOLGY, ,Uttar Pradesh,-,-,-
"The Institute of Road Transport Perundurai Medical College, Perundurai",ERODE ,Tamil Nadu,04294-220910-13/220915,irtpmc@yahoo.co.in,-
"The Institute of Road Transport Perunthurai Medical College, Perunthurai",ERODE ,Tamil Nadu,04294-220910-13/220915,pmcrc@erd.tn.nic.in,-
The institute of Rural Education (IRE), ,Manipur,-,-,-
THE INTEGRAL UNIVERSITY, ,Uttar Pradesh,-,-,-
The Jijamata Mahavidyalaya, ,Maharashtra,-,-,-
The K.P.E. Socitys Law College, ,Karnataka,-,-,-
The K.P.E. Socitys Law College, ,Karnataka,-,-,-
THE KAGAL EDUCATION SOCIETYS B ED COLLEGE, ,Maharashtra,-,-,-
"The Karnataka College Of Nursing , Bangalore",BANGALORE ,Karnataka,-,-,-
"The Karnataka College Of Nursing , Bangalore",BANGALORE ,Karnataka,-,-,-
The Karur Polytechnic College,SALEM ,Tamil Nadu,-,principal@kce.edu.in,-
"The Karur Polytechnic College, Athur", ,Tamil Nadu,04324-226260,karurpolytechnic@gmail.com,-
THE KAVERY COLLEGE OF EDUCATION, ,Tamil Nadu,-,-,-
The Kavery College of Engineering, ,Tamil Nadu,"04298-279158,95249-28156,82156.","principal804@hotmail.com,tkec@rediffmail.com",www.kaveryengg.com.
The Kavery Engineering College,SALEM ,Tamil Nadu,04298-279158,tkec@rediffmail.com,www.kaveryengg.com
The Kavery Institude Of Tedchnology, ,Tamil Nadu,"04298278146,9524909156",kaverytech@rediffmail.com,-
The Kavery Polytechnic College,NAMAKKAL ,Tamil Nadu,"04298278156,9524990156",kaaverypoly@rediffmail.com,www.kaverypolytechnic.com
The Kavery Polytechnic College, ,Tamil Nadu,"04298278156,9524990156",kaaverypoly@rediffmail.com,www.kaverypolytechnic.com
The Kerala Law Academy Law College, ,Kerala,-,-,-
The Kevin Polytechnic College, ,Tamil Nadu,"04622484314,04622484315,9442316725",tkpcprincipal@yahoo.com,www.rajaas.edu
"The Khanaya Medical Mission , Menathottam Hospital, School Of Nursing", ,Kerala,-,-,-
The Konghu Polytechnic College, ,Tamil Nadu,"0427-2422212,0427-2422312,9942308177",principal1tkpc@yahoo.co.in,thekongucollege.org.
THE KRISHNA EDUCATION RESEARCH AND TECHNOLOGICAL INSTITUTE, ,Haryana,-,-,-
The Lallubhai Motilal College Pharmacy, ,Gujarat,-,-,-
The Lallubhai Motilal College Pharmacy, ,Gujarat,-,-,-
The Law Academy Law college, ,Kerala,-,-,-
The Law College,CUTTACK ,Orissa,-,-,-
"The Little Flower School Of Nursing , Hyderabad",HYDERABAD ,Andhra Pradesh,"040-24020762,32404050",-,-
THE LORDS UNIVERSAL COLLEGE OF EDUCATION, ,Maharashtra,-,-,-
The M T B Arts College, ,Gujarat,-,-,-
The M.D.T. Hindu College,TIRUNELVELI ,Tamil Nadu,-,-,-
The M.E.S. Arts And Commerce College, ,Karnataka,-,-,-
The Madurai Diravyam Thayumanavar Hindu College,TIRUNELVELI ,Tamil Nadu,91-462-2342054&2342914,-,http://www.mdthinducollegetirunelveli.org
THE MAHARASHTRA EDUCATION & SPORTS ACADEMY, ,Maharashtra,-,-,-
"The Mandvi Education Society Institute of Business Management and Computer Studies, Mandvi", ,Gujarat,"(02623)222462,9099063472,9327365853",mgmtmes@gmail.com,http://mestech.ac.in/
The Mothers Degree College For Women,HYDERABAD ,Andhra Pradesh,040–27427452,-,-
THE MRINALINI COLLEGE, ,Uttar Pradesh,-,-,-
THE MUDALGI EDUCATION SOCIETY S D.ED COLLEG, ,Karnataka,-,-,-
The Nalgonda Degree College,NALGONDA ,Andhra Pradesh,08682–228186,-,-
THE NATIONAL AND RURA EDUCATION ASSOCIATION, ,Karnataka,-,-,-
National Institute of Engineering, ,Karnataka,0821-2480475/2481220,principal@nie.ac.in,www.nie.ac.in
"The National Institute Of Engineering, Evening", ,Karnataka,-,-,-
The New College, ,Maharashtra,-,-,-
The New College,CHENNAI ,Tamil Nadu,-,-,-
The New Polytechnic College, ,Tamil Nadu,"0431-2695592,0431-2695590,9543097920",newpoly@yahoo.co.in,-
The New Royal College of Engineering & Technology,CHENNAI ,Tamil Nadu,044-27443116,-,-
THE NIBARK SHIKSHAN PRASHIKSHAN MAHAVIDYALAYA, ,Rajasthan,-,-,-
THE OXFORD COLLEGE OF  BUSINESS MGT,BANGALORE ,Karnataka,080-22452500080-26548658,oxfmgmtcollege@theoxford.edu,www.theoxford.edu
The Oxford College of Business Management, ,Karnataka,-,-,-
THE OXFORD COLLEGE OF EDUCATION, ,Karnataka,-,-,-
The Oxford College of Engineering, ,Karnataka,"080-22452855,26659532,30410501/02",info@theoxford.edu,http://www.theoxford.edu/
The Oxford College Of Hotel Management, ,Karnataka,"080-22452855,26659532,30410501/02",info@theoxford.edu,http://www.theoxford.edu/hotel_management/contact_
The Oxford College of Law, ,Karnataka,30266391,infor@theoxford.edu,www.theoxford.edu/college_of_law/
"The Oxford College of Pharmacy , Bangalore",BANGALORE ,Karnataka,080-30219801/02,info@theoxford.edu,www.theoxford.edu
The Oxford College of Science, ,Karnataka,-,-,-
"The Oxford Dental College , Bangalore",BANGALORE ,Karnataka,"080-30219601/02,30219701/02",info@theoxford.edu,http://www.theoxford.edu/dental
"The Oxford Institute of Pharmacy , Bangalore",BANGALORE ,Karnataka,"080-22452855,26659532,30410501/02",info@theoxford.edu,www.theoxford.edu
The Oxford Polytechnic, ,Karnataka,080-22452500-04,-,-
THE PEDANANDIPADU COLLEGE OF ARTS & SCIENCE,GUNTUR ,Andhra Pradesh,-,-,-
"The Pharmaceutical College , Bargarh",BARGARH ,Orissa,"06646-256369,256401","pharmabarpali@yahoo.com,pharmabarpali@rediffmail.com",www.pharmabarpali.org
THE PINNACLE SCHOOL, ,Delhi,-,-,-
The Poona Dioccsan Education Societys Vidya Bhavan College Of Commerce, ,Maharashtra,-,-,-
"The Poona School & Home for the Blind, Teachers Training Centre", ,Maharashtra,020-2622686,-,-
THE POST GRANDUNTE COLLEGE, ,Uttar Pradesh,-,-,-
THE PRESIDENCY COLLEGE OF EDUCATION, ,Karnataka,-,-,-
The Quaide Milleth College For Men,KANCHIPURAM ,Tamil Nadu,-,-,-
The Rajaas Engineering College, ,Tamil Nadu,"04637-230066,230142,231810,231811",info@rajas.edu,www.rajas.edu
The Rajiv Gandhi National University of Law, ,Punjab,"0175-2304188,2304491,2221002",info@rgnul.ac.in,http://www.rgnul.ac.in
The Ramakrishna Mission Blind Boys Academy, ,West Bengal,24772201,bbarkm@vsnl.net,-
THE REGENCY COLLEGE O EDUCATION, ,Karnataka,-,-,-
The Regency PU College, ,Karnataka,08023642370/08064502511,theregencypucollege@gmail.com,www.regencyinstitutions.com
The Richmond Fellowship Post Graduate College For, ,Karnataka,-,-,-
The Richmond Fellowship Society (India),BANGALORE ,Karnataka,080-26645583/26672983/26342075,rfsindia@vsnl.com,-
The Rural College, ,Karnataka,-,-,-
THE RURAL EDUCATION SOCIETY(REGD.), ,Karnataka,-,-,-
The Salem Co Op Sugar Mills Polytechnic College, ,Tamil Nadu,04286255211,scsmpc@gmail.com,-
The Salem Co-Operative Sugar Mills Polytechnic College,SALEM ,Tamil Nadu,-,principal@scsmptc.com,-
The Salem Polytechnic College, ,Tamil Nadu,"04272281170,04272281673,	9791850390",tspt_slm@yahoo.com,www.salempolytechnic.org
"The Salvation Army Catherine Booth Hospital , School Of Nursing, Nagercoil",NAGARCOIL ,Tamil Nadu,-,-,-
"The Salvation Army, Mac Robert Hospital, School Of Nursing , Gurdaspur",GURDASPUR ,Punjab,-,-,-
THE SCHOLARS ARENA GIRLS TEACHER TRAINING COLLEGE, ,Rajasthan,-,-,-
The School of Indian Legal Thought,KOTTAYAM ,Kerala,"0481-2310165,2312868",mgu@mgu.ac.in,www.mguniversity.edu
"The School Of Nursing, Porompat Under The , Modern Clinic & Village Ind.Imphal",IMPHAL ,Manipur,-,-,-
"The School Of Nursing,Kozhikode",KOZHIKODE ,Kerala,-,-,-
The School of P.G. Studies In Law,RAIPUR ,Chhattisgarh,0771-2262540,comprsu@bomb.vsnl.net.in,-
The Selvam Women Excellence Engineering Technology, ,Tamil Nadu,04312680210,principal.smw@gmail.com,www.jscollege.org
The Sethupathy Government Arts College,RAMANATHAPURAM ,Tamil Nadu,-,-,-
The Shripur Education Society's RC Patel Institute of Technology, ,Maharashtra,-,-,-
THE SOUTH INDIAN EDUCATION SOCIETY SIES COLLEGE OF MANAGEMENT STUDIES,THANE ,Maharashtra,(0)(022)-27708373/76/77,sies@siescoms.edu,www.siescoms.edu
The Spastic Society of Tiruchirapalli,TRICHY ,Tamil Nadu,"0431-2772001,Mob-09345230582,",pasticsociety_trichy@yahoo.in,www.spastictrichy.com
The Spastics Society of India,BHANDARA ,Maharashtra,-,-,-
The Standard Fire Works Rajaratnam College For Women,SIVAKASI ,Tamil Nadu,-,-,-
The Surabi College Of Polytechnic, ,Tamil Nadu,04286268844,surabipolytech@yahoo.co.in,www.surabhiinstitutions.com
The Techno School, ,Orissa,"0674-2472525,2471416",contact@tts.ac.in,http://www.tts.ac.in/
The Temple of Hahnemann Homoeopathic Medical College,MUNGER ,Bihar,-,-,-
THE THASSIM BEEVI ABDUL KHADER COLLEGE FOR WEMENS,RAMANATHAPURAM ,Tamil Nadu,-,-,-
The Ugar Education Trusts Arts & Comme Ugar, ,Karnataka,-,-,-
"The Unity Institute Of Nursing Sciences , Chitradurga",CHITRADURGA ,Karnataka,-,-,-
The Unity Law College,NAINITAL ,Uttaranchal,"05944-244205,987343222",-,-
THE VYSYA COLLEGE OF EDUCATION, ,Tamil Nadu,-,-,-
The WB National University of Juridical Sciences, ,West Bengal,033-23350534/7379/0765,nujs@cal3.vsnl.net.in,-
The Winners Polytechnic College, ,Tamil Nadu,"04202221884,04202221883,	9884142506",	thewinnerspolytechnic@gmail.com,	www.winnerspolytechnic.org
"The Yash Foundations Institution Of Nursing & Medical Research Institute , Ratnagiri",RATNAGIRI ,Maharashtra,-,-,-
"The Yash Foundations School Of Nursing,Ratnagiri",RATNAGIRI ,Maharashtra,-,-,-
The YMCA College of Physical Education Nandanam,CHENNAI ,Tamil Nadu,044-24344816/24355311/24337983,-,-
The Younis Sultan College Of Engineering,CHEVELLA ,Andhra Pradesh,-,-,-
THEERA JYOTHI TEACHER TRAINING INSTITUTE, ,Kerala,-,-,-
Theivanai Ammal College for Women,VILLUPURAM ,Tamil Nadu,-,info@tacw.in,-
THEIVIKA THIRUMURUGAN PASUMPO THEVAR TEACHER TRAINING, ,Tamil Nadu,-,-,-
THELLAR COLLEGE OF EDUCATION, ,Tamil Nadu,-,-,-
Theni College Of Arts And Science,THENI ,Tamil Nadu,-,-,-
"Theni Government Medical College, Theni",THENI ,Tamil Nadu,04546-244502,gtmch07@gmail.com,-
Theni Kammavar Sangam College of Technology,THENI ,Tamil Nadu,"(04546)250496,(04546)250497",admin@tkscte.in/chairman@tkscte.in/secretary@tksct,www.tkscte.in
Theni Kammavar Sangam Polytechnic College, ,Tamil Nadu,"04546250841,04546250842,	9443208133",tkspoly@yahoo.co.in,-
"Theophilus College Of Nursing , Kottayam",KOTTAYAM ,Kerala,-,-,-
Theosophycal Women First Grade College, ,Karnataka,-,-,-
Thevanesam Erudhaya Ammal Polytechnic College, ,Tamil Nadu,"04638262125,04638262135,9941501372",	tepc2k11@ymail.com,	www.thevaerudhayamtrust.ac.in
Thiagarajar College,MADURAI ,Tamil Nadu,+914522311875,"registrar@tce.edu,pnatharaja@tce.edu,principaltca",www.tcarts.in
THIAGARAJAR COLLEGE OF EDUCATION, ,Tamil Nadu,-,-,-
Thiagarajar College of Engineering,MADURAI ,Tamil Nadu,"0452-2482430,2482240,2482241,2482242",tce@vsnl.com,http://www.tce.edu/
Thiagarajar College of Preceptors,MADURAI ,Tamil Nadu,-,-,-
THIAGARAJAR COLLEGE OF PRECEPTORS, ,Tamil Nadu,-,-,-
Thiagarajar Polytechnic College,ERODE ,Tamil Nadu,"0427-4099399,0427-2447552,9442269599",slm_tpt@sancharnet.in,www.tpt.edu.in
Thiagarajar Polytechnic College, ,Kerala,"0480-2751346,0480-2751659",mail@thiagarajarpolytechnic.org,www.thiagarajarpolytechnic.org
Thiagarajar Polytechnic College, ,Tamil Nadu,"0427-4099399,0427-2447552,9442269599",slm_tpt@sancharnet.in,www.tpt.edu.in
Thiagarajar School of Management,MADURAI ,Tamil Nadu,-,-,-
THIAGI DHARMAKKAN AMIRTHAM COLLEGE OF EDUCATION, ,Tamil Nadu,-,-,-
THIMEGOWDA COLLEGE OF TEACHERS, ,Karnataka,-,-,-
THIRAVIUM COLLEGE OF EDUCATION, ,Tamil Nadu,-,-,-
"Thiravium College Of Nursing , Theni",THENI ,Tamil Nadu,-,-,-
Thiru A. Govindaswamy Government Arts College,VILLUPURAM ,Tamil Nadu,-,-,-
THIRU G V C COLLEGE OF EDUCATION, ,Tamil Nadu,-,-,-
Thiru Kolangiappar Government Arts College,CUDDALORE ,Tamil Nadu,-,-,-
Thiru Ramakrishna Nallammai Polytechnic College,TRICHY ,Tamil Nadu,"04258230333,04258320099,9443215135",	INFO@TRNPOLYTECHNIC.COM,www.trnpolytechnic.com
Thiru Ramakrishna Nallammai Polytechnic College, ,Tamil Nadu,"04258230333,04258320099,9443215135",	INFO@TRNPOLYTECHNIC.COM,www.trnpolytechnic.com
Thiru Seven Hills Polytechnic College,DHARMAPURI ,Tamil Nadu,"04424764492,04424764632,9884300424",tshp373yahoocom,wwwtshpccom
Thiru Seven Hills Polytechnic College, ,Tamil Nadu,"04424764492,04424764632,9884300424",tshp373yahoocom,wwwtshpccom
Thiru-Vi-Ka Government Arts College,TIRUVARUR ,Tamil Nadu,-,-,-
Thirumagal Polytechnic College, ,Tamil Nadu,04427190870,thirumagalpolytechnic@gmail.com,www.thirumagalpolytechnic.com
THIRUMALA COLLEGE OF EDUCATION, ,Tamil Nadu,-,-,-
Thirumala Devaswom Board  Medical College, ,Kerala,-,-,-
Thirumala Devaswom Board Medical College, ,Kerala,-,-,-
Thirumalai Engineering College, ,Tamil Nadu,"044-27277898,27277866,37208044",thirumalaiengg1999@yahoo.co.in,www.thirumalaiengg.in
Thirumalai Madhanur Polytechnic College, ,Tamil Nadu,"04174-256798,9043525530,9043525530",thmpcvellore@gmail.com,	www.thirumalaimadhanurpolytechniccollege.com
THIRUMALAI SRINIVASA COLLEGE, ,Tamil Nadu,-,-,-
"Thirumalai Srinivasa Para Medical Institution , School Of Nursing, Trichy",TRICHY ,Tamil Nadu,-,-,-
THIRUMALAI TEACHER TRAINING INSTITUTE, ,Tamil Nadu,-,-,-
Thirumathi Elizabeth Polytechnic College,CHENNAI ,Tamil Nadu,"04328292273,04328292234,9442870105",	tepa2anm@yahoo.co.in,www.elizabethpoly.org
Thirumathi Elizabeth Polytechnic College, ,Tamil Nadu,"04328292273,04328292234,9442870105",	tepa2anm@yahoo.co.in,www.elizabethpoly.org
Thirumurugan Arts And Science College,CHENNAI ,Tamil Nadu,-,-,-
Thirupattur Arts And Science College,VELLORE ,Tamil Nadu,-,-,-
Thiruthangal Nadar College,CHENNAI ,Tamil Nadu,-,tnc_98@yahoo.com,-
Thiruthani Polytechnic College, ,Tamil Nadu,"04427864990,9994640777",	tiruttani556@gmail.com,www.tptc.com
Thiruvalluvar Arts And Science College,CUDDALORE ,Tamil Nadu,-,-,-
Thiruvalluvar College,TIRUNELVELI ,Tamil Nadu,-,-,-
THIRUVALLUVAR COLLEGE OF EDUCATION, ,Tamil Nadu,-,-,-
Thiruvalluvar College of Engineering and Technology,TIRUVANNAMALAI ,Tamil Nadu,04183-225986,admin@tiruvalluvar.net,-
Thiruvalluvar Government Arts College,NAMAKKAL ,Tamil Nadu,-,Principaltgac@gmail.com,-
Thiruvalluvar Government Arts College,NAMAKKAL ,Tamil Nadu,04287-231802,Principaltgac@gmail.com,www.tgacrasi.org
"Thiruvalluvar Polytechnic College, Vellamadai", ,Tamil Nadu,0422-2903450,tpccbe110@yahoo.com,-
THIRUVALLUVAR TEACHER TRAINING INSTITUTE, ,Tamil Nadu,-,-,-
Thiruvalluvar University, ,Tamil Nadu,91-416-2217778,contact@tvuni.in,www.tvuni.org
"Thiruvarur Govt. Medical College, Thiruvarur", ,Tamil Nadu,04366-244486,deantvr@tn.gov.in,-
ThockchomIbotombi Institute of Teacher Education and Training, ,Manipur,-,-,-
Thompson WomensSecondary Training School, ,Orissa,0671-2419651,headmistress.twti@gmail.com,www.thompsoncuttack.org
THOMS CANGAN MEMORIAL TEACHER TRAINING COLLEGE, ,Rajasthan,-,-,-
"Thoothukudi Medical College, Thoothukudi", ,Tamil Nadu,"0461-239598,2321051",-,-
Thoubal College, ,Manipur,-,-,-
THOZHILATHIBAR TEACHER TRAININGINSTITUTE, ,Tamil Nadu,-,-,-
THREE DOTS GIRLS TRAINING COLLEGE, ,Uttar Pradesh,-,-,-
"Thrupti Institute Of Nursing , Bangalore",BANGALORE ,Karnataka,-,-,-
THUNCHAN SMARAKA TEACHER TRAINING INSTITUTE, ,Kerala,-,-,-
Thushara Degree College,HANAMAKONDA ,Andhra Pradesh,"0870–2540771,2542213","thusharadegreecollege@yahoo.com,thusharapgcollege@yahoo.in",-
Thushara Pg School Of Information Science,WARANGAL ,Andhra Pradesh,-,-,-
TI MES COLLEGE OF EDUCATION, ,Madhya Pradesh,-,-,-
Tihu College, ,Assam,-,-,-
Tikaram Jagannath Arts Commerce & Science College, ,Maharashtra,-,-,-
TIKARAM TEACHER TRAINING COLLEGE, ,Haryana,-,-,-
Tikka Ram College Education, ,Haryana,-,-,-
Tilak Ayurved Mahavidyalaya, ,Maharashtra,-,-,-
Tilak College Of Education, ,Maharashtra,-,-,-
Tilak Degree College, ,Uttar Pradesh,-,-,-
Tilak Dhari Mahavidyalaya,JAUNPUR ,Uttar Pradesh,260939,-,-
Tilak Dhari Mahila Mahavidyalaya, ,Uttar Pradesh,-,-,-
Tilak Dhari PG College, ,Uttar Pradesh,-,-,-
"Tilak Maharashtra University, Institute Of Nursing Education & Research , Pune",PUNE ,Maharashtra,-,-,-
Tilak Maharashtra Vidyapeeth, ,Maharashtra,910212466068,tmv@tmv.ernet.in,www.tmv.edu.in
TILAK MAHARASHTRA VIDYAPEETH, ,Maharashtra,-,-,-
TILAK NATH POST GRADUATE COLLEGE, ,Uttar Pradesh,-,-,-
TILAK POST GRADUATE COLLEGE, ,Uttar Pradesh,-,-,-
TILAK POST GRADUATE COLLEGE, ,Uttar Pradesh,-,-,-
TILAK POST GRADUATE MAHAVIDYALAYA, ,Uttar Pradesh,-,-,-
TILAK RAJ CHADHA INST. OF MGT. & TECH, ,Haryana,"01732-220103,01732-234110",info@timt.ac.in,http://www.timt.ac.in
TILAK RAM SAINI DEGREE COLLEGE FOR GIRLS, ,Uttar Pradesh,-,-,-
TILAK TEACHERS TRAINING COLLEGE FOR WOMENS, ,Rajasthan,-,-,-
Tilaka Dhari Mahavidhyalaya,JAUNPUR ,Uttar Pradesh,-,principal@tdmahilacollege.org.in,-
TILAKDHARI MAHAVIDHYALYA, ,Uttar Pradesh,-,-,-
Tilka Manjhi Bhagalpur University, ,Bihar,"0641-2422109,0641-2500803",ashokeksahya@yahoo.com,www.tmbu.org
Tilkayat Shree Govindlal Government Shastri Sanskrit College, ,Rajasthan,-,-,-
TIM TRAINING COLLEGE, ,Kerala,-,-,-
TIMES MAHILA SHIKSHA MAHAVIDYALAYA, ,Rajasthan,-,-,-
TIMES PREPRIMARY TEACHER TRAINING INSTITUTE, ,Karnataka,-,-,-
Tingkhong College, ,Assam,-,-,-
Tinsukia College, ,Assam,-,-,-
Tinsukia Commerce College, ,Assam,-,-,-
Tinsukia Law College,TINSUKIA ,Assam,0374-2333221,-,-
"Tippu Shaheed Institute Of Technology, Hubli", ,Karnataka,+91-0836-2205697,principal.tsit@rediffmail.com,http://www.tippushaheedpolytechnic.com
"Tipu Sultan College of Pharmacy , GULBARGA",GULBARGA ,Karnataka,0-25817,-,-
Tirap Government College,TIRAP ,Arunachal Pradesh,-,-,-
"Tirath Ram Shah Hospital , Delhi",DELHI ,Delhi,-,-,-
"Tirhut Anm Training School , Muzaffarpur",MUZAFFARPUR ,Bihar,-,-,-
Tirpude College of Social Work, ,Maharashtra,-,-,-
Tirpude Institute Of Management Education, ,Maharashtra,"+917122525781,2521932",info@tirpude.edu.in,http://www.tirpude.edu.in
Tirthankar Anglo Vedic Institute Of Technical Education, ,Madhya Pradesh,"07622-268593,268579",tavite_mca@yahoo.com,-
Tirukkovilur College Of Arts And Science,VILLUPURAM ,Tamil Nadu,-,-,-
"Tirumala College Of Nursing , Nizamabad",NIZAMABAD ,Andhra Pradesh,-,-,-
"Tirumala College Of Nursing,Vizianagaram",VIZIANAGARAM ,Andhra Pradesh,-,-,-
TIRUMALA DEVASWOM TEACHER TRAINING INSTITUTE, ,Kerala,-,-,-
Tirumala Engineering College, ,Andhra Pradesh,08647-219083,"tecnrt@gmail.com,tecnrt.alumni@gmail.com",http://www.tmecnrt.org/
Tirumala Polytechnic College, ,Tamil Nadu,"04175311600,04175311800,9443811612",tirumalaptcollege@gmail.com,	www.tirumalapolytechniccollege.com
"Tirumala School Of Nursing , Armoor",ARMOOR ,Andhra Pradesh,-,-,-
"Tirumala School Of Nursing , Nizamabad",NIZAMABAD ,Andhra Pradesh,-,-,-
"Tirumala School Of Nursing , Nizamabad",NIZAMABAD ,Andhra Pradesh,-,-,-
"Tirumala School Of Nursing , Vizianagaram",VIZIANAGARAM ,Andhra Pradesh,+91-8922-223921,drtirumala@yahoo.com,www.tirumalahospitals.com
"Tirumalla Anm Nursing School,Latur",LATUR ,Maharashtra,-,-,-
Tirunelveli Medical College, ,Tamil Nadu,91-462-2572733,me@tvmc.ac.in,www.tvmc.ac.in
"Tirunelveli Medical College Hospital,Tirunelveli",TIRUNELVELI ,Tamil Nadu,-,-,-
Tirunelvelli Dakshina Mara Nadar Sangam College,TIRUNELVELI ,Tamil Nadu,-,-,-
"Tirupati College of Pharmacy , Ratia", ,Haryana,"092155-44124,094163-69019",tirupatiedu@rediffmail.com,www.tirupatiedu.org
Tirupati college of polytechnic and Pharmacy, ,Haryana,01697-290878,tirupatiedu@rediffmail.com,-
Tirupati College of Technical Education, ,Rajasthan,01416593398,college@gmail.com,http://tirupaticollege.com
TIRUPATI INSTITUTE OF SCIENCE & TECHNOLOGY, ,Uttar Pradesh,-,-,-
"Tirupati Nursing School,Parbhani", ,Maharashtra,-,-,-
"Tirupati School Of Nursing , Bhopal",BHOPAL ,Madhya Pradesh,-,-,-
TIRUPATTIJA TEACHER TRAINING INSTITUTE, ,Tamil Nadu,-,-,-
Tirupattur Polytechnic College,TIRUVANNAMALAI ,Tamil Nadu,"04179-223438,04179-221324,9443437487",gponnusamy@yahoo.com.in,-
Tirupattur Polytechnic College, ,Tamil Nadu,"04179-223438,04179-221324,9443437487",gponnusamy@yahoo.com.in,-
"Tiruppur Kalaimagal College of Pharmacy , Tirupur",TIRUPUR ,Tamil Nadu,-,-,-
Tiruppur Kumaran College For Women,COIMBATORE ,Tamil Nadu,-,kumarancoll@tkcfw.ac.in,-
TIRUPTI TEACHER TRAINING COLLEGE, ,Haryana,-,-,-
Tiruttani Polytechnic College,VELLORE ,Tamil Nadu,-,-,-
"Tiruvalla Medical Mission School Of Nursing,Pathanamthitta",PATHANAMTHITTA ,Kerala,-,-,-
TITIKSHA INSTITUTE OF EDUCATION, ,Delhi,-,-,-
TITIKSHA INSTITUTE OF EDUCATION, ,Uttar Pradesh,-,-,-
TITUS II TEACHER COLLEGE, ,Kerala,-,-,-
Titus Ii Teachers Training College, ,Kerala,-,-,-
Tiyyagura Sita Rami Reddy Degree College,GUNTUR ,Andhra Pradesh,08649–255094,-,-
TJ Institute of Technology, ,Tamil Nadu,"044-24501408,24501409",tjinstitute@sify.com,http://www.thangavelucolleges.com
TJS Engineering College,TIRUVALLUR ,Tamil Nadu,"044-27900080,27967605,27967606,27967600",tjsivanandam@ymail.com,www.tjsenggcollege.com
TKM Institute of Management, ,Kerala,"0474-2482465,2482466","placement@tkmim.org,mailinfo@tkmim.org",www.tkmim.org
TKR College of Engineering and Technology,HYDERABAD ,Andhra Pradesh,"040-65587536,040-65347536","info@tkrcet.ac.in,tkrcet@rediffmail.com",-
TMAE COLLEGE OF PHYSICAL EDUCATION, ,Karnataka,-,-,-
TMI Academy, ,Delhi,011-41001317/46528258/24337744,tmiacademy@gmail.com,www.tmiacademy.co
TMSS College of Management, ,Andhra Pradesh,"040-24446391,040-24446525",vdcit_vdes@rediffmail.com,http://tmss.vidyadayinigroup.com/
TMV''s Institute Of Hotel Management & Catering Technology, ,Maharashtra,020-24454866/24433290,registrar@tmv.edu.in,http://www.tmv.edu.in/
TNB Law College, ,Bihar,-,-,-
"Tnrlm Institute Of Medical Sciences, , Sch. Of Nsg.,Tirunelveli",TIRUNELVELI ,Tamil Nadu,-,-,-
Toc H Institute of Science and Technology,ERNAKULAM ,Kerala,0484-2738126/2738125,mail@tistcochin.edu.in,www.tistcochin.edu.in
TOGARI SARVAMANGALAMMA PRE PRIMARY TTI, ,Karnataka,-,-,-
Tolani College Arts And Science, ,Gujarat,-,-,-
Tolani Commerce College, ,Gujarat,-,-,-
Tolani Institute of Law, ,Gujarat,02836-260080,till@tolani.org,www.tolani.org
"Tolani Institute of Pharmacy , ADIPUR KACHCHH", ,Gujarat,+91-2836-260491,tip@tolani.org,www.tolani.org
TOM PATRICK INSTITUTE OF COMPUTER & INFORMATION TECHNOLOGY,AURANGABAD ,Maharashtra,(0)(240)-2882065,tpicit_abad@yahoo.com,www.tpicit.ac.in
Tomi Polytechnic College, ,Arunachal Pradesh,(03795)226796,tomipolytechnic@rediffmail.com,http://tomipoly.ac.in/
Tontadarya college of Engineering, ,Karnataka,08372-236933/32445/34583,tcegadag@rediffmail.com,http://tce.ac.in/
Topiwala National Medical College,MUMBAI ,Maharashtra,022-23027000,administrator@tnmcnair.com/tnmcnairhospital@gmail,www.tnmcnair.com
Toshniwal Arts and Commerce College, ,Maharashtra,-,-,-
"Town Polytechnic, Balia", ,Uttar Pradesh,05498-240128,tpballia@yahoo.com,http://www.townpolytechnicballia.com/
Training centre for Teachers of the Visually Handicapped,BHUBANESWAR ,Orissa,-,-,-
Training centre for Teachers of the Visually Handicapped,LUDHIANA ,Punjab,-,-,-
"Training Centre for Teachers of Visually Handicapped,Secunderabad",SECUNDERABAD ,Andhra Pradesh,040-24734873/24619048,Zangam@hotmail.com,-
"Training Centre for the teachers of the Blind, Kadam Kuan",PATNA ,Bihar,-,-,-
Training Centre for the Teachers of the MR Nilachal Seva Pratishthan,PURI ,Orissa,06752-240137/138/139,-,nsp_india@sify.com
Training College for Teachers of the Deaf,LUCKNOW ,Uttar Pradesh,0522-2267458	,-,-
Training College for Teachers of the Deaf & Blind,GANDHI NAGAR ,Gujarat,079-26586138,-,-
Training College for the Teachers of the Deaf,KOLKATA ,West Bengal,033-23501058,-,-
"Training College Of Nursing , Pune",PUNE ,Maharashtra,-,-,-
Training Institute of Multi Rehabilitation Technology, ,Kerala,0481-2725980,mrtinstitute@gmail.com,mrtinstitute.com
Training Institute of Multi Rehabilitation Technology Mercy Home,KOTTAYAM ,Kerala,0481-2720980,chymercyhome@hotmail.com,-
"Training School Of Nursing , Akola",AKOLA ,Maharashtra,-,-,-
"Training School Of Nursing , Dhule",DHULE ,Maharashtra,-,-,-
"Training School Of Nursing,Sindhudurg",SINDHUDURG ,Maharashtra,-,-,-
"Training School Of Nursing A N M,Nasik", ,Maharashtra,-,-,-
"Training School Of Nursing,Jalna",JALNA ,Maharashtra,-,-,-
"Training School Of Nursing,Pune",PUNE ,Maharashtra,-,-,-
"Training School Of Nursing,Sindhudurg",SINDHUDURG ,Maharashtra,-,-,-
Traininig Centre for Teacher of Hearing Impaired (TCTHI),NAGPUR ,Maharashtra,"00712-6464348,2249152",nawph.ngp@gmail.com,-
Tranquebar Biship Maniokam Lutheeran College, ,Tamil Nadu,-,-,-
TRANSFORMATION INSTT. OF MANAGERIAL SCIENCE,MANGALORE ,Karnataka,0824-2455340/42838480824-2218969,timemba@rediffmail.,-
TRANSLAM COLLEGE OF EDUCATION, ,Uttar Pradesh,-,-,-
Translam College of Law,MEERUT ,Uttar Pradesh,"91-121-2620006,07,08",info@translam.com,www.translam.com
Translam Institute of Technology and Management, ,Uttar Pradesh,121-6454278,btech@translam.com,www.titm.translam.com
Travancore Business Academy, ,Kerala,"9544588111,9020655111",info@tbaedu.com,http://www.tbaedu.com
"Travancore College Of Nursing , Kollam",KOLLAM ,Kerala,-,-,-
Travancore Engineering College,KOLLAM ,Kerala,0474-2467235/2466334,tec_ayoor@sancharnet.in,www.tec-engg.com
"Travancore Medical College, Kollam", ,Kerala,"0474-2729393,2726161,2724411,",drhariharan@gmail.com,www.travancoremedicalcollege.com
"Travancore School Of Nursing,Kollam",KOLLAM ,Kerala,-,-,-
"Tri Murti Instt For General Paramedical & Nursing Sciences , Gwalior",GWALIOR ,Madhya Pradesh,-,-,-
"Tribal Anm Training School , Ranchi",RANCHI ,Jharkhand,-,-,-
"Tribal College Of Nursing,Ranchi", ,Jharkhand,0651-2461794,info@tswspanchwati.com,www.tswspanchwati.com/
TRIBHUAN SINGH HARIHAR SINGH DEGREE COLLEGE, ,Uttar Pradesh,-,-,-
Tribhuvan Singh Harihar Singh Degree College, ,Uttar Pradesh,-,-,-
"Trichur Metropolitan Hospital , School Of Nursing,Thrissur",TRICHUR ,Kerala,-,-,-
Trichy Engineering College,TRICHY ,Tamil Nadu,"0431-2650541,2650540,2560266",trichyenggcollege@rediffmail.com,www.trichyengineeringcollege.com
Trident Academy of Technology, ,Orissa,0674-3296530/2742599/2741853,tactindia@yahoo.com,www.tat.ac.in
TRIDENT COLLEGE OF EDUCATION, ,Uttar Pradesh,-,-,-
"Trident Educational Society Valley College of Pharmacy , Bangalore",BANGALORE ,Karnataka,-,-,-
Trident Institute Of Information Technology, ,Uttar Pradesh,-,-,-
Trilok Nath Degree College, ,Uttar Pradesh,-,-,-
TRILOK SINGH TEACHERS TRAINING COLLEGE, ,Rajasthan,-,-,-
Trimurti Law College,GWALIOR ,Madhya Pradesh,9827063537,-,-
TRIMURTI PAWAN PRATISHTHAN, ,Maharashtra,-,-,-
Trinity College For Women,NAMAKKAL ,Tamil Nadu,-,-,-
TRINITY COLLEGE OF EDUCATION, ,Uttaranchal,-,-,-
Trinity College Of Engineering &Technology, ,Andhra Pradesh,"0878?2222689,6451394",principal@trinityenggknr.com,www.trinityenggknr.com
"Trinity Degree College, Pedapalli",PEDDAPALLI ,Andhra Pradesh,-,-,-
"Trinity Degree College, Ramagundam",RAMAGUNDAM ,Andhra Pradesh,-,-,-
TRINITY INSTITUTE FOR HIGHER EDUCATION, ,Delhi,-,-,-
TRINITY INSTITUTE OF PROFESIONAL STUDIES, ,Delhi,-,trinityinst@gmail.com,www.trinity.edu.in
"Trinity Nursing School , Chhindwara", ,Madhya Pradesh,-,-,-
TRINITY PG COLLEGE,KHAMMAM ,Andhra Pradesh,-,-,-
Trinity Teacher Training College, ,Manipur,-,-,-
TRINITY WOMENS TEACHERS TRAINING COLLEGE, ,Rajasthan,-,-,-
"Tripolia School Of Nursing , Patna",PATNA ,Bihar,-,-,-
Tripura Engineering College, ,Tripura,0381-2346630/2354518,tec@trp.nic.in,www.tec.nic.in
Tripura Govt. Law College,AGARTALA ,Tripura,"0381-374801,374803,374804",-,-
"Tripura Institute Of Paramedical Sciences,Tripura", ,Tamil Nadu,-,-,-
Tripura Institute Of Technology, ,Tripura,0381-2342-330/322/336/249,mail2tit@gmail.com,http://titagartala.nic.in/
"Tripura Medical College And Dr. B R A M Teaching Hospital, Agartala", ,Tripura,0381-2376657,sio-trpr@nic.in,www.tmc.nic.in
"Tripura Sundari College Of Nursing , Tripura West",TRIPURA ,Tripura,-,-,-
Tripura University, ,Tripura,"03812374801,4803",triadmin@sancharnet.in,http://www.tripurauniv.in/
TRISHA TEACHER TRAINING COLLEGE, ,Himachal Pradesh,-,-,-
Triveni Arts & Science College,KODAD ,Andhra Pradesh,08683–256288,-,-
Triveni Debi Bhalotia College, ,West Bengal,-,-,-
"Triveni Degree College, Jangareddyygudem",JANGAREDDIGUDEM ,Andhra Pradesh,08821-225238,-,-
"Triveni Institute of Dental Sciences, Hosptial & Research Centre , Bilaspur",BILASPUR ,Chhattisgarh,09755012365,"pro@trivenidental.com,principal@trivenidental.com,ao@trivenidental.com",http://mahavirglobal.com
Triveni Mahila (Sdmsm) Degree College,VIJAYAWADA ,Andhra Pradesh,"0866–2567032,2412049,2475866",-,-
TRIVENI TEACHER TRAINING COLLEGE, ,Haryana,-,-,-
TRIVENI TEACHER TRAINING COLLEGE, ,Rajasthan,-,-,-
Tropical Health Foundation of India,TRICHUR ,Kerala,-,-,-
TRP Engineering College, ,Tamil Nadu,04313058940,principal_trpec@yahoo.com,www.trpengg.ac.in
TRR Engineering College, ,Andhra Pradesh,040-66364634/35,info@trrinstitutions.com,http://www.trrec.com/
Truba College of Engineering & Technology, ,Madhya Pradesh,"0731-3240041-43,5056392,4220040",-,www.trubainstitute.com
Truba Institute of Engineering & Information Technology.,GANDHINAGAR ,Madhya Pradesh,"0755-2734690-91-94,4220040",info@trubainstitute.ac.in,www.trubainstitute.com
Trupti Womens College, ,Orissa,-,-,-
TSS Smt VU Patil Arts & Late Dr BS Sc, ,Maharashtra,-,-,-
TSubbarami Reddy & TBalarama Krishna Degree College, ,Andhra Pradesh,-,-,-
TTL COLLEGE OF BUSINESS MGT,MYSORE ,Karnataka,0821-23406420821-2540783,kbvenkatesha@rediffmail.com,-
Tudi Ram Reddy Institution of Technology and Sciences, ,Andhra Pradesh,+919849798674,support@tudigroup.com,http://www.tudigroup.com/
Tufanganj College, ,West Bengal,-,-,-
"Tukkar School Of Nurisng , Belgaum",BELGAUM ,Karnataka,-,-,-
Tula's Institute, ,Uttaranchal,"0135-6451918,44",tula_dun@rediffmail.com,www.ret.co.in
Tula's Institute, ,Uttar Pradesh,+91-7579415180,-,www.tulasinstitute.com
"Tulabi Anm Training Centre , Kendrapara",KENDRAPARA ,Orissa,-,-,-
Tulajabhavani Mahavidyalaya, ,Maharashtra,-,-,-
"Tulasi G N M Training Centre, Kendrapara",KENDRAPARA ,Orissa,-,-,-
Tulasi Women's College, ,Orissa,-,-,-
Tulasi Womens College, ,Orissa,-,-,-
Tuli College of Hotel Management, ,Maharashtra,"0712-6644305,9422114055",tuli_c_hm@rediffmail.com,www.eduattuli.com/neweduattuli/tulicollegeofhm/ind
TULJABHAVANI SEVA PRATISHTHANS WOMENS EDUCATION COLLEGE, ,Maharashtra,-,-,-
"Tulshiramji Shebe School Of Nursing,Yavatmal",YAVATMAL ,Maharashtra,-,-,-
TULSI DASS DEGREE COLLEGE, ,Uttar Pradesh,-,-,-
TULSI TEACHER TRAINING COLLEGE, ,Haryana,-,-,-
Tulsiramji Gaikwad Patil College of Engineering and Technology, ,Maharashtra,07103-203473/75,admgpgi@gmail.comvidarbhabuss@yahoo.co.in,http://www.tgpcet.com
"Tulza Bhavani College Of Nursing , Bijapur",BIJAPUR ,Karnataka,-,-,-
Tumkur University, ,Karnataka,"0816-2254546,0816-2255596",tumkuruniversity2004@gmail.com,www.tumkuruniversity.in
TUNGA BHADRA TEACHERS TRAINING CENTRE, ,Karnataka,-,-,-
Tunga Mahavidyalaya, ,Karnataka,-,-,-
"Tungabhadra School Of Nursing , Bellary",BELLARY ,Karnataka,-,-,-
TUNGABHADRA SHIKSHANA SAMSTHE(R), ,Karnataka,-,-,-
"Tura Christian Hospital, School Of Nursing , Tura", ,Meghalaya,-,-,-
Tura Government College, ,Meghalaya,-,-,-
Tura Law College, ,Meghalaya,-,-,-
Tusra Degree College, ,Orissa,-,-,-
TVS TEACHER TRAINING ACADEMY LAKSHMI VIDYA SANGHAM, ,Tamil Nadu,-,-,-
TYAGA Institute of Advanced Studies and Research,CUTTACK ,Orissa,-,-,-
